{
  "type": "FeatureCollection",
  "name": "SYNTHETIC_Lake_View_Parcels",
  "properties": {
    "synthetic": true,
    "disclaimer": "Synthetic local-metre district. Approximate demo placement near Delhi (28.62 N, 77.05 E); not surveyed, issued or authoritative.",
    "notOfficialULPIN": true
  },
  "features": [
    {
      "type": "Feature",
      "id": "PAR-A1-11",
      "geometry": {
        "type": "Polygon",
        "coordinates": [
          [
            [
              77.04581450619496,
              28.623674092705713
            ],
            [
              77.04581450619496,
              28.62347197269134
            ],
            [
              77.04604475952164,
              28.62347197269134
            ],
            [
              77.04604475952164,
              28.623674092705713
            ],
            [
              77.04581450619496,
              28.623674092705713
            ]
          ]
        ]
      },
      "properties": {
        "synthetic": true,
        "ulpin_demo": "11007510000001",
        "building_id": "BLD-0001",
        "parcel_id": "PAR-A1-11",
        "owner_fictional": "Kavya Sethi",
        "floors": 6,
        "height_m": 19.200000000000003,
        "parcel_area_m2": 506.25,
        "footprint_m2": 210
      }
    },
    {
      "type": "Feature",
      "id": "PAR-A1-21",
      "geometry": {
        "type": "Polygon",
        "coordinates": [
          [
            [
              77.04604475952164,
              28.623674092705713
            ],
            [
              77.04604475952164,
              28.62347197269134
            ],
            [
              77.04627501284833,
              28.62347197269134
            ],
            [
              77.04627501284833,
              28.623674092705713
            ],
            [
              77.04604475952164,
              28.623674092705713
            ]
          ]
        ]
      },
      "properties": {
        "synthetic": true,
        "ulpin_demo": "11007510000002",
        "building_id": "BLD-0002",
        "parcel_id": "PAR-A1-21",
        "owner_fictional": "Diya Malhotra",
        "floors": 3,
        "height_m": 9.600000000000001,
        "parcel_area_m2": 506.25,
        "footprint_m2": 196
      }
    },
    {
      "type": "Feature",
      "id": "PAR-A1-31",
      "geometry": {
        "type": "Polygon",
        "coordinates": [
          [
            [
              77.04627501284833,
              28.623674092705713
            ],
            [
              77.04627501284833,
              28.62347197269134
            ],
            [
              77.046505266175,
              28.62347197269134
            ],
            [
              77.046505266175,
              28.623674092705713
            ],
            [
              77.04627501284833,
              28.623674092705713
            ]
          ]
        ]
      },
      "properties": {
        "synthetic": true,
        "ulpin_demo": "11007510000003",
        "building_id": "BLD-0003",
        "parcel_id": "PAR-A1-31",
        "owner_fictional": "Tara Khanna",
        "floors": 6,
        "height_m": 19.200000000000003,
        "parcel_area_m2": 506.25,
        "footprint_m2": 240
      }
    },
    {
      "type": "Feature",
      "id": "PAR-A1-41",
      "geometry": {
        "type": "Polygon",
        "coordinates": [
          [
            [
              77.046505266175,
              28.623674092705713
            ],
            [
              77.046505266175,
              28.62347197269134
            ],
            [
              77.0467355195017,
              28.62347197269134
            ],
            [
              77.0467355195017,
              28.623674092705713
            ],
            [
              77.046505266175,
              28.623674092705713
            ]
          ]
        ]
      },
      "properties": {
        "synthetic": true,
        "ulpin_demo": "11007510000004",
        "building_id": "BLD-0004",
        "parcel_id": "PAR-A1-41",
        "owner_fictional": "Tara Khanna",
        "floors": 4,
        "height_m": 12.8,
        "parcel_area_m2": 506.25,
        "footprint_m2": 238
      }
    },
    {
      "type": "Feature",
      "id": "PAR-A1-12",
      "geometry": {
        "type": "Polygon",
        "coordinates": [
          [
            [
              77.04581450619496,
              28.62347197269134
            ],
            [
              77.04581450619496,
              28.62326985267697
            ],
            [
              77.04604475952164,
              28.62326985267697
            ],
            [
              77.04604475952164,
              28.62347197269134
            ],
            [
              77.04581450619496,
              28.62347197269134
            ]
          ]
        ]
      },
      "properties": {
        "synthetic": true,
        "ulpin_demo": "11007510000005",
        "building_id": "BLD-0005",
        "parcel_id": "PAR-A1-12",
        "owner_fictional": "Diya Malhotra",
        "floors": 5,
        "height_m": 16,
        "parcel_area_m2": 506.25,
        "footprint_m2": 224
      }
    },
    {
      "type": "Feature",
      "id": "PAR-A1-22",
      "geometry": {
        "type": "Polygon",
        "coordinates": [
          [
            [
              77.04604475952164,
              28.62347197269134
            ],
            [
              77.04604475952164,
              28.62326985267697
            ],
            [
              77.04627501284833,
              28.62326985267697
            ],
            [
              77.04627501284833,
              28.62347197269134
            ],
            [
              77.04604475952164,
              28.62347197269134
            ]
          ]
        ]
      },
      "properties": {
        "synthetic": true,
        "ulpin_demo": "11007510000006",
        "building_id": "BLD-0006",
        "parcel_id": "PAR-A1-22",
        "owner_fictional": "Vihaan Joshi",
        "floors": 6,
        "height_m": 19.200000000000003,
        "parcel_area_m2": 506.25,
        "footprint_m2": 221
      }
    },
    {
      "type": "Feature",
      "id": "PAR-A1-32",
      "geometry": {
        "type": "Polygon",
        "coordinates": [
          [
            [
              77.04627501284833,
              28.62347197269134
            ],
            [
              77.04627501284833,
              28.62326985267697
            ],
            [
              77.046505266175,
              28.62326985267697
            ],
            [
              77.046505266175,
              28.62347197269134
            ],
            [
              77.04627501284833,
              28.62347197269134
            ]
          ]
        ]
      },
      "properties": {
        "synthetic": true,
        "ulpin_demo": "11007510000007",
        "building_id": "BLD-0007",
        "parcel_id": "PAR-A1-32",
        "owner_fictional": "Sana Gill",
        "floors": 3,
        "height_m": 9.600000000000001,
        "parcel_area_m2": 506.25,
        "footprint_m2": 156
      }
    },
    {
      "type": "Feature",
      "id": "PAR-A1-42",
      "geometry": {
        "type": "Polygon",
        "coordinates": [
          [
            [
              77.046505266175,
              28.62347197269134
            ],
            [
              77.046505266175,
              28.62326985267697
            ],
            [
              77.0467355195017,
              28.62326985267697
            ],
            [
              77.0467355195017,
              28.62347197269134
            ],
            [
              77.046505266175,
              28.62347197269134
            ]
          ]
        ]
      },
      "properties": {
        "synthetic": true,
        "ulpin_demo": "11007510000008",
        "building_id": "BLD-0008",
        "parcel_id": "PAR-A1-42",
        "owner_fictional": "Meera Arora",
        "floors": 3,
        "height_m": 9.600000000000001,
        "parcel_area_m2": 506.25,
        "footprint_m2": 195
      }
    },
    {
      "type": "Feature",
      "id": "PAR-A1-13",
      "geometry": {
        "type": "Polygon",
        "coordinates": [
          [
            [
              77.04581450619496,
              28.62326985267697
            ],
            [
              77.04581450619496,
              28.623067732662594
            ],
            [
              77.04604475952164,
              28.623067732662594
            ],
            [
              77.04604475952164,
              28.62326985267697
            ],
            [
              77.04581450619496,
              28.62326985267697
            ]
          ]
        ]
      },
      "properties": {
        "synthetic": true,
        "ulpin_demo": "11007510000009",
        "building_id": "BLD-0009",
        "parcel_id": "PAR-A1-13",
        "owner_fictional": "Arjun Sinha",
        "floors": 3,
        "height_m": 9.600000000000001,
        "parcel_area_m2": 506.25,
        "footprint_m2": 210
      }
    },
    {
      "type": "Feature",
      "id": "PAR-A1-23",
      "geometry": {
        "type": "Polygon",
        "coordinates": [
          [
            [
              77.04604475952164,
              28.62326985267697
            ],
            [
              77.04604475952164,
              28.623067732662594
            ],
            [
              77.04627501284833,
              28.623067732662594
            ],
            [
              77.04627501284833,
              28.62326985267697
            ],
            [
              77.04604475952164,
              28.62326985267697
            ]
          ]
        ]
      },
      "properties": {
        "synthetic": true,
        "ulpin_demo": "11007510000010",
        "building_id": "BLD-0010",
        "parcel_id": "PAR-A1-23",
        "owner_fictional": "Aarav Mehta",
        "floors": 6,
        "height_m": 19.200000000000003,
        "parcel_area_m2": 506.25,
        "footprint_m2": 221
      }
    },
    {
      "type": "Feature",
      "id": "PAR-A1-33",
      "geometry": {
        "type": "Polygon",
        "coordinates": [
          [
            [
              77.04627501284833,
              28.62326985267697
            ],
            [
              77.04627501284833,
              28.623067732662594
            ],
            [
              77.046505266175,
              28.623067732662594
            ],
            [
              77.046505266175,
              28.62326985267697
            ],
            [
              77.04627501284833,
              28.62326985267697
            ]
          ]
        ]
      },
      "properties": {
        "synthetic": true,
        "ulpin_demo": "11007510000011",
        "building_id": "BLD-0011",
        "parcel_id": "PAR-A1-33",
        "owner_fictional": "Kavya Sethi",
        "floors": 3,
        "height_m": 9.600000000000001,
        "parcel_area_m2": 506.25,
        "footprint_m2": 224
      }
    },
    {
      "type": "Feature",
      "id": "PAR-A1-43",
      "geometry": {
        "type": "Polygon",
        "coordinates": [
          [
            [
              77.046505266175,
              28.62326985267697
            ],
            [
              77.046505266175,
              28.623067732662594
            ],
            [
              77.0467355195017,
              28.623067732662594
            ],
            [
              77.0467355195017,
              28.62326985267697
            ],
            [
              77.046505266175,
              28.62326985267697
            ]
          ]
        ]
      },
      "properties": {
        "synthetic": true,
        "ulpin_demo": "11007510000012",
        "building_id": "BLD-0012",
        "parcel_id": "PAR-A1-43",
        "owner_fictional": "Tara Khanna",
        "floors": 5,
        "height_m": 16,
        "parcel_area_m2": 506.25,
        "footprint_m2": 252
      }
    },
    {
      "type": "Feature",
      "id": "PAR-A1-14",
      "geometry": {
        "type": "Polygon",
        "coordinates": [
          [
            [
              77.04581450619496,
              28.623067732662594
            ],
            [
              77.04581450619496,
              28.622865612648223
            ],
            [
              77.04604475952164,
              28.622865612648223
            ],
            [
              77.04604475952164,
              28.623067732662594
            ],
            [
              77.04581450619496,
              28.623067732662594
            ]
          ]
        ]
      },
      "properties": {
        "synthetic": true,
        "ulpin_demo": "11007510000013",
        "building_id": "BLD-0013",
        "parcel_id": "PAR-A1-14",
        "owner_fictional": "Kavya Sethi",
        "floors": 4,
        "height_m": 12.8,
        "parcel_area_m2": 506.25,
        "footprint_m2": 224
      }
    },
    {
      "type": "Feature",
      "id": "PAR-A1-24",
      "geometry": {
        "type": "Polygon",
        "coordinates": [
          [
            [
              77.04604475952164,
              28.623067732662594
            ],
            [
              77.04604475952164,
              28.622865612648223
            ],
            [
              77.04627501284833,
              28.622865612648223
            ],
            [
              77.04627501284833,
              28.623067732662594
            ],
            [
              77.04604475952164,
              28.623067732662594
            ]
          ]
        ]
      },
      "properties": {
        "synthetic": true,
        "ulpin_demo": "11007510000014",
        "building_id": "BLD-0014",
        "parcel_id": "PAR-A1-24",
        "owner_fictional": "Ananya Rao",
        "floors": 5,
        "height_m": 16,
        "parcel_area_m2": 506.25,
        "footprint_m2": 156
      }
    },
    {
      "type": "Feature",
      "id": "PAR-A1-34",
      "geometry": {
        "type": "Polygon",
        "coordinates": [
          [
            [
              77.04627501284833,
              28.623067732662594
            ],
            [
              77.04627501284833,
              28.622865612648223
            ],
            [
              77.046505266175,
              28.622865612648223
            ],
            [
              77.046505266175,
              28.623067732662594
            ],
            [
              77.04627501284833,
              28.623067732662594
            ]
          ]
        ]
      },
      "properties": {
        "synthetic": true,
        "ulpin_demo": "11007510000015",
        "building_id": "BLD-0015",
        "parcel_id": "PAR-A1-34",
        "owner_fictional": "Tara Khanna",
        "floors": 5,
        "height_m": 16,
        "parcel_area_m2": 506.25,
        "footprint_m2": 182
      }
    },
    {
      "type": "Feature",
      "id": "PAR-A1-44",
      "geometry": {
        "type": "Polygon",
        "coordinates": [
          [
            [
              77.046505266175,
              28.623067732662594
            ],
            [
              77.046505266175,
              28.622865612648223
            ],
            [
              77.0467355195017,
              28.622865612648223
            ],
            [
              77.0467355195017,
              28.623067732662594
            ],
            [
              77.046505266175,
              28.623067732662594
            ]
          ]
        ]
      },
      "properties": {
        "synthetic": true,
        "ulpin_demo": "11007510000016",
        "building_id": "BLD-0016",
        "parcel_id": "PAR-A1-44",
        "owner_fictional": "Kavya Sethi",
        "floors": 3,
        "height_m": 9.600000000000001,
        "parcel_area_m2": 506.25,
        "footprint_m2": 168
      }
    },
    {
      "type": "Feature",
      "id": "PAR-A2-11",
      "geometry": {
        "type": "Polygon",
        "coordinates": [
          [
            [
              77.04687878823829,
              28.623674092705713
            ],
            [
              77.04687878823829,
              28.62347197269134
            ],
            [
              77.04710904156498,
              28.62347197269134
            ],
            [
              77.04710904156498,
              28.623674092705713
            ],
            [
              77.04687878823829,
              28.623674092705713
            ]
          ]
        ]
      },
      "properties": {
        "synthetic": true,
        "ulpin_demo": "11007510000017",
        "building_id": "BLD-0017",
        "parcel_id": "PAR-A2-11",
        "owner_fictional": "Riya Saxena",
        "floors": 4,
        "height_m": 12.8,
        "parcel_area_m2": 506.25,
        "footprint_m2": 252
      }
    },
    {
      "type": "Feature",
      "id": "PAR-A2-21",
      "geometry": {
        "type": "Polygon",
        "coordinates": [
          [
            [
              77.04710904156498,
              28.623674092705713
            ],
            [
              77.04710904156498,
              28.62347197269134
            ],
            [
              77.04733929489166,
              28.62347197269134
            ],
            [
              77.04733929489166,
              28.623674092705713
            ],
            [
              77.04710904156498,
              28.623674092705713
            ]
          ]
        ]
      },
      "properties": {
        "synthetic": true,
        "ulpin_demo": "11007510000018",
        "building_id": "BLD-0018",
        "parcel_id": "PAR-A2-21",
        "owner_fictional": "Meera Arora",
        "floors": 6,
        "height_m": 19.200000000000003,
        "parcel_area_m2": 506.25,
        "footprint_m2": 272
      }
    },
    {
      "type": "Feature",
      "id": "PAR-A2-31",
      "geometry": {
        "type": "Polygon",
        "coordinates": [
          [
            [
              77.04733929489166,
              28.623674092705713
            ],
            [
              77.04733929489166,
              28.62347197269134
            ],
            [
              77.04756954821833,
              28.62347197269134
            ],
            [
              77.04756954821833,
              28.623674092705713
            ],
            [
              77.04733929489166,
              28.623674092705713
            ]
          ]
        ]
      },
      "properties": {
        "synthetic": true,
        "ulpin_demo": "11007510000019",
        "building_id": "BLD-0019",
        "parcel_id": "PAR-A2-31",
        "owner_fictional": "Vihaan Joshi",
        "floors": 4,
        "height_m": 12.8,
        "parcel_area_m2": 506.25,
        "footprint_m2": 182
      }
    },
    {
      "type": "Feature",
      "id": "PAR-A2-41",
      "geometry": {
        "type": "Polygon",
        "coordinates": [
          [
            [
              77.04756954821833,
              28.623674092705713
            ],
            [
              77.04756954821833,
              28.62347197269134
            ],
            [
              77.04779980154503,
              28.62347197269134
            ],
            [
              77.04779980154503,
              28.623674092705713
            ],
            [
              77.04756954821833,
              28.623674092705713
            ]
          ]
        ]
      },
      "properties": {
        "synthetic": true,
        "ulpin_demo": "11007510000020",
        "building_id": "BLD-0020",
        "parcel_id": "PAR-A2-41",
        "owner_fictional": "Nisha Anand",
        "floors": 3,
        "height_m": 9.600000000000001,
        "parcel_area_m2": 506.25,
        "footprint_m2": 182
      }
    },
    {
      "type": "Feature",
      "id": "PAR-A2-12",
      "geometry": {
        "type": "Polygon",
        "coordinates": [
          [
            [
              77.04687878823829,
              28.62347197269134
            ],
            [
              77.04687878823829,
              28.62326985267697
            ],
            [
              77.04710904156498,
              28.62326985267697
            ],
            [
              77.04710904156498,
              28.62347197269134
            ],
            [
              77.04687878823829,
              28.62347197269134
            ]
          ]
        ]
      },
      "properties": {
        "synthetic": true,
        "ulpin_demo": "11007510000021",
        "building_id": "BLD-0021",
        "parcel_id": "PAR-A2-12",
        "owner_fictional": "Vihaan Joshi",
        "floors": 4,
        "height_m": 12.8,
        "parcel_area_m2": 506.25,
        "footprint_m2": 225
      }
    },
    {
      "type": "Feature",
      "id": "PAR-A2-22",
      "geometry": {
        "type": "Polygon",
        "coordinates": [
          [
            [
              77.04710904156498,
              28.62347197269134
            ],
            [
              77.04710904156498,
              28.62326985267697
            ],
            [
              77.04733929489166,
              28.62326985267697
            ],
            [
              77.04733929489166,
              28.62347197269134
            ],
            [
              77.04710904156498,
              28.62347197269134
            ]
          ]
        ]
      },
      "properties": {
        "synthetic": true,
        "ulpin_demo": "11007510000022",
        "building_id": "BLD-0022",
        "parcel_id": "PAR-A2-22",
        "owner_fictional": "Rohan Batra",
        "floors": 6,
        "height_m": 19.200000000000003,
        "parcel_area_m2": 506.25,
        "footprint_m2": 306
      }
    },
    {
      "type": "Feature",
      "id": "PAR-A2-32",
      "geometry": {
        "type": "Polygon",
        "coordinates": [
          [
            [
              77.04733929489166,
              28.62347197269134
            ],
            [
              77.04733929489166,
              28.62326985267697
            ],
            [
              77.04756954821833,
              28.62326985267697
            ],
            [
              77.04756954821833,
              28.62347197269134
            ],
            [
              77.04733929489166,
              28.62347197269134
            ]
          ]
        ]
      },
      "properties": {
        "synthetic": true,
        "ulpin_demo": "11007510000023",
        "building_id": "BLD-0023",
        "parcel_id": "PAR-A2-32",
        "owner_fictional": "Vihaan Joshi",
        "floors": 6,
        "height_m": 19.200000000000003,
        "parcel_area_m2": 506.25,
        "footprint_m2": 156
      }
    },
    {
      "type": "Feature",
      "id": "PAR-A2-42",
      "geometry": {
        "type": "Polygon",
        "coordinates": [
          [
            [
              77.04756954821833,
              28.62347197269134
            ],
            [
              77.04756954821833,
              28.62326985267697
            ],
            [
              77.04779980154503,
              28.62326985267697
            ],
            [
              77.04779980154503,
              28.62347197269134
            ],
            [
              77.04756954821833,
              28.62347197269134
            ]
          ]
        ]
      },
      "properties": {
        "synthetic": true,
        "ulpin_demo": "11007510000024",
        "building_id": "BLD-0024",
        "parcel_id": "PAR-A2-42",
        "owner_fictional": "Diya Malhotra",
        "floors": 4,
        "height_m": 12.8,
        "parcel_area_m2": 506.25,
        "footprint_m2": 255
      }
    },
    {
      "type": "Feature",
      "id": "PAR-A2-13",
      "geometry": {
        "type": "Polygon",
        "coordinates": [
          [
            [
              77.04687878823829,
              28.62326985267697
            ],
            [
              77.04687878823829,
              28.623067732662594
            ],
            [
              77.04710904156498,
              28.623067732662594
            ],
            [
              77.04710904156498,
              28.62326985267697
            ],
            [
              77.04687878823829,
              28.62326985267697
            ]
          ]
        ]
      },
      "properties": {
        "synthetic": true,
        "ulpin_demo": "11007510000025",
        "building_id": "BLD-0025",
        "parcel_id": "PAR-A2-13",
        "owner_fictional": "Vihaan Joshi",
        "floors": 4,
        "height_m": 12.8,
        "parcel_area_m2": 506.25,
        "footprint_m2": 240
      }
    },
    {
      "type": "Feature",
      "id": "PAR-A2-23",
      "geometry": {
        "type": "Polygon",
        "coordinates": [
          [
            [
              77.04710904156498,
              28.62326985267697
            ],
            [
              77.04710904156498,
              28.623067732662594
            ],
            [
              77.04733929489166,
              28.623067732662594
            ],
            [
              77.04733929489166,
              28.62326985267697
            ],
            [
              77.04710904156498,
              28.62326985267697
            ]
          ]
        ]
      },
      "properties": {
        "synthetic": true,
        "ulpin_demo": "11007510000026",
        "building_id": "BLD-0026",
        "parcel_id": "PAR-A2-23",
        "owner_fictional": "Tara Khanna",
        "floors": 4,
        "height_m": 12.8,
        "parcel_area_m2": 506.25,
        "footprint_m2": 224
      }
    },
    {
      "type": "Feature",
      "id": "PAR-A2-33",
      "geometry": {
        "type": "Polygon",
        "coordinates": [
          [
            [
              77.04733929489166,
              28.62326985267697
            ],
            [
              77.04733929489166,
              28.623067732662594
            ],
            [
              77.04756954821833,
              28.623067732662594
            ],
            [
              77.04756954821833,
              28.62326985267697
            ],
            [
              77.04733929489166,
              28.62326985267697
            ]
          ]
        ]
      },
      "properties": {
        "synthetic": true,
        "ulpin_demo": "11007510000027",
        "building_id": "BLD-0027",
        "parcel_id": "PAR-A2-33",
        "owner_fictional": "Dev Ahuja",
        "floors": 3,
        "height_m": 9.600000000000001,
        "parcel_area_m2": 506.25,
        "footprint_m2": 234
      }
    },
    {
      "type": "Feature",
      "id": "PAR-A2-43",
      "geometry": {
        "type": "Polygon",
        "coordinates": [
          [
            [
              77.04756954821833,
              28.62326985267697
            ],
            [
              77.04756954821833,
              28.623067732662594
            ],
            [
              77.04779980154503,
              28.623067732662594
            ],
            [
              77.04779980154503,
              28.62326985267697
            ],
            [
              77.04756954821833,
              28.62326985267697
            ]
          ]
        ]
      },
      "properties": {
        "synthetic": true,
        "ulpin_demo": "11007510000028",
        "building_id": "BLD-0028",
        "parcel_id": "PAR-A2-43",
        "owner_fictional": "Aarav Mehta",
        "floors": 4,
        "height_m": 12.8,
        "parcel_area_m2": 506.25,
        "footprint_m2": 306
      }
    },
    {
      "type": "Feature",
      "id": "PAR-A2-14",
      "geometry": {
        "type": "Polygon",
        "coordinates": [
          [
            [
              77.04687878823829,
              28.623067732662594
            ],
            [
              77.04687878823829,
              28.622865612648223
            ],
            [
              77.04710904156498,
              28.622865612648223
            ],
            [
              77.04710904156498,
              28.623067732662594
            ],
            [
              77.04687878823829,
              28.623067732662594
            ]
          ]
        ]
      },
      "properties": {
        "synthetic": true,
        "ulpin_demo": "11007510000029",
        "building_id": "BLD-0029",
        "parcel_id": "PAR-A2-14",
        "owner_fictional": "Neel Kapoor",
        "floors": 3,
        "height_m": 9.600000000000001,
        "parcel_area_m2": 506.25,
        "footprint_m2": 252
      }
    },
    {
      "type": "Feature",
      "id": "PAR-A2-24",
      "geometry": {
        "type": "Polygon",
        "coordinates": [
          [
            [
              77.04710904156498,
              28.623067732662594
            ],
            [
              77.04710904156498,
              28.622865612648223
            ],
            [
              77.04733929489166,
              28.622865612648223
            ],
            [
              77.04733929489166,
              28.623067732662594
            ],
            [
              77.04710904156498,
              28.623067732662594
            ]
          ]
        ]
      },
      "properties": {
        "synthetic": true,
        "ulpin_demo": "11007510000030",
        "building_id": "BLD-0030",
        "parcel_id": "PAR-A2-24",
        "owner_fictional": "Vihaan Joshi",
        "floors": 3,
        "height_m": 9.600000000000001,
        "parcel_area_m2": 506.25,
        "footprint_m2": 196
      }
    },
    {
      "type": "Feature",
      "id": "PAR-A2-34",
      "geometry": {
        "type": "Polygon",
        "coordinates": [
          [
            [
              77.04733929489166,
              28.623067732662594
            ],
            [
              77.04733929489166,
              28.622865612648223
            ],
            [
              77.04756954821833,
              28.622865612648223
            ],
            [
              77.04756954821833,
              28.623067732662594
            ],
            [
              77.04733929489166,
              28.623067732662594
            ]
          ]
        ]
      },
      "properties": {
        "synthetic": true,
        "ulpin_demo": "11007510000031",
        "building_id": "BLD-0031",
        "parcel_id": "PAR-A2-34",
        "owner_fictional": "Diya Malhotra",
        "floors": 6,
        "height_m": 19.200000000000003,
        "parcel_area_m2": 506.25,
        "footprint_m2": 272
      }
    },
    {
      "type": "Feature",
      "id": "PAR-A2-44",
      "geometry": {
        "type": "Polygon",
        "coordinates": [
          [
            [
              77.04756954821833,
              28.623067732662594
            ],
            [
              77.04756954821833,
              28.622865612648223
            ],
            [
              77.04779980154503,
              28.622865612648223
            ],
            [
              77.04779980154503,
              28.623067732662594
            ],
            [
              77.04756954821833,
              28.623067732662594
            ]
          ]
        ]
      },
      "properties": {
        "synthetic": true,
        "ulpin_demo": "11007510000032",
        "building_id": "BLD-0032",
        "parcel_id": "PAR-A2-44",
        "owner_fictional": "Ananya Rao",
        "floors": 3,
        "height_m": 9.600000000000001,
        "parcel_area_m2": 506.25,
        "footprint_m2": 240
      }
    },
    {
      "type": "Feature",
      "id": "PAR-A3-11",
      "geometry": {
        "type": "Polygon",
        "coordinates": [
          [
            [
              77.04794307028163,
              28.623674092705713
            ],
            [
              77.04794307028163,
              28.62347197269134
            ],
            [
              77.04817332360831,
              28.62347197269134
            ],
            [
              77.04817332360831,
              28.623674092705713
            ],
            [
              77.04794307028163,
              28.623674092705713
            ]
          ]
        ]
      },
      "properties": {
        "synthetic": true,
        "ulpin_demo": "11007510000033",
        "building_id": "BLD-0033",
        "parcel_id": "PAR-A3-11",
        "owner_fictional": "Diya Malhotra",
        "floors": 4,
        "height_m": 12.8,
        "parcel_area_m2": 506.25,
        "footprint_m2": 240
      }
    },
    {
      "type": "Feature",
      "id": "PAR-A3-21",
      "geometry": {
        "type": "Polygon",
        "coordinates": [
          [
            [
              77.04817332360831,
              28.623674092705713
            ],
            [
              77.04817332360831,
              28.62347197269134
            ],
            [
              77.04840357693499,
              28.62347197269134
            ],
            [
              77.04840357693499,
              28.623674092705713
            ],
            [
              77.04817332360831,
              28.623674092705713
            ]
          ]
        ]
      },
      "properties": {
        "synthetic": true,
        "ulpin_demo": "11007510000034",
        "building_id": "BLD-0034",
        "parcel_id": "PAR-A3-21",
        "owner_fictional": "Nisha Anand",
        "floors": 6,
        "height_m": 19.200000000000003,
        "parcel_area_m2": 506.25,
        "footprint_m2": 208
      }
    },
    {
      "type": "Feature",
      "id": "PAR-A3-31",
      "geometry": {
        "type": "Polygon",
        "coordinates": [
          [
            [
              77.04840357693499,
              28.623674092705713
            ],
            [
              77.04840357693499,
              28.62347197269134
            ],
            [
              77.04863383026168,
              28.62347197269134
            ],
            [
              77.04863383026168,
              28.623674092705713
            ],
            [
              77.04840357693499,
              28.623674092705713
            ]
          ]
        ]
      },
      "properties": {
        "synthetic": true,
        "ulpin_demo": "11007510000035",
        "building_id": "BLD-0035",
        "parcel_id": "PAR-A3-31",
        "owner_fictional": "Vihaan Joshi",
        "floors": 6,
        "height_m": 19.200000000000003,
        "parcel_area_m2": 506.25,
        "footprint_m2": 224
      }
    },
    {
      "type": "Feature",
      "id": "PAR-A3-41",
      "geometry": {
        "type": "Polygon",
        "coordinates": [
          [
            [
              77.04863383026168,
              28.623674092705713
            ],
            [
              77.04863383026168,
              28.62347197269134
            ],
            [
              77.04886408358836,
              28.62347197269134
            ],
            [
              77.04886408358836,
              28.623674092705713
            ],
            [
              77.04863383026168,
              28.623674092705713
            ]
          ]
        ]
      },
      "properties": {
        "synthetic": true,
        "ulpin_demo": "11007510000036",
        "building_id": "BLD-0036",
        "parcel_id": "PAR-A3-41",
        "owner_fictional": "Diya Malhotra",
        "floors": 6,
        "height_m": 19.200000000000003,
        "parcel_area_m2": 506.25,
        "footprint_m2": 221
      }
    },
    {
      "type": "Feature",
      "id": "PAR-A3-12",
      "geometry": {
        "type": "Polygon",
        "coordinates": [
          [
            [
              77.04794307028163,
              28.62347197269134
            ],
            [
              77.04794307028163,
              28.62326985267697
            ],
            [
              77.04817332360831,
              28.62326985267697
            ],
            [
              77.04817332360831,
              28.62347197269134
            ],
            [
              77.04794307028163,
              28.62347197269134
            ]
          ]
        ]
      },
      "properties": {
        "synthetic": true,
        "ulpin_demo": "11007510000037",
        "building_id": "BLD-0037",
        "parcel_id": "PAR-A3-12",
        "owner_fictional": "Tara Khanna",
        "floors": 5,
        "height_m": 16,
        "parcel_area_m2": 506.25,
        "footprint_m2": 216
      }
    },
    {
      "type": "Feature",
      "id": "PAR-A3-22",
      "geometry": {
        "type": "Polygon",
        "coordinates": [
          [
            [
              77.04817332360831,
              28.62347197269134
            ],
            [
              77.04817332360831,
              28.62326985267697
            ],
            [
              77.04840357693499,
              28.62326985267697
            ],
            [
              77.04840357693499,
              28.62347197269134
            ],
            [
              77.04817332360831,
              28.62347197269134
            ]
          ]
        ]
      },
      "properties": {
        "synthetic": true,
        "ulpin_demo": "11007510000038",
        "building_id": "BLD-0038",
        "parcel_id": "PAR-A3-22",
        "owner_fictional": "Kabir Nair",
        "floors": 3,
        "height_m": 9.600000000000001,
        "parcel_area_m2": 506.25,
        "footprint_m2": 289
      }
    },
    {
      "type": "Feature",
      "id": "PAR-A3-32",
      "geometry": {
        "type": "Polygon",
        "coordinates": [
          [
            [
              77.04840357693499,
              28.62347197269134
            ],
            [
              77.04840357693499,
              28.62326985267697
            ],
            [
              77.04863383026168,
              28.62326985267697
            ],
            [
              77.04863383026168,
              28.62347197269134
            ],
            [
              77.04840357693499,
              28.62347197269134
            ]
          ]
        ]
      },
      "properties": {
        "synthetic": true,
        "ulpin_demo": "11007510000039",
        "building_id": "BLD-0039",
        "parcel_id": "PAR-A3-32",
        "owner_fictional": "Meera Arora",
        "floors": 5,
        "height_m": 16,
        "parcel_area_m2": 506.25,
        "footprint_m2": 192
      }
    },
    {
      "type": "Feature",
      "id": "PAR-A3-42",
      "geometry": {
        "type": "Polygon",
        "coordinates": [
          [
            [
              77.04863383026168,
              28.62347197269134
            ],
            [
              77.04863383026168,
              28.62326985267697
            ],
            [
              77.04886408358836,
              28.62326985267697
            ],
            [
              77.04886408358836,
              28.62347197269134
            ],
            [
              77.04863383026168,
              28.62347197269134
            ]
          ]
        ]
      },
      "properties": {
        "synthetic": true,
        "ulpin_demo": "11007510000040",
        "building_id": "BLD-0040",
        "parcel_id": "PAR-A3-42",
        "owner_fictional": "Ananya Rao",
        "floors": 6,
        "height_m": 19.200000000000003,
        "parcel_area_m2": 506.25,
        "footprint_m2": 288
      }
    },
    {
      "type": "Feature",
      "id": "PAR-A3-13",
      "geometry": {
        "type": "Polygon",
        "coordinates": [
          [
            [
              77.04794307028163,
              28.62326985267697
            ],
            [
              77.04794307028163,
              28.623067732662594
            ],
            [
              77.04817332360831,
              28.623067732662594
            ],
            [
              77.04817332360831,
              28.62326985267697
            ],
            [
              77.04794307028163,
              28.62326985267697
            ]
          ]
        ]
      },
      "properties": {
        "synthetic": true,
        "ulpin_demo": "11007510000041",
        "building_id": "BLD-0041",
        "parcel_id": "PAR-A3-13",
        "owner_fictional": "Tara Khanna",
        "floors": 6,
        "height_m": 19.200000000000003,
        "parcel_area_m2": 506.25,
        "footprint_m2": 238
      }
    },
    {
      "type": "Feature",
      "id": "PAR-A3-23",
      "geometry": {
        "type": "Polygon",
        "coordinates": [
          [
            [
              77.04817332360831,
              28.62326985267697
            ],
            [
              77.04817332360831,
              28.623067732662594
            ],
            [
              77.04840357693499,
              28.623067732662594
            ],
            [
              77.04840357693499,
              28.62326985267697
            ],
            [
              77.04817332360831,
              28.62326985267697
            ]
          ]
        ]
      },
      "properties": {
        "synthetic": true,
        "ulpin_demo": "11007510000042",
        "building_id": "BLD-0042",
        "parcel_id": "PAR-A3-23",
        "owner_fictional": "Riya Saxena",
        "floors": 5,
        "height_m": 16,
        "parcel_area_m2": 506.25,
        "footprint_m2": 272
      }
    },
    {
      "type": "Feature",
      "id": "PAR-A3-33",
      "geometry": {
        "type": "Polygon",
        "coordinates": [
          [
            [
              77.04840357693499,
              28.62326985267697
            ],
            [
              77.04840357693499,
              28.623067732662594
            ],
            [
              77.04863383026168,
              28.623067732662594
            ],
            [
              77.04863383026168,
              28.62326985267697
            ],
            [
              77.04840357693499,
              28.62326985267697
            ]
          ]
        ]
      },
      "properties": {
        "synthetic": true,
        "ulpin_demo": "11007510000043",
        "building_id": "BLD-0043",
        "parcel_id": "PAR-A3-33",
        "owner_fictional": "Meera Arora",
        "floors": 5,
        "height_m": 16,
        "parcel_area_m2": 506.25,
        "footprint_m2": 208
      }
    },
    {
      "type": "Feature",
      "id": "PAR-A3-43",
      "geometry": {
        "type": "Polygon",
        "coordinates": [
          [
            [
              77.04863383026168,
              28.62326985267697
            ],
            [
              77.04863383026168,
              28.623067732662594
            ],
            [
              77.04886408358836,
              28.623067732662594
            ],
            [
              77.04886408358836,
              28.62326985267697
            ],
            [
              77.04863383026168,
              28.62326985267697
            ]
          ]
        ]
      },
      "properties": {
        "synthetic": true,
        "ulpin_demo": "11007510000044",
        "building_id": "BLD-0044",
        "parcel_id": "PAR-A3-43",
        "owner_fictional": "Aarav Mehta",
        "floors": 5,
        "height_m": 16,
        "parcel_area_m2": 506.25,
        "footprint_m2": 288
      }
    },
    {
      "type": "Feature",
      "id": "PAR-A3-14",
      "geometry": {
        "type": "Polygon",
        "coordinates": [
          [
            [
              77.04794307028163,
              28.623067732662594
            ],
            [
              77.04794307028163,
              28.622865612648223
            ],
            [
              77.04817332360831,
              28.622865612648223
            ],
            [
              77.04817332360831,
              28.623067732662594
            ],
            [
              77.04794307028163,
              28.623067732662594
            ]
          ]
        ]
      },
      "properties": {
        "synthetic": true,
        "ulpin_demo": "11007510000045",
        "building_id": "BLD-0045",
        "parcel_id": "PAR-A3-14",
        "owner_fictional": "Riya Saxena",
        "floors": 3,
        "height_m": 9.600000000000001,
        "parcel_area_m2": 506.25,
        "footprint_m2": 168
      }
    },
    {
      "type": "Feature",
      "id": "PAR-A3-24",
      "geometry": {
        "type": "Polygon",
        "coordinates": [
          [
            [
              77.04817332360831,
              28.623067732662594
            ],
            [
              77.04817332360831,
              28.622865612648223
            ],
            [
              77.04840357693499,
              28.622865612648223
            ],
            [
              77.04840357693499,
              28.623067732662594
            ],
            [
              77.04817332360831,
              28.623067732662594
            ]
          ]
        ]
      },
      "properties": {
        "synthetic": true,
        "ulpin_demo": "11007510000046",
        "building_id": "BLD-0046",
        "parcel_id": "PAR-A3-24",
        "owner_fictional": "Kavya Sethi",
        "floors": 3,
        "height_m": 9.600000000000001,
        "parcel_area_m2": 506.25,
        "footprint_m2": 182
      }
    },
    {
      "type": "Feature",
      "id": "PAR-A3-34",
      "geometry": {
        "type": "Polygon",
        "coordinates": [
          [
            [
              77.04840357693499,
              28.623067732662594
            ],
            [
              77.04840357693499,
              28.622865612648223
            ],
            [
              77.04863383026168,
              28.622865612648223
            ],
            [
              77.04863383026168,
              28.623067732662594
            ],
            [
              77.04840357693499,
              28.623067732662594
            ]
          ]
        ]
      },
      "properties": {
        "synthetic": true,
        "ulpin_demo": "11007510000047",
        "building_id": "BLD-0047",
        "parcel_id": "PAR-A3-34",
        "owner_fictional": "Sana Gill",
        "floors": 3,
        "height_m": 9.600000000000001,
        "parcel_area_m2": 506.25,
        "footprint_m2": 168
      }
    },
    {
      "type": "Feature",
      "id": "PAR-A3-44",
      "geometry": {
        "type": "Polygon",
        "coordinates": [
          [
            [
              77.04863383026168,
              28.623067732662594
            ],
            [
              77.04863383026168,
              28.622865612648223
            ],
            [
              77.04886408358836,
              28.622865612648223
            ],
            [
              77.04886408358836,
              28.623067732662594
            ],
            [
              77.04863383026168,
              28.623067732662594
            ]
          ]
        ]
      },
      "properties": {
        "synthetic": true,
        "ulpin_demo": "11007510000048",
        "building_id": "BLD-0048",
        "parcel_id": "PAR-A3-44",
        "owner_fictional": "Aarav Mehta",
        "floors": 4,
        "height_m": 12.8,
        "parcel_area_m2": 506.25,
        "footprint_m2": 272
      }
    },
    {
      "type": "Feature",
      "id": "PAR-A4-11",
      "geometry": {
        "type": "Polygon",
        "coordinates": [
          [
            [
              77.04900735232496,
              28.623674092705713
            ],
            [
              77.04900735232496,
              28.62347197269134
            ],
            [
              77.04923760565164,
              28.62347197269134
            ],
            [
              77.04923760565164,
              28.623674092705713
            ],
            [
              77.04900735232496,
              28.623674092705713
            ]
          ]
        ]
      },
      "properties": {
        "synthetic": true,
        "ulpin_demo": "11007510000049",
        "building_id": "BLD-0049",
        "parcel_id": "PAR-A4-11",
        "owner_fictional": "Aarav Mehta",
        "floors": 4,
        "height_m": 12.8,
        "parcel_area_m2": 506.25,
        "footprint_m2": 252
      }
    },
    {
      "type": "Feature",
      "id": "PAR-A4-21",
      "geometry": {
        "type": "Polygon",
        "coordinates": [
          [
            [
              77.04923760565164,
              28.623674092705713
            ],
            [
              77.04923760565164,
              28.62347197269134
            ],
            [
              77.04946785897833,
              28.62347197269134
            ],
            [
              77.04946785897833,
              28.623674092705713
            ],
            [
              77.04923760565164,
              28.623674092705713
            ]
          ]
        ]
      },
      "properties": {
        "synthetic": true,
        "ulpin_demo": "11007510000050",
        "building_id": "BLD-0050",
        "parcel_id": "PAR-A4-21",
        "owner_fictional": "Sana Gill",
        "floors": 3,
        "height_m": 9.600000000000001,
        "parcel_area_m2": 506.25,
        "footprint_m2": 168
      }
    },
    {
      "type": "Feature",
      "id": "PAR-A4-31",
      "geometry": {
        "type": "Polygon",
        "coordinates": [
          [
            [
              77.04946785897833,
              28.623674092705713
            ],
            [
              77.04946785897833,
              28.62347197269134
            ],
            [
              77.04969811230501,
              28.62347197269134
            ],
            [
              77.04969811230501,
              28.623674092705713
            ],
            [
              77.04946785897833,
              28.623674092705713
            ]
          ]
        ]
      },
      "properties": {
        "synthetic": true,
        "ulpin_demo": "11007510000051",
        "building_id": "BLD-0051",
        "parcel_id": "PAR-A4-31",
        "owner_fictional": "Nisha Anand",
        "floors": 5,
        "height_m": 16,
        "parcel_area_m2": 506.25,
        "footprint_m2": 196
      }
    },
    {
      "type": "Feature",
      "id": "PAR-A4-41",
      "geometry": {
        "type": "Polygon",
        "coordinates": [
          [
            [
              77.04969811230501,
              28.623674092705713
            ],
            [
              77.04969811230501,
              28.62347197269134
            ],
            [
              77.0499283656317,
              28.62347197269134
            ],
            [
              77.0499283656317,
              28.623674092705713
            ],
            [
              77.04969811230501,
              28.623674092705713
            ]
          ]
        ]
      },
      "properties": {
        "synthetic": true,
        "ulpin_demo": "11007510000052",
        "building_id": "BLD-0052",
        "parcel_id": "PAR-A4-41",
        "owner_fictional": "Diya Malhotra",
        "floors": 3,
        "height_m": 9.600000000000001,
        "parcel_area_m2": 506.25,
        "footprint_m2": 204
      }
    },
    {
      "type": "Feature",
      "id": "PAR-A4-12",
      "geometry": {
        "type": "Polygon",
        "coordinates": [
          [
            [
              77.04900735232496,
              28.62347197269134
            ],
            [
              77.04900735232496,
              28.62326985267697
            ],
            [
              77.04923760565164,
              28.62326985267697
            ],
            [
              77.04923760565164,
              28.62347197269134
            ],
            [
              77.04900735232496,
              28.62347197269134
            ]
          ]
        ]
      },
      "properties": {
        "synthetic": true,
        "ulpin_demo": "11007510000053",
        "building_id": "BLD-0053",
        "parcel_id": "PAR-A4-12",
        "owner_fictional": "Tara Khanna",
        "floors": 5,
        "height_m": 16,
        "parcel_area_m2": 506.25,
        "footprint_m2": 156
      }
    },
    {
      "type": "Feature",
      "id": "PAR-A4-22",
      "geometry": {
        "type": "Polygon",
        "coordinates": [
          [
            [
              77.04923760565164,
              28.62347197269134
            ],
            [
              77.04923760565164,
              28.62326985267697
            ],
            [
              77.04946785897833,
              28.62326985267697
            ],
            [
              77.04946785897833,
              28.62347197269134
            ],
            [
              77.04923760565164,
              28.62347197269134
            ]
          ]
        ]
      },
      "properties": {
        "synthetic": true,
        "ulpin_demo": "11007510000054",
        "building_id": "BLD-0054",
        "parcel_id": "PAR-A4-22",
        "owner_fictional": "Kabir Nair",
        "floors": 6,
        "height_m": 19.200000000000003,
        "parcel_area_m2": 506.25,
        "footprint_m2": 168
      }
    },
    {
      "type": "Feature",
      "id": "PAR-A4-32",
      "geometry": {
        "type": "Polygon",
        "coordinates": [
          [
            [
              77.04946785897833,
              28.62347197269134
            ],
            [
              77.04946785897833,
              28.62326985267697
            ],
            [
              77.04969811230501,
              28.62326985267697
            ],
            [
              77.04969811230501,
              28.62347197269134
            ],
            [
              77.04946785897833,
              28.62347197269134
            ]
          ]
        ]
      },
      "properties": {
        "synthetic": true,
        "ulpin_demo": "11007510000055",
        "building_id": "BLD-0055",
        "parcel_id": "PAR-A4-32",
        "owner_fictional": "Tara Khanna",
        "floors": 4,
        "height_m": 12.8,
        "parcel_area_m2": 506.25,
        "footprint_m2": 255
      }
    },
    {
      "type": "Feature",
      "id": "PAR-A4-42",
      "geometry": {
        "type": "Polygon",
        "coordinates": [
          [
            [
              77.04969811230501,
              28.62347197269134
            ],
            [
              77.04969811230501,
              28.62326985267697
            ],
            [
              77.0499283656317,
              28.62326985267697
            ],
            [
              77.0499283656317,
              28.62347197269134
            ],
            [
              77.04969811230501,
              28.62347197269134
            ]
          ]
        ]
      },
      "properties": {
        "synthetic": true,
        "ulpin_demo": "11007510000056",
        "building_id": "BLD-0056",
        "parcel_id": "PAR-A4-42",
        "owner_fictional": "Sana Gill",
        "floors": 5,
        "height_m": 16,
        "parcel_area_m2": 506.25,
        "footprint_m2": 240
      }
    },
    {
      "type": "Feature",
      "id": "PAR-A4-13",
      "geometry": {
        "type": "Polygon",
        "coordinates": [
          [
            [
              77.04900735232496,
              28.62326985267697
            ],
            [
              77.04900735232496,
              28.623067732662594
            ],
            [
              77.04923760565164,
              28.623067732662594
            ],
            [
              77.04923760565164,
              28.62326985267697
            ],
            [
              77.04900735232496,
              28.62326985267697
            ]
          ]
        ]
      },
      "properties": {
        "synthetic": true,
        "ulpin_demo": "11007510000057",
        "building_id": "BLD-0057",
        "parcel_id": "PAR-A4-13",
        "owner_fictional": "Neel Kapoor",
        "floors": 6,
        "height_m": 19.200000000000003,
        "parcel_area_m2": 506.25,
        "footprint_m2": 240
      }
    },
    {
      "type": "Feature",
      "id": "PAR-A4-23",
      "geometry": {
        "type": "Polygon",
        "coordinates": [
          [
            [
              77.04923760565164,
              28.62326985267697
            ],
            [
              77.04923760565164,
              28.623067732662594
            ],
            [
              77.04946785897833,
              28.623067732662594
            ],
            [
              77.04946785897833,
              28.62326985267697
            ],
            [
              77.04923760565164,
              28.62326985267697
            ]
          ]
        ]
      },
      "properties": {
        "synthetic": true,
        "ulpin_demo": "11007510000058",
        "building_id": "BLD-0058",
        "parcel_id": "PAR-A4-23",
        "owner_fictional": "Ishaan Verma",
        "floors": 4,
        "height_m": 12.8,
        "parcel_area_m2": 506.25,
        "footprint_m2": 169
      }
    },
    {
      "type": "Feature",
      "id": "PAR-A4-33",
      "geometry": {
        "type": "Polygon",
        "coordinates": [
          [
            [
              77.04946785897833,
              28.62326985267697
            ],
            [
              77.04946785897833,
              28.623067732662594
            ],
            [
              77.04969811230501,
              28.623067732662594
            ],
            [
              77.04969811230501,
              28.62326985267697
            ],
            [
              77.04946785897833,
              28.62326985267697
            ]
          ]
        ]
      },
      "properties": {
        "synthetic": true,
        "ulpin_demo": "11007510000059",
        "building_id": "BLD-0059",
        "parcel_id": "PAR-A4-33",
        "owner_fictional": "Riya Saxena",
        "floors": 4,
        "height_m": 12.8,
        "parcel_area_m2": 506.25,
        "footprint_m2": 210
      }
    },
    {
      "type": "Feature",
      "id": "PAR-A4-43",
      "geometry": {
        "type": "Polygon",
        "coordinates": [
          [
            [
              77.04969811230501,
              28.62326985267697
            ],
            [
              77.04969811230501,
              28.623067732662594
            ],
            [
              77.0499283656317,
              28.623067732662594
            ],
            [
              77.0499283656317,
              28.62326985267697
            ],
            [
              77.04969811230501,
              28.62326985267697
            ]
          ]
        ]
      },
      "properties": {
        "synthetic": true,
        "ulpin_demo": "11007510000060",
        "building_id": "BLD-0060",
        "parcel_id": "PAR-A4-43",
        "owner_fictional": "Neel Kapoor",
        "floors": 4,
        "height_m": 12.8,
        "parcel_area_m2": 506.25,
        "footprint_m2": 195
      }
    },
    {
      "type": "Feature",
      "id": "PAR-A4-14",
      "geometry": {
        "type": "Polygon",
        "coordinates": [
          [
            [
              77.04900735232496,
              28.623067732662594
            ],
            [
              77.04900735232496,
              28.622865612648223
            ],
            [
              77.04923760565164,
              28.622865612648223
            ],
            [
              77.04923760565164,
              28.623067732662594
            ],
            [
              77.04900735232496,
              28.623067732662594
            ]
          ]
        ]
      },
      "properties": {
        "synthetic": true,
        "ulpin_demo": "11007510000061",
        "building_id": "BLD-0061",
        "parcel_id": "PAR-A4-14",
        "owner_fictional": "Neel Kapoor",
        "floors": 4,
        "height_m": 12.8,
        "parcel_area_m2": 506.25,
        "footprint_m2": 238
      }
    },
    {
      "type": "Feature",
      "id": "PAR-A4-24",
      "geometry": {
        "type": "Polygon",
        "coordinates": [
          [
            [
              77.04923760565164,
              28.623067732662594
            ],
            [
              77.04923760565164,
              28.622865612648223
            ],
            [
              77.04946785897833,
              28.622865612648223
            ],
            [
              77.04946785897833,
              28.623067732662594
            ],
            [
              77.04923760565164,
              28.623067732662594
            ]
          ]
        ]
      },
      "properties": {
        "synthetic": true,
        "ulpin_demo": "11007510000062",
        "building_id": "BLD-0062",
        "parcel_id": "PAR-A4-24",
        "owner_fictional": "Ishaan Verma",
        "floors": 6,
        "height_m": 19.200000000000003,
        "parcel_area_m2": 506.25,
        "footprint_m2": 252
      }
    },
    {
      "type": "Feature",
      "id": "PAR-A4-34",
      "geometry": {
        "type": "Polygon",
        "coordinates": [
          [
            [
              77.04946785897833,
              28.623067732662594
            ],
            [
              77.04946785897833,
              28.622865612648223
            ],
            [
              77.04969811230501,
              28.622865612648223
            ],
            [
              77.04969811230501,
              28.623067732662594
            ],
            [
              77.04946785897833,
              28.623067732662594
            ]
          ]
        ]
      },
      "properties": {
        "synthetic": true,
        "ulpin_demo": "11007510000063",
        "building_id": "BLD-0063",
        "parcel_id": "PAR-A4-34",
        "owner_fictional": "Diya Malhotra",
        "floors": 3,
        "height_m": 9.600000000000001,
        "parcel_area_m2": 506.25,
        "footprint_m2": 272
      }
    },
    {
      "type": "Feature",
      "id": "PAR-A4-44",
      "geometry": {
        "type": "Polygon",
        "coordinates": [
          [
            [
              77.04969811230501,
              28.623067732662594
            ],
            [
              77.04969811230501,
              28.622865612648223
            ],
            [
              77.0499283656317,
              28.622865612648223
            ],
            [
              77.0499283656317,
              28.623067732662594
            ],
            [
              77.04969811230501,
              28.623067732662594
            ]
          ]
        ]
      },
      "properties": {
        "synthetic": true,
        "ulpin_demo": "11007510000064",
        "building_id": "BLD-0064",
        "parcel_id": "PAR-A4-44",
        "owner_fictional": "Kabir Nair",
        "floors": 6,
        "height_m": 19.200000000000003,
        "parcel_area_m2": 506.25,
        "footprint_m2": 272
      }
    },
    {
      "type": "Feature",
      "id": "PAR-A5-11",
      "geometry": {
        "type": "Polygon",
        "coordinates": [
          [
            [
              77.0500716343683,
              28.623674092705713
            ],
            [
              77.0500716343683,
              28.62347197269134
            ],
            [
              77.05030188769499,
              28.62347197269134
            ],
            [
              77.05030188769499,
              28.623674092705713
            ],
            [
              77.0500716343683,
              28.623674092705713
            ]
          ]
        ]
      },
      "properties": {
        "synthetic": true,
        "ulpin_demo": "11007510000065",
        "building_id": "BLD-0065",
        "parcel_id": "PAR-A5-11",
        "owner_fictional": "Tara Khanna",
        "floors": 5,
        "height_m": 16,
        "parcel_area_m2": 506.25,
        "footprint_m2": 221
      }
    },
    {
      "type": "Feature",
      "id": "PAR-A5-21",
      "geometry": {
        "type": "Polygon",
        "coordinates": [
          [
            [
              77.05030188769499,
              28.623674092705713
            ],
            [
              77.05030188769499,
              28.62347197269134
            ],
            [
              77.05053214102166,
              28.62347197269134
            ],
            [
              77.05053214102166,
              28.623674092705713
            ],
            [
              77.05030188769499,
              28.623674092705713
            ]
          ]
        ]
      },
      "properties": {
        "synthetic": true,
        "ulpin_demo": "11007510000066",
        "building_id": "BLD-0066",
        "parcel_id": "PAR-A5-21",
        "owner_fictional": "Kabir Nair",
        "floors": 5,
        "height_m": 16,
        "parcel_area_m2": 506.25,
        "footprint_m2": 221
      }
    },
    {
      "type": "Feature",
      "id": "PAR-A5-31",
      "geometry": {
        "type": "Polygon",
        "coordinates": [
          [
            [
              77.05053214102166,
              28.623674092705713
            ],
            [
              77.05053214102166,
              28.62347197269134
            ],
            [
              77.05076239434835,
              28.62347197269134
            ],
            [
              77.05076239434835,
              28.623674092705713
            ],
            [
              77.05053214102166,
              28.623674092705713
            ]
          ]
        ]
      },
      "properties": {
        "synthetic": true,
        "ulpin_demo": "11007510000067",
        "building_id": "BLD-0067",
        "parcel_id": "PAR-A5-31",
        "owner_fictional": "Riya Saxena",
        "floors": 4,
        "height_m": 12.8,
        "parcel_area_m2": 506.25,
        "footprint_m2": 196
      }
    },
    {
      "type": "Feature",
      "id": "PAR-A5-41",
      "geometry": {
        "type": "Polygon",
        "coordinates": [
          [
            [
              77.05076239434835,
              28.623674092705713
            ],
            [
              77.05076239434835,
              28.62347197269134
            ],
            [
              77.05099264767503,
              28.62347197269134
            ],
            [
              77.05099264767503,
              28.623674092705713
            ],
            [
              77.05076239434835,
              28.623674092705713
            ]
          ]
        ]
      },
      "properties": {
        "synthetic": true,
        "ulpin_demo": "11007510000068",
        "building_id": "BLD-0068",
        "parcel_id": "PAR-A5-41",
        "owner_fictional": "Ananya Rao",
        "floors": 4,
        "height_m": 12.8,
        "parcel_area_m2": 506.25,
        "footprint_m2": 195
      }
    },
    {
      "type": "Feature",
      "id": "PAR-A5-12",
      "geometry": {
        "type": "Polygon",
        "coordinates": [
          [
            [
              77.0500716343683,
              28.62347197269134
            ],
            [
              77.0500716343683,
              28.62326985267697
            ],
            [
              77.05030188769499,
              28.62326985267697
            ],
            [
              77.05030188769499,
              28.62347197269134
            ],
            [
              77.0500716343683,
              28.62347197269134
            ]
          ]
        ]
      },
      "properties": {
        "synthetic": true,
        "ulpin_demo": "11007510000069",
        "building_id": "BLD-0069",
        "parcel_id": "PAR-A5-12",
        "owner_fictional": "Vihaan Joshi",
        "floors": 4,
        "height_m": 12.8,
        "parcel_area_m2": 506.25,
        "footprint_m2": 288
      }
    },
    {
      "type": "Feature",
      "id": "PAR-A5-22",
      "geometry": {
        "type": "Polygon",
        "coordinates": [
          [
            [
              77.05030188769499,
              28.62347197269134
            ],
            [
              77.05030188769499,
              28.62326985267697
            ],
            [
              77.05053214102166,
              28.62326985267697
            ],
            [
              77.05053214102166,
              28.62347197269134
            ],
            [
              77.05030188769499,
              28.62347197269134
            ]
          ]
        ]
      },
      "properties": {
        "synthetic": true,
        "ulpin_demo": "11007510000070",
        "building_id": "BLD-0070",
        "parcel_id": "PAR-A5-22",
        "owner_fictional": "Kabir Nair",
        "floors": 4,
        "height_m": 12.8,
        "parcel_area_m2": 506.25,
        "footprint_m2": 234
      }
    },
    {
      "type": "Feature",
      "id": "PAR-A5-32",
      "geometry": {
        "type": "Polygon",
        "coordinates": [
          [
            [
              77.05053214102166,
              28.62347197269134
            ],
            [
              77.05053214102166,
              28.62326985267697
            ],
            [
              77.05076239434835,
              28.62326985267697
            ],
            [
              77.05076239434835,
              28.62347197269134
            ],
            [
              77.05053214102166,
              28.62347197269134
            ]
          ]
        ]
      },
      "properties": {
        "synthetic": true,
        "ulpin_demo": "11007510000071",
        "building_id": "BLD-0071",
        "parcel_id": "PAR-A5-32",
        "owner_fictional": "Vihaan Joshi",
        "floors": 6,
        "height_m": 19.200000000000003,
        "parcel_area_m2": 506.25,
        "footprint_m2": 180
      }
    },
    {
      "type": "Feature",
      "id": "PAR-A5-42",
      "geometry": {
        "type": "Polygon",
        "coordinates": [
          [
            [
              77.05076239434835,
              28.62347197269134
            ],
            [
              77.05076239434835,
              28.62326985267697
            ],
            [
              77.05099264767503,
              28.62326985267697
            ],
            [
              77.05099264767503,
              28.62347197269134
            ],
            [
              77.05076239434835,
              28.62347197269134
            ]
          ]
        ]
      },
      "properties": {
        "synthetic": true,
        "ulpin_demo": "11007510000072",
        "building_id": "BLD-0072",
        "parcel_id": "PAR-A5-42",
        "owner_fictional": "Nisha Anand",
        "floors": 3,
        "height_m": 9.600000000000001,
        "parcel_area_m2": 506.25,
        "footprint_m2": 208
      }
    },
    {
      "type": "Feature",
      "id": "PAR-A5-13",
      "geometry": {
        "type": "Polygon",
        "coordinates": [
          [
            [
              77.0500716343683,
              28.62326985267697
            ],
            [
              77.0500716343683,
              28.623067732662594
            ],
            [
              77.05030188769499,
              28.623067732662594
            ],
            [
              77.05030188769499,
              28.62326985267697
            ],
            [
              77.0500716343683,
              28.62326985267697
            ]
          ]
        ]
      },
      "properties": {
        "synthetic": true,
        "ulpin_demo": "11007510000073",
        "building_id": "BLD-0073",
        "parcel_id": "PAR-A5-13",
        "owner_fictional": "Meera Arora",
        "floors": 5,
        "height_m": 16,
        "parcel_area_m2": 506.25,
        "footprint_m2": 240
      }
    },
    {
      "type": "Feature",
      "id": "PAR-A5-23",
      "geometry": {
        "type": "Polygon",
        "coordinates": [
          [
            [
              77.05030188769499,
              28.62326985267697
            ],
            [
              77.05030188769499,
              28.623067732662594
            ],
            [
              77.05053214102166,
              28.623067732662594
            ],
            [
              77.05053214102166,
              28.62326985267697
            ],
            [
              77.05030188769499,
              28.62326985267697
            ]
          ]
        ]
      },
      "properties": {
        "synthetic": true,
        "ulpin_demo": "11007510000074",
        "building_id": "BLD-0074",
        "parcel_id": "PAR-A5-23",
        "owner_fictional": "Kavya Sethi",
        "floors": 4,
        "height_m": 12.8,
        "parcel_area_m2": 506.25,
        "footprint_m2": 208
      }
    },
    {
      "type": "Feature",
      "id": "PAR-A5-33",
      "geometry": {
        "type": "Polygon",
        "coordinates": [
          [
            [
              77.05053214102166,
              28.62326985267697
            ],
            [
              77.05053214102166,
              28.623067732662594
            ],
            [
              77.05076239434835,
              28.623067732662594
            ],
            [
              77.05076239434835,
              28.62326985267697
            ],
            [
              77.05053214102166,
              28.62326985267697
            ]
          ]
        ]
      },
      "properties": {
        "synthetic": true,
        "ulpin_demo": "11007510000075",
        "building_id": "BLD-0075",
        "parcel_id": "PAR-A5-33",
        "owner_fictional": "Aarav Mehta",
        "floors": 5,
        "height_m": 16,
        "parcel_area_m2": 506.25,
        "footprint_m2": 224
      }
    },
    {
      "type": "Feature",
      "id": "PAR-A5-43",
      "geometry": {
        "type": "Polygon",
        "coordinates": [
          [
            [
              77.05076239434835,
              28.62326985267697
            ],
            [
              77.05076239434835,
              28.623067732662594
            ],
            [
              77.05099264767503,
              28.623067732662594
            ],
            [
              77.05099264767503,
              28.62326985267697
            ],
            [
              77.05076239434835,
              28.62326985267697
            ]
          ]
        ]
      },
      "properties": {
        "synthetic": true,
        "ulpin_demo": "11007510000076",
        "building_id": "BLD-0076",
        "parcel_id": "PAR-A5-43",
        "owner_fictional": "Diya Malhotra",
        "floors": 6,
        "height_m": 19.200000000000003,
        "parcel_area_m2": 506.25,
        "footprint_m2": 195
      }
    },
    {
      "type": "Feature",
      "id": "PAR-A5-14",
      "geometry": {
        "type": "Polygon",
        "coordinates": [
          [
            [
              77.0500716343683,
              28.623067732662594
            ],
            [
              77.0500716343683,
              28.622865612648223
            ],
            [
              77.05030188769499,
              28.622865612648223
            ],
            [
              77.05030188769499,
              28.623067732662594
            ],
            [
              77.0500716343683,
              28.623067732662594
            ]
          ]
        ]
      },
      "properties": {
        "synthetic": true,
        "ulpin_demo": "11007510000077",
        "building_id": "BLD-0077",
        "parcel_id": "PAR-A5-14",
        "owner_fictional": "Sana Gill",
        "floors": 5,
        "height_m": 16,
        "parcel_area_m2": 506.25,
        "footprint_m2": 195
      }
    },
    {
      "type": "Feature",
      "id": "PAR-A5-24",
      "geometry": {
        "type": "Polygon",
        "coordinates": [
          [
            [
              77.05030188769499,
              28.623067732662594
            ],
            [
              77.05030188769499,
              28.622865612648223
            ],
            [
              77.05053214102166,
              28.622865612648223
            ],
            [
              77.05053214102166,
              28.623067732662594
            ],
            [
              77.05030188769499,
              28.623067732662594
            ]
          ]
        ]
      },
      "properties": {
        "synthetic": true,
        "ulpin_demo": "11007510000078",
        "building_id": "BLD-0078",
        "parcel_id": "PAR-A5-24",
        "owner_fictional": "Arjun Sinha",
        "floors": 3,
        "height_m": 9.600000000000001,
        "parcel_area_m2": 506.25,
        "footprint_m2": 196
      }
    },
    {
      "type": "Feature",
      "id": "PAR-A5-34",
      "geometry": {
        "type": "Polygon",
        "coordinates": [
          [
            [
              77.05053214102166,
              28.623067732662594
            ],
            [
              77.05053214102166,
              28.622865612648223
            ],
            [
              77.05076239434835,
              28.622865612648223
            ],
            [
              77.05076239434835,
              28.623067732662594
            ],
            [
              77.05053214102166,
              28.623067732662594
            ]
          ]
        ]
      },
      "properties": {
        "synthetic": true,
        "ulpin_demo": "11007510000079",
        "building_id": "BLD-0079",
        "parcel_id": "PAR-A5-34",
        "owner_fictional": "Sana Gill",
        "floors": 5,
        "height_m": 16,
        "parcel_area_m2": 506.25,
        "footprint_m2": 238
      }
    },
    {
      "type": "Feature",
      "id": "PAR-A5-44",
      "geometry": {
        "type": "Polygon",
        "coordinates": [
          [
            [
              77.05076239434835,
              28.623067732662594
            ],
            [
              77.05076239434835,
              28.622865612648223
            ],
            [
              77.05099264767503,
              28.622865612648223
            ],
            [
              77.05099264767503,
              28.623067732662594
            ],
            [
              77.05076239434835,
              28.623067732662594
            ]
          ]
        ]
      },
      "properties": {
        "synthetic": true,
        "ulpin_demo": "11007510000080",
        "building_id": "BLD-0080",
        "parcel_id": "PAR-A5-44",
        "owner_fictional": "Sana Gill",
        "floors": 4,
        "height_m": 12.8,
        "parcel_area_m2": 506.25,
        "footprint_m2": 221
      }
    },
    {
      "type": "Feature",
      "id": "PAR-A6-11",
      "geometry": {
        "type": "Polygon",
        "coordinates": [
          [
            [
              77.05113591641164,
              28.623674092705713
            ],
            [
              77.05113591641164,
              28.62347197269134
            ],
            [
              77.05136616973832,
              28.62347197269134
            ],
            [
              77.05136616973832,
              28.623674092705713
            ],
            [
              77.05113591641164,
              28.623674092705713
            ]
          ]
        ]
      },
      "properties": {
        "synthetic": true,
        "ulpin_demo": "11007510000081",
        "building_id": "BLD-0081",
        "parcel_id": "PAR-A6-11",
        "owner_fictional": "Kabir Nair",
        "floors": 3,
        "height_m": 9.600000000000001,
        "parcel_area_m2": 506.25,
        "footprint_m2": 234
      }
    },
    {
      "type": "Feature",
      "id": "PAR-A6-21",
      "geometry": {
        "type": "Polygon",
        "coordinates": [
          [
            [
              77.05136616973832,
              28.623674092705713
            ],
            [
              77.05136616973832,
              28.62347197269134
            ],
            [
              77.051596423065,
              28.62347197269134
            ],
            [
              77.051596423065,
              28.623674092705713
            ],
            [
              77.05136616973832,
              28.623674092705713
            ]
          ]
        ]
      },
      "properties": {
        "synthetic": true,
        "ulpin_demo": "11007510000082",
        "building_id": "BLD-0082",
        "parcel_id": "PAR-A6-21",
        "owner_fictional": "Kavya Sethi",
        "floors": 6,
        "height_m": 19.200000000000003,
        "parcel_area_m2": 506.25,
        "footprint_m2": 195
      }
    },
    {
      "type": "Feature",
      "id": "PAR-A6-31",
      "geometry": {
        "type": "Polygon",
        "coordinates": [
          [
            [
              77.051596423065,
              28.623674092705713
            ],
            [
              77.051596423065,
              28.62347197269134
            ],
            [
              77.05182667639168,
              28.62347197269134
            ],
            [
              77.05182667639168,
              28.623674092705713
            ],
            [
              77.051596423065,
              28.623674092705713
            ]
          ]
        ]
      },
      "properties": {
        "synthetic": true,
        "ulpin_demo": "11007510000083",
        "building_id": "BLD-0083",
        "parcel_id": "PAR-A6-31",
        "owner_fictional": "Ishaan Verma",
        "floors": 5,
        "height_m": 16,
        "parcel_area_m2": 506.25,
        "footprint_m2": 238
      }
    },
    {
      "type": "Feature",
      "id": "PAR-A6-41",
      "geometry": {
        "type": "Polygon",
        "coordinates": [
          [
            [
              77.05182667639168,
              28.623674092705713
            ],
            [
              77.05182667639168,
              28.62347197269134
            ],
            [
              77.05205692971836,
              28.62347197269134
            ],
            [
              77.05205692971836,
              28.623674092705713
            ],
            [
              77.05182667639168,
              28.623674092705713
            ]
          ]
        ]
      },
      "properties": {
        "synthetic": true,
        "ulpin_demo": "11007510000084",
        "building_id": "BLD-0084",
        "parcel_id": "PAR-A6-41",
        "owner_fictional": "Diya Malhotra",
        "floors": 3,
        "height_m": 9.600000000000001,
        "parcel_area_m2": 506.25,
        "footprint_m2": 288
      }
    },
    {
      "type": "Feature",
      "id": "PAR-A6-12",
      "geometry": {
        "type": "Polygon",
        "coordinates": [
          [
            [
              77.05113591641164,
              28.62347197269134
            ],
            [
              77.05113591641164,
              28.62326985267697
            ],
            [
              77.05136616973832,
              28.62326985267697
            ],
            [
              77.05136616973832,
              28.62347197269134
            ],
            [
              77.05113591641164,
              28.62347197269134
            ]
          ]
        ]
      },
      "properties": {
        "synthetic": true,
        "ulpin_demo": "11007510000085",
        "building_id": "BLD-0085",
        "parcel_id": "PAR-A6-12",
        "owner_fictional": "Vihaan Joshi",
        "floors": 4,
        "height_m": 12.8,
        "parcel_area_m2": 506.25,
        "footprint_m2": 156
      }
    },
    {
      "type": "Feature",
      "id": "PAR-A6-22",
      "geometry": {
        "type": "Polygon",
        "coordinates": [
          [
            [
              77.05136616973832,
              28.62347197269134
            ],
            [
              77.05136616973832,
              28.62326985267697
            ],
            [
              77.051596423065,
              28.62326985267697
            ],
            [
              77.051596423065,
              28.62347197269134
            ],
            [
              77.05136616973832,
              28.62347197269134
            ]
          ]
        ]
      },
      "properties": {
        "synthetic": true,
        "ulpin_demo": "11007510000086",
        "building_id": "BLD-0086",
        "parcel_id": "PAR-A6-22",
        "owner_fictional": "Kabir Nair",
        "floors": 4,
        "height_m": 12.8,
        "parcel_area_m2": 506.25,
        "footprint_m2": 288
      }
    },
    {
      "type": "Feature",
      "id": "PAR-A6-32",
      "geometry": {
        "type": "Polygon",
        "coordinates": [
          [
            [
              77.051596423065,
              28.62347197269134
            ],
            [
              77.051596423065,
              28.62326985267697
            ],
            [
              77.05182667639168,
              28.62326985267697
            ],
            [
              77.05182667639168,
              28.62347197269134
            ],
            [
              77.051596423065,
              28.62347197269134
            ]
          ]
        ]
      },
      "properties": {
        "synthetic": true,
        "ulpin_demo": "11007510000087",
        "building_id": "BLD-0087",
        "parcel_id": "PAR-A6-32",
        "owner_fictional": "Riya Saxena",
        "floors": 5,
        "height_m": 16,
        "parcel_area_m2": 506.25,
        "footprint_m2": 270
      }
    },
    {
      "type": "Feature",
      "id": "PAR-A6-42",
      "geometry": {
        "type": "Polygon",
        "coordinates": [
          [
            [
              77.05182667639168,
              28.62347197269134
            ],
            [
              77.05182667639168,
              28.62326985267697
            ],
            [
              77.05205692971836,
              28.62326985267697
            ],
            [
              77.05205692971836,
              28.62347197269134
            ],
            [
              77.05182667639168,
              28.62347197269134
            ]
          ]
        ]
      },
      "properties": {
        "synthetic": true,
        "ulpin_demo": "11007510000088",
        "building_id": "BLD-0088",
        "parcel_id": "PAR-A6-42",
        "owner_fictional": "Riya Saxena",
        "floors": 5,
        "height_m": 16,
        "parcel_area_m2": 506.25,
        "footprint_m2": 216
      }
    },
    {
      "type": "Feature",
      "id": "PAR-A6-13",
      "geometry": {
        "type": "Polygon",
        "coordinates": [
          [
            [
              77.05113591641164,
              28.62326985267697
            ],
            [
              77.05113591641164,
              28.623067732662594
            ],
            [
              77.05136616973832,
              28.623067732662594
            ],
            [
              77.05136616973832,
              28.62326985267697
            ],
            [
              77.05113591641164,
              28.62326985267697
            ]
          ]
        ]
      },
      "properties": {
        "synthetic": true,
        "ulpin_demo": "11007510000089",
        "building_id": "BLD-0089",
        "parcel_id": "PAR-A6-13",
        "owner_fictional": "Dev Ahuja",
        "floors": 4,
        "height_m": 12.8,
        "parcel_area_m2": 506.25,
        "footprint_m2": 208
      }
    },
    {
      "type": "Feature",
      "id": "PAR-A6-23",
      "geometry": {
        "type": "Polygon",
        "coordinates": [
          [
            [
              77.05136616973832,
              28.62326985267697
            ],
            [
              77.05136616973832,
              28.623067732662594
            ],
            [
              77.051596423065,
              28.623067732662594
            ],
            [
              77.051596423065,
              28.62326985267697
            ],
            [
              77.05136616973832,
              28.62326985267697
            ]
          ]
        ]
      },
      "properties": {
        "synthetic": true,
        "ulpin_demo": "11007510000090",
        "building_id": "BLD-0090",
        "parcel_id": "PAR-A6-23",
        "owner_fictional": "Aarav Mehta",
        "floors": 5,
        "height_m": 16,
        "parcel_area_m2": 506.25,
        "footprint_m2": 182
      }
    },
    {
      "type": "Feature",
      "id": "PAR-A6-33",
      "geometry": {
        "type": "Polygon",
        "coordinates": [
          [
            [
              77.051596423065,
              28.62326985267697
            ],
            [
              77.051596423065,
              28.623067732662594
            ],
            [
              77.05182667639168,
              28.623067732662594
            ],
            [
              77.05182667639168,
              28.62326985267697
            ],
            [
              77.051596423065,
              28.62326985267697
            ]
          ]
        ]
      },
      "properties": {
        "synthetic": true,
        "ulpin_demo": "11007510000091",
        "building_id": "BLD-0091",
        "parcel_id": "PAR-A6-33",
        "owner_fictional": "Ananya Rao",
        "floors": 4,
        "height_m": 12.8,
        "parcel_area_m2": 506.25,
        "footprint_m2": 208
      }
    },
    {
      "type": "Feature",
      "id": "PAR-A6-43",
      "geometry": {
        "type": "Polygon",
        "coordinates": [
          [
            [
              77.05182667639168,
              28.62326985267697
            ],
            [
              77.05182667639168,
              28.623067732662594
            ],
            [
              77.05205692971836,
              28.623067732662594
            ],
            [
              77.05205692971836,
              28.62326985267697
            ],
            [
              77.05182667639168,
              28.62326985267697
            ]
          ]
        ]
      },
      "properties": {
        "synthetic": true,
        "ulpin_demo": "11007510000092",
        "building_id": "BLD-0092",
        "parcel_id": "PAR-A6-43",
        "owner_fictional": "Vihaan Joshi",
        "floors": 5,
        "height_m": 16,
        "parcel_area_m2": 506.25,
        "footprint_m2": 238
      }
    },
    {
      "type": "Feature",
      "id": "PAR-A6-14",
      "geometry": {
        "type": "Polygon",
        "coordinates": [
          [
            [
              77.05113591641164,
              28.623067732662594
            ],
            [
              77.05113591641164,
              28.622865612648223
            ],
            [
              77.05136616973832,
              28.622865612648223
            ],
            [
              77.05136616973832,
              28.623067732662594
            ],
            [
              77.05113591641164,
              28.623067732662594
            ]
          ]
        ]
      },
      "properties": {
        "synthetic": true,
        "ulpin_demo": "11007510000093",
        "building_id": "BLD-0093",
        "parcel_id": "PAR-A6-14",
        "owner_fictional": "Nisha Anand",
        "floors": 6,
        "height_m": 19.200000000000003,
        "parcel_area_m2": 506.25,
        "footprint_m2": 192
      }
    },
    {
      "type": "Feature",
      "id": "PAR-A6-24",
      "geometry": {
        "type": "Polygon",
        "coordinates": [
          [
            [
              77.05136616973832,
              28.623067732662594
            ],
            [
              77.05136616973832,
              28.622865612648223
            ],
            [
              77.051596423065,
              28.622865612648223
            ],
            [
              77.051596423065,
              28.623067732662594
            ],
            [
              77.05136616973832,
              28.623067732662594
            ]
          ]
        ]
      },
      "properties": {
        "synthetic": true,
        "ulpin_demo": "11007510000094",
        "building_id": "BLD-0094",
        "parcel_id": "PAR-A6-24",
        "owner_fictional": "Aarav Mehta",
        "floors": 3,
        "height_m": 9.600000000000001,
        "parcel_area_m2": 506.25,
        "footprint_m2": 221
      }
    },
    {
      "type": "Feature",
      "id": "PAR-A6-34",
      "geometry": {
        "type": "Polygon",
        "coordinates": [
          [
            [
              77.051596423065,
              28.623067732662594
            ],
            [
              77.051596423065,
              28.622865612648223
            ],
            [
              77.05182667639168,
              28.622865612648223
            ],
            [
              77.05182667639168,
              28.623067732662594
            ],
            [
              77.051596423065,
              28.623067732662594
            ]
          ]
        ]
      },
      "properties": {
        "synthetic": true,
        "ulpin_demo": "11007510000095",
        "building_id": "BLD-0095",
        "parcel_id": "PAR-A6-34",
        "owner_fictional": "Kabir Nair",
        "floors": 3,
        "height_m": 9.600000000000001,
        "parcel_area_m2": 506.25,
        "footprint_m2": 272
      }
    },
    {
      "type": "Feature",
      "id": "PAR-A6-44",
      "geometry": {
        "type": "Polygon",
        "coordinates": [
          [
            [
              77.05182667639168,
              28.623067732662594
            ],
            [
              77.05182667639168,
              28.622865612648223
            ],
            [
              77.05205692971836,
              28.622865612648223
            ],
            [
              77.05205692971836,
              28.623067732662594
            ],
            [
              77.05182667639168,
              28.623067732662594
            ]
          ]
        ]
      },
      "properties": {
        "synthetic": true,
        "ulpin_demo": "11007510000096",
        "building_id": "BLD-0096",
        "parcel_id": "PAR-A6-44",
        "owner_fictional": "Nisha Anand",
        "floors": 6,
        "height_m": 19.200000000000003,
        "parcel_area_m2": 506.25,
        "footprint_m2": 180
      }
    },
    {
      "type": "Feature",
      "id": "PAR-A7-11",
      "geometry": {
        "type": "Polygon",
        "coordinates": [
          [
            [
              77.05220019845497,
              28.623674092705713
            ],
            [
              77.05220019845497,
              28.62347197269134
            ],
            [
              77.05243045178166,
              28.62347197269134
            ],
            [
              77.05243045178166,
              28.623674092705713
            ],
            [
              77.05220019845497,
              28.623674092705713
            ]
          ]
        ]
      },
      "properties": {
        "synthetic": true,
        "ulpin_demo": "11007510000097",
        "building_id": "BLD-0097",
        "parcel_id": "PAR-A7-11",
        "owner_fictional": "Riya Saxena",
        "floors": 6,
        "height_m": 19.200000000000003,
        "parcel_area_m2": 506.25,
        "footprint_m2": 196
      }
    },
    {
      "type": "Feature",
      "id": "PAR-A7-21",
      "geometry": {
        "type": "Polygon",
        "coordinates": [
          [
            [
              77.05243045178166,
              28.623674092705713
            ],
            [
              77.05243045178166,
              28.62347197269134
            ],
            [
              77.05266070510834,
              28.62347197269134
            ],
            [
              77.05266070510834,
              28.623674092705713
            ],
            [
              77.05243045178166,
              28.623674092705713
            ]
          ]
        ]
      },
      "properties": {
        "synthetic": true,
        "ulpin_demo": "11007510000098",
        "building_id": "BLD-0098",
        "parcel_id": "PAR-A7-21",
        "owner_fictional": "Arjun Sinha",
        "floors": 3,
        "height_m": 9.600000000000001,
        "parcel_area_m2": 506.25,
        "footprint_m2": 210
      }
    },
    {
      "type": "Feature",
      "id": "PAR-A7-31",
      "geometry": {
        "type": "Polygon",
        "coordinates": [
          [
            [
              77.05266070510834,
              28.623674092705713
            ],
            [
              77.05266070510834,
              28.62347197269134
            ],
            [
              77.05289095843501,
              28.62347197269134
            ],
            [
              77.05289095843501,
              28.623674092705713
            ],
            [
              77.05266070510834,
              28.623674092705713
            ]
          ]
        ]
      },
      "properties": {
        "synthetic": true,
        "ulpin_demo": "11007510000099",
        "building_id": "BLD-0099",
        "parcel_id": "PAR-A7-31",
        "owner_fictional": "Diya Malhotra",
        "floors": 4,
        "height_m": 12.8,
        "parcel_area_m2": 506.25,
        "footprint_m2": 289
      }
    },
    {
      "type": "Feature",
      "id": "PAR-A7-41",
      "geometry": {
        "type": "Polygon",
        "coordinates": [
          [
            [
              77.05289095843501,
              28.623674092705713
            ],
            [
              77.05289095843501,
              28.62347197269134
            ],
            [
              77.0531212117617,
              28.62347197269134
            ],
            [
              77.0531212117617,
              28.623674092705713
            ],
            [
              77.05289095843501,
              28.623674092705713
            ]
          ]
        ]
      },
      "properties": {
        "synthetic": true,
        "ulpin_demo": "11007510000100",
        "building_id": "BLD-0100",
        "parcel_id": "PAR-A7-41",
        "owner_fictional": "Vihaan Joshi",
        "floors": 4,
        "height_m": 12.8,
        "parcel_area_m2": 506.25,
        "footprint_m2": 234
      }
    },
    {
      "type": "Feature",
      "id": "PAR-A7-12",
      "geometry": {
        "type": "Polygon",
        "coordinates": [
          [
            [
              77.05220019845497,
              28.62347197269134
            ],
            [
              77.05220019845497,
              28.62326985267697
            ],
            [
              77.05243045178166,
              28.62326985267697
            ],
            [
              77.05243045178166,
              28.62347197269134
            ],
            [
              77.05220019845497,
              28.62347197269134
            ]
          ]
        ]
      },
      "properties": {
        "synthetic": true,
        "ulpin_demo": "11007510000101",
        "building_id": "BLD-0101",
        "parcel_id": "PAR-A7-12",
        "owner_fictional": "Neel Kapoor",
        "floors": 4,
        "height_m": 12.8,
        "parcel_area_m2": 506.25,
        "footprint_m2": 238
      }
    },
    {
      "type": "Feature",
      "id": "PAR-A7-22",
      "geometry": {
        "type": "Polygon",
        "coordinates": [
          [
            [
              77.05243045178166,
              28.62347197269134
            ],
            [
              77.05243045178166,
              28.62326985267697
            ],
            [
              77.05266070510834,
              28.62326985267697
            ],
            [
              77.05266070510834,
              28.62347197269134
            ],
            [
              77.05243045178166,
              28.62347197269134
            ]
          ]
        ]
      },
      "properties": {
        "synthetic": true,
        "ulpin_demo": "11007510000102",
        "building_id": "BLD-0102",
        "parcel_id": "PAR-A7-22",
        "owner_fictional": "Arjun Sinha",
        "floors": 4,
        "height_m": 12.8,
        "parcel_area_m2": 506.25,
        "footprint_m2": 180
      }
    },
    {
      "type": "Feature",
      "id": "PAR-A7-32",
      "geometry": {
        "type": "Polygon",
        "coordinates": [
          [
            [
              77.05266070510834,
              28.62347197269134
            ],
            [
              77.05266070510834,
              28.62326985267697
            ],
            [
              77.05289095843501,
              28.62326985267697
            ],
            [
              77.05289095843501,
              28.62347197269134
            ],
            [
              77.05266070510834,
              28.62347197269134
            ]
          ]
        ]
      },
      "properties": {
        "synthetic": true,
        "ulpin_demo": "11007510000103",
        "building_id": "BLD-0103",
        "parcel_id": "PAR-A7-32",
        "owner_fictional": "Ishaan Verma",
        "floors": 5,
        "height_m": 16,
        "parcel_area_m2": 506.25,
        "footprint_m2": 256
      }
    },
    {
      "type": "Feature",
      "id": "PAR-A7-42",
      "geometry": {
        "type": "Polygon",
        "coordinates": [
          [
            [
              77.05289095843501,
              28.62347197269134
            ],
            [
              77.05289095843501,
              28.62326985267697
            ],
            [
              77.0531212117617,
              28.62326985267697
            ],
            [
              77.0531212117617,
              28.62347197269134
            ],
            [
              77.05289095843501,
              28.62347197269134
            ]
          ]
        ]
      },
      "properties": {
        "synthetic": true,
        "ulpin_demo": "11007510000104",
        "building_id": "BLD-0104",
        "parcel_id": "PAR-A7-42",
        "owner_fictional": "Aarav Mehta",
        "floors": 4,
        "height_m": 12.8,
        "parcel_area_m2": 506.25,
        "footprint_m2": 224
      }
    },
    {
      "type": "Feature",
      "id": "PAR-A7-13",
      "geometry": {
        "type": "Polygon",
        "coordinates": [
          [
            [
              77.05220019845497,
              28.62326985267697
            ],
            [
              77.05220019845497,
              28.623067732662594
            ],
            [
              77.05243045178166,
              28.623067732662594
            ],
            [
              77.05243045178166,
              28.62326985267697
            ],
            [
              77.05220019845497,
              28.62326985267697
            ]
          ]
        ]
      },
      "properties": {
        "synthetic": true,
        "ulpin_demo": "11007510000105",
        "building_id": "BLD-0105",
        "parcel_id": "PAR-A7-13",
        "owner_fictional": "Arjun Sinha",
        "floors": 5,
        "height_m": 16,
        "parcel_area_m2": 506.25,
        "footprint_m2": 224
      }
    },
    {
      "type": "Feature",
      "id": "PAR-A7-23",
      "geometry": {
        "type": "Polygon",
        "coordinates": [
          [
            [
              77.05243045178166,
              28.62326985267697
            ],
            [
              77.05243045178166,
              28.623067732662594
            ],
            [
              77.05266070510834,
              28.623067732662594
            ],
            [
              77.05266070510834,
              28.62326985267697
            ],
            [
              77.05243045178166,
              28.62326985267697
            ]
          ]
        ]
      },
      "properties": {
        "synthetic": true,
        "ulpin_demo": "11007510000106",
        "building_id": "BLD-0106",
        "parcel_id": "PAR-A7-23",
        "owner_fictional": "Vihaan Joshi",
        "floors": 3,
        "height_m": 9.600000000000001,
        "parcel_area_m2": 506.25,
        "footprint_m2": 288
      }
    },
    {
      "type": "Feature",
      "id": "PAR-A7-33",
      "geometry": {
        "type": "Polygon",
        "coordinates": [
          [
            [
              77.05266070510834,
              28.62326985267697
            ],
            [
              77.05266070510834,
              28.623067732662594
            ],
            [
              77.05289095843501,
              28.623067732662594
            ],
            [
              77.05289095843501,
              28.62326985267697
            ],
            [
              77.05266070510834,
              28.62326985267697
            ]
          ]
        ]
      },
      "properties": {
        "synthetic": true,
        "ulpin_demo": "11007510000107",
        "building_id": "BLD-0107",
        "parcel_id": "PAR-A7-33",
        "owner_fictional": "Tara Khanna",
        "floors": 5,
        "height_m": 16,
        "parcel_area_m2": 506.25,
        "footprint_m2": 195
      }
    },
    {
      "type": "Feature",
      "id": "PAR-A7-43",
      "geometry": {
        "type": "Polygon",
        "coordinates": [
          [
            [
              77.05289095843501,
              28.62326985267697
            ],
            [
              77.05289095843501,
              28.623067732662594
            ],
            [
              77.0531212117617,
              28.623067732662594
            ],
            [
              77.0531212117617,
              28.62326985267697
            ],
            [
              77.05289095843501,
              28.62326985267697
            ]
          ]
        ]
      },
      "properties": {
        "synthetic": true,
        "ulpin_demo": "11007510000108",
        "building_id": "BLD-0108",
        "parcel_id": "PAR-A7-43",
        "owner_fictional": "Vihaan Joshi",
        "floors": 3,
        "height_m": 9.600000000000001,
        "parcel_area_m2": 506.25,
        "footprint_m2": 224
      }
    },
    {
      "type": "Feature",
      "id": "PAR-A7-14",
      "geometry": {
        "type": "Polygon",
        "coordinates": [
          [
            [
              77.05220019845497,
              28.623067732662594
            ],
            [
              77.05220019845497,
              28.622865612648223
            ],
            [
              77.05243045178166,
              28.622865612648223
            ],
            [
              77.05243045178166,
              28.623067732662594
            ],
            [
              77.05220019845497,
              28.623067732662594
            ]
          ]
        ]
      },
      "properties": {
        "synthetic": true,
        "ulpin_demo": "11007510000109",
        "building_id": "BLD-0109",
        "parcel_id": "PAR-A7-14",
        "owner_fictional": "Ananya Rao",
        "floors": 4,
        "height_m": 12.8,
        "parcel_area_m2": 506.25,
        "footprint_m2": 208
      }
    },
    {
      "type": "Feature",
      "id": "PAR-A7-24",
      "geometry": {
        "type": "Polygon",
        "coordinates": [
          [
            [
              77.05243045178166,
              28.623067732662594
            ],
            [
              77.05243045178166,
              28.622865612648223
            ],
            [
              77.05266070510834,
              28.622865612648223
            ],
            [
              77.05266070510834,
              28.623067732662594
            ],
            [
              77.05243045178166,
              28.623067732662594
            ]
          ]
        ]
      },
      "properties": {
        "synthetic": true,
        "ulpin_demo": "11007510000110",
        "building_id": "BLD-0110",
        "parcel_id": "PAR-A7-24",
        "owner_fictional": "Tara Khanna",
        "floors": 4,
        "height_m": 12.8,
        "parcel_area_m2": 506.25,
        "footprint_m2": 221
      }
    },
    {
      "type": "Feature",
      "id": "PAR-A7-34",
      "geometry": {
        "type": "Polygon",
        "coordinates": [
          [
            [
              77.05266070510834,
              28.623067732662594
            ],
            [
              77.05266070510834,
              28.622865612648223
            ],
            [
              77.05289095843501,
              28.622865612648223
            ],
            [
              77.05289095843501,
              28.623067732662594
            ],
            [
              77.05266070510834,
              28.623067732662594
            ]
          ]
        ]
      },
      "properties": {
        "synthetic": true,
        "ulpin_demo": "11007510000111",
        "building_id": "BLD-0111",
        "parcel_id": "PAR-A7-34",
        "owner_fictional": "Aarav Mehta",
        "floors": 3,
        "height_m": 9.600000000000001,
        "parcel_area_m2": 506.25,
        "footprint_m2": 272
      }
    },
    {
      "type": "Feature",
      "id": "PAR-A7-44",
      "geometry": {
        "type": "Polygon",
        "coordinates": [
          [
            [
              77.05289095843501,
              28.623067732662594
            ],
            [
              77.05289095843501,
              28.622865612648223
            ],
            [
              77.0531212117617,
              28.622865612648223
            ],
            [
              77.0531212117617,
              28.623067732662594
            ],
            [
              77.05289095843501,
              28.623067732662594
            ]
          ]
        ]
      },
      "properties": {
        "synthetic": true,
        "ulpin_demo": "11007510000112",
        "building_id": "BLD-0112",
        "parcel_id": "PAR-A7-44",
        "owner_fictional": "Sana Gill",
        "floors": 6,
        "height_m": 19.200000000000003,
        "parcel_area_m2": 506.25,
        "footprint_m2": 156
      }
    },
    {
      "type": "Feature",
      "id": "PAR-A8-11",
      "geometry": {
        "type": "Polygon",
        "coordinates": [
          [
            [
              77.0532644804983,
              28.623674092705713
            ],
            [
              77.0532644804983,
              28.62347197269134
            ],
            [
              77.05349473382499,
              28.62347197269134
            ],
            [
              77.05349473382499,
              28.623674092705713
            ],
            [
              77.0532644804983,
              28.623674092705713
            ]
          ]
        ]
      },
      "properties": {
        "synthetic": true,
        "ulpin_demo": "11007510000113",
        "building_id": "BLD-0113",
        "parcel_id": "PAR-A8-11",
        "owner_fictional": "Tara Khanna",
        "floors": 4,
        "height_m": 12.8,
        "parcel_area_m2": 506.25,
        "footprint_m2": 255
      }
    },
    {
      "type": "Feature",
      "id": "PAR-A8-21",
      "geometry": {
        "type": "Polygon",
        "coordinates": [
          [
            [
              77.05349473382499,
              28.623674092705713
            ],
            [
              77.05349473382499,
              28.62347197269134
            ],
            [
              77.05372498715167,
              28.62347197269134
            ],
            [
              77.05372498715167,
              28.623674092705713
            ],
            [
              77.05349473382499,
              28.623674092705713
            ]
          ]
        ]
      },
      "properties": {
        "synthetic": true,
        "ulpin_demo": "11007510000114",
        "building_id": "BLD-0114",
        "parcel_id": "PAR-A8-21",
        "owner_fictional": "Tara Khanna",
        "floors": 6,
        "height_m": 19.200000000000003,
        "parcel_area_m2": 506.25,
        "footprint_m2": 216
      }
    },
    {
      "type": "Feature",
      "id": "PAR-A8-31",
      "geometry": {
        "type": "Polygon",
        "coordinates": [
          [
            [
              77.05372498715167,
              28.623674092705713
            ],
            [
              77.05372498715167,
              28.62347197269134
            ],
            [
              77.05395524047836,
              28.62347197269134
            ],
            [
              77.05395524047836,
              28.623674092705713
            ],
            [
              77.05372498715167,
              28.623674092705713
            ]
          ]
        ]
      },
      "properties": {
        "synthetic": true,
        "ulpin_demo": "11007510000115",
        "building_id": "BLD-0115",
        "parcel_id": "PAR-A8-31",
        "owner_fictional": "Rohan Batra",
        "floors": 4,
        "height_m": 12.8,
        "parcel_area_m2": 506.25,
        "footprint_m2": 168
      }
    },
    {
      "type": "Feature",
      "id": "PAR-A8-41",
      "geometry": {
        "type": "Polygon",
        "coordinates": [
          [
            [
              77.05395524047836,
              28.623674092705713
            ],
            [
              77.05395524047836,
              28.62347197269134
            ],
            [
              77.05418549380504,
              28.62347197269134
            ],
            [
              77.05418549380504,
              28.623674092705713
            ],
            [
              77.05395524047836,
              28.623674092705713
            ]
          ]
        ]
      },
      "properties": {
        "synthetic": true,
        "ulpin_demo": "11007510000116",
        "building_id": "BLD-0116",
        "parcel_id": "PAR-A8-41",
        "owner_fictional": "Vihaan Joshi",
        "floors": 4,
        "height_m": 12.8,
        "parcel_area_m2": 506.25,
        "footprint_m2": 256
      }
    },
    {
      "type": "Feature",
      "id": "PAR-A8-12",
      "geometry": {
        "type": "Polygon",
        "coordinates": [
          [
            [
              77.0532644804983,
              28.62347197269134
            ],
            [
              77.0532644804983,
              28.62326985267697
            ],
            [
              77.05349473382499,
              28.62326985267697
            ],
            [
              77.05349473382499,
              28.62347197269134
            ],
            [
              77.0532644804983,
              28.62347197269134
            ]
          ]
        ]
      },
      "properties": {
        "synthetic": true,
        "ulpin_demo": "11007510000117",
        "building_id": "BLD-0117",
        "parcel_id": "PAR-A8-12",
        "owner_fictional": "Meera Arora",
        "floors": 4,
        "height_m": 12.8,
        "parcel_area_m2": 506.25,
        "footprint_m2": 216
      }
    },
    {
      "type": "Feature",
      "id": "PAR-A8-22",
      "geometry": {
        "type": "Polygon",
        "coordinates": [
          [
            [
              77.05349473382499,
              28.62347197269134
            ],
            [
              77.05349473382499,
              28.62326985267697
            ],
            [
              77.05372498715167,
              28.62326985267697
            ],
            [
              77.05372498715167,
              28.62347197269134
            ],
            [
              77.05349473382499,
              28.62347197269134
            ]
          ]
        ]
      },
      "properties": {
        "synthetic": true,
        "ulpin_demo": "11007510000118",
        "building_id": "BLD-0118",
        "parcel_id": "PAR-A8-22",
        "owner_fictional": "Ishaan Verma",
        "floors": 4,
        "height_m": 12.8,
        "parcel_area_m2": 506.25,
        "footprint_m2": 240
      }
    },
    {
      "type": "Feature",
      "id": "PAR-A8-32",
      "geometry": {
        "type": "Polygon",
        "coordinates": [
          [
            [
              77.05372498715167,
              28.62347197269134
            ],
            [
              77.05372498715167,
              28.62326985267697
            ],
            [
              77.05395524047836,
              28.62326985267697
            ],
            [
              77.05395524047836,
              28.62347197269134
            ],
            [
              77.05372498715167,
              28.62347197269134
            ]
          ]
        ]
      },
      "properties": {
        "synthetic": true,
        "ulpin_demo": "11007510000119",
        "building_id": "BLD-0119",
        "parcel_id": "PAR-A8-32",
        "owner_fictional": "Rohan Batra",
        "floors": 5,
        "height_m": 16,
        "parcel_area_m2": 506.25,
        "footprint_m2": 289
      }
    },
    {
      "type": "Feature",
      "id": "PAR-A8-42",
      "geometry": {
        "type": "Polygon",
        "coordinates": [
          [
            [
              77.05395524047836,
              28.62347197269134
            ],
            [
              77.05395524047836,
              28.62326985267697
            ],
            [
              77.05418549380504,
              28.62326985267697
            ],
            [
              77.05418549380504,
              28.62347197269134
            ],
            [
              77.05395524047836,
              28.62347197269134
            ]
          ]
        ]
      },
      "properties": {
        "synthetic": true,
        "ulpin_demo": "11007510000120",
        "building_id": "BLD-0120",
        "parcel_id": "PAR-A8-42",
        "owner_fictional": "Ishaan Verma",
        "floors": 3,
        "height_m": 9.600000000000001,
        "parcel_area_m2": 506.25,
        "footprint_m2": 224
      }
    },
    {
      "type": "Feature",
      "id": "PAR-A8-13",
      "geometry": {
        "type": "Polygon",
        "coordinates": [
          [
            [
              77.0532644804983,
              28.62326985267697
            ],
            [
              77.0532644804983,
              28.623067732662594
            ],
            [
              77.05349473382499,
              28.623067732662594
            ],
            [
              77.05349473382499,
              28.62326985267697
            ],
            [
              77.0532644804983,
              28.62326985267697
            ]
          ]
        ]
      },
      "properties": {
        "synthetic": true,
        "ulpin_demo": "11007510000121",
        "building_id": "BLD-0121",
        "parcel_id": "PAR-A8-13",
        "owner_fictional": "Tara Khanna",
        "floors": 6,
        "height_m": 19.200000000000003,
        "parcel_area_m2": 506.25,
        "footprint_m2": 238
      }
    },
    {
      "type": "Feature",
      "id": "PAR-A8-23",
      "geometry": {
        "type": "Polygon",
        "coordinates": [
          [
            [
              77.05349473382499,
              28.62326985267697
            ],
            [
              77.05349473382499,
              28.623067732662594
            ],
            [
              77.05372498715167,
              28.623067732662594
            ],
            [
              77.05372498715167,
              28.62326985267697
            ],
            [
              77.05349473382499,
              28.62326985267697
            ]
          ]
        ]
      },
      "properties": {
        "synthetic": true,
        "ulpin_demo": "11007510000122",
        "building_id": "BLD-0122",
        "parcel_id": "PAR-A8-23",
        "owner_fictional": "Nisha Anand",
        "floors": 6,
        "height_m": 19.200000000000003,
        "parcel_area_m2": 506.25,
        "footprint_m2": 169
      }
    },
    {
      "type": "Feature",
      "id": "PAR-A8-33",
      "geometry": {
        "type": "Polygon",
        "coordinates": [
          [
            [
              77.05372498715167,
              28.62326985267697
            ],
            [
              77.05372498715167,
              28.623067732662594
            ],
            [
              77.05395524047836,
              28.623067732662594
            ],
            [
              77.05395524047836,
              28.62326985267697
            ],
            [
              77.05372498715167,
              28.62326985267697
            ]
          ]
        ]
      },
      "properties": {
        "synthetic": true,
        "ulpin_demo": "11007510000123",
        "building_id": "BLD-0123",
        "parcel_id": "PAR-A8-33",
        "owner_fictional": "Riya Saxena",
        "floors": 4,
        "height_m": 12.8,
        "parcel_area_m2": 506.25,
        "footprint_m2": 210
      }
    },
    {
      "type": "Feature",
      "id": "PAR-A8-43",
      "geometry": {
        "type": "Polygon",
        "coordinates": [
          [
            [
              77.05395524047836,
              28.62326985267697
            ],
            [
              77.05395524047836,
              28.623067732662594
            ],
            [
              77.05418549380504,
              28.623067732662594
            ],
            [
              77.05418549380504,
              28.62326985267697
            ],
            [
              77.05395524047836,
              28.62326985267697
            ]
          ]
        ]
      },
      "properties": {
        "synthetic": true,
        "ulpin_demo": "11007510000124",
        "building_id": "BLD-0124",
        "parcel_id": "PAR-A8-43",
        "owner_fictional": "Rohan Batra",
        "floors": 5,
        "height_m": 16,
        "parcel_area_m2": 506.25,
        "footprint_m2": 180
      }
    },
    {
      "type": "Feature",
      "id": "PAR-A8-14",
      "geometry": {
        "type": "Polygon",
        "coordinates": [
          [
            [
              77.0532644804983,
              28.623067732662594
            ],
            [
              77.0532644804983,
              28.622865612648223
            ],
            [
              77.05349473382499,
              28.622865612648223
            ],
            [
              77.05349473382499,
              28.623067732662594
            ],
            [
              77.0532644804983,
              28.623067732662594
            ]
          ]
        ]
      },
      "properties": {
        "synthetic": true,
        "ulpin_demo": "11007510000125",
        "building_id": "BLD-0125",
        "parcel_id": "PAR-A8-14",
        "owner_fictional": "Vihaan Joshi",
        "floors": 3,
        "height_m": 9.600000000000001,
        "parcel_area_m2": 506.25,
        "footprint_m2": 238
      }
    },
    {
      "type": "Feature",
      "id": "PAR-A8-24",
      "geometry": {
        "type": "Polygon",
        "coordinates": [
          [
            [
              77.05349473382499,
              28.623067732662594
            ],
            [
              77.05349473382499,
              28.622865612648223
            ],
            [
              77.05372498715167,
              28.622865612648223
            ],
            [
              77.05372498715167,
              28.623067732662594
            ],
            [
              77.05349473382499,
              28.623067732662594
            ]
          ]
        ]
      },
      "properties": {
        "synthetic": true,
        "ulpin_demo": "11007510000126",
        "building_id": "BLD-0126",
        "parcel_id": "PAR-A8-24",
        "owner_fictional": "Sana Gill",
        "floors": 6,
        "height_m": 19.200000000000003,
        "parcel_area_m2": 506.25,
        "footprint_m2": 208
      }
    },
    {
      "type": "Feature",
      "id": "PAR-A8-34",
      "geometry": {
        "type": "Polygon",
        "coordinates": [
          [
            [
              77.05372498715167,
              28.623067732662594
            ],
            [
              77.05372498715167,
              28.622865612648223
            ],
            [
              77.05395524047836,
              28.622865612648223
            ],
            [
              77.05395524047836,
              28.623067732662594
            ],
            [
              77.05372498715167,
              28.623067732662594
            ]
          ]
        ]
      },
      "properties": {
        "synthetic": true,
        "ulpin_demo": "11007510000127",
        "building_id": "BLD-0127",
        "parcel_id": "PAR-A8-34",
        "owner_fictional": "Ananya Rao",
        "floors": 3,
        "height_m": 9.600000000000001,
        "parcel_area_m2": 506.25,
        "footprint_m2": 168
      }
    },
    {
      "type": "Feature",
      "id": "PAR-A8-44",
      "geometry": {
        "type": "Polygon",
        "coordinates": [
          [
            [
              77.05395524047836,
              28.623067732662594
            ],
            [
              77.05395524047836,
              28.622865612648223
            ],
            [
              77.05418549380504,
              28.622865612648223
            ],
            [
              77.05418549380504,
              28.623067732662594
            ],
            [
              77.05395524047836,
              28.623067732662594
            ]
          ]
        ]
      },
      "properties": {
        "synthetic": true,
        "ulpin_demo": "11007510000128",
        "building_id": "BLD-0128",
        "parcel_id": "PAR-A8-44",
        "owner_fictional": "Kavya Sethi",
        "floors": 4,
        "height_m": 12.8,
        "parcel_area_m2": 506.25,
        "footprint_m2": 255
      }
    },
    {
      "type": "Feature",
      "id": "PAR-B1-11",
      "geometry": {
        "type": "Polygon",
        "coordinates": [
          [
            [
              77.04581450619496,
              28.622739849083725
            ],
            [
              77.04581450619496,
              28.62253772906935
            ],
            [
              77.04604475952164,
              28.62253772906935
            ],
            [
              77.04604475952164,
              28.622739849083725
            ],
            [
              77.04581450619496,
              28.622739849083725
            ]
          ]
        ]
      },
      "properties": {
        "synthetic": true,
        "ulpin_demo": "11007510000129",
        "building_id": "BLD-0129",
        "parcel_id": "PAR-B1-11",
        "owner_fictional": "Dev Ahuja",
        "floors": 4,
        "height_m": 12.8,
        "parcel_area_m2": 506.25,
        "footprint_m2": 210
      }
    },
    {
      "type": "Feature",
      "id": "PAR-B1-21",
      "geometry": {
        "type": "Polygon",
        "coordinates": [
          [
            [
              77.04604475952164,
              28.622739849083725
            ],
            [
              77.04604475952164,
              28.62253772906935
            ],
            [
              77.04627501284833,
              28.62253772906935
            ],
            [
              77.04627501284833,
              28.622739849083725
            ],
            [
              77.04604475952164,
              28.622739849083725
            ]
          ]
        ]
      },
      "properties": {
        "synthetic": true,
        "ulpin_demo": "11007510000130",
        "building_id": "BLD-0130",
        "parcel_id": "PAR-B1-21",
        "owner_fictional": "Arjun Sinha",
        "floors": 6,
        "height_m": 19.200000000000003,
        "parcel_area_m2": 506.25,
        "footprint_m2": 288
      }
    },
    {
      "type": "Feature",
      "id": "PAR-B1-31",
      "geometry": {
        "type": "Polygon",
        "coordinates": [
          [
            [
              77.04627501284833,
              28.622739849083725
            ],
            [
              77.04627501284833,
              28.62253772906935
            ],
            [
              77.046505266175,
              28.62253772906935
            ],
            [
              77.046505266175,
              28.622739849083725
            ],
            [
              77.04627501284833,
              28.622739849083725
            ]
          ]
        ]
      },
      "properties": {
        "synthetic": true,
        "ulpin_demo": "11007510000131",
        "building_id": "BLD-0131",
        "parcel_id": "PAR-B1-31",
        "owner_fictional": "Ishaan Verma",
        "floors": 5,
        "height_m": 16,
        "parcel_area_m2": 506.25,
        "footprint_m2": 196
      }
    },
    {
      "type": "Feature",
      "id": "PAR-B1-41",
      "geometry": {
        "type": "Polygon",
        "coordinates": [
          [
            [
              77.046505266175,
              28.622739849083725
            ],
            [
              77.046505266175,
              28.62253772906935
            ],
            [
              77.0467355195017,
              28.62253772906935
            ],
            [
              77.0467355195017,
              28.622739849083725
            ],
            [
              77.046505266175,
              28.622739849083725
            ]
          ]
        ]
      },
      "properties": {
        "synthetic": true,
        "ulpin_demo": "11007510000132",
        "building_id": "BLD-0132",
        "parcel_id": "PAR-B1-41",
        "owner_fictional": "Kabir Nair",
        "floors": 6,
        "height_m": 19.200000000000003,
        "parcel_area_m2": 506.25,
        "footprint_m2": 216
      }
    },
    {
      "type": "Feature",
      "id": "PAR-B1-12",
      "geometry": {
        "type": "Polygon",
        "coordinates": [
          [
            [
              77.04581450619496,
              28.62253772906935
            ],
            [
              77.04581450619496,
              28.62233560905498
            ],
            [
              77.04604475952164,
              28.62233560905498
            ],
            [
              77.04604475952164,
              28.62253772906935
            ],
            [
              77.04581450619496,
              28.62253772906935
            ]
          ]
        ]
      },
      "properties": {
        "synthetic": true,
        "ulpin_demo": "11007510000133",
        "building_id": "BLD-0133",
        "parcel_id": "PAR-B1-12",
        "owner_fictional": "Neel Kapoor",
        "floors": 4,
        "height_m": 12.8,
        "parcel_area_m2": 506.25,
        "footprint_m2": 210
      }
    },
    {
      "type": "Feature",
      "id": "PAR-B1-22",
      "geometry": {
        "type": "Polygon",
        "coordinates": [
          [
            [
              77.04604475952164,
              28.62253772906935
            ],
            [
              77.04604475952164,
              28.62233560905498
            ],
            [
              77.04627501284833,
              28.62233560905498
            ],
            [
              77.04627501284833,
              28.62253772906935
            ],
            [
              77.04604475952164,
              28.62253772906935
            ]
          ]
        ]
      },
      "properties": {
        "synthetic": true,
        "ulpin_demo": "11007510000134",
        "building_id": "BLD-0134",
        "parcel_id": "PAR-B1-22",
        "owner_fictional": "Ishaan Verma",
        "floors": 5,
        "height_m": 16,
        "parcel_area_m2": 506.25,
        "footprint_m2": 306
      }
    },
    {
      "type": "Feature",
      "id": "PAR-B1-32",
      "geometry": {
        "type": "Polygon",
        "coordinates": [
          [
            [
              77.04627501284833,
              28.62253772906935
            ],
            [
              77.04627501284833,
              28.62233560905498
            ],
            [
              77.046505266175,
              28.62233560905498
            ],
            [
              77.046505266175,
              28.62253772906935
            ],
            [
              77.04627501284833,
              28.62253772906935
            ]
          ]
        ]
      },
      "properties": {
        "synthetic": true,
        "ulpin_demo": "11007510000135",
        "building_id": "BLD-0135",
        "parcel_id": "PAR-B1-32",
        "owner_fictional": "Sana Gill",
        "floors": 3,
        "height_m": 9.600000000000001,
        "parcel_area_m2": 506.25,
        "footprint_m2": 255
      }
    },
    {
      "type": "Feature",
      "id": "PAR-B1-42",
      "geometry": {
        "type": "Polygon",
        "coordinates": [
          [
            [
              77.046505266175,
              28.62253772906935
            ],
            [
              77.046505266175,
              28.62233560905498
            ],
            [
              77.0467355195017,
              28.62233560905498
            ],
            [
              77.0467355195017,
              28.62253772906935
            ],
            [
              77.046505266175,
              28.62253772906935
            ]
          ]
        ]
      },
      "properties": {
        "synthetic": true,
        "ulpin_demo": "11007510000136",
        "building_id": "BLD-0136",
        "parcel_id": "PAR-B1-42",
        "owner_fictional": "Ananya Rao",
        "floors": 3,
        "height_m": 9.600000000000001,
        "parcel_area_m2": 506.25,
        "footprint_m2": 238
      }
    },
    {
      "type": "Feature",
      "id": "PAR-B1-13",
      "geometry": {
        "type": "Polygon",
        "coordinates": [
          [
            [
              77.04581450619496,
              28.62233560905498
            ],
            [
              77.04581450619496,
              28.622133489040603
            ],
            [
              77.04604475952164,
              28.622133489040603
            ],
            [
              77.04604475952164,
              28.62233560905498
            ],
            [
              77.04581450619496,
              28.62233560905498
            ]
          ]
        ]
      },
      "properties": {
        "synthetic": true,
        "ulpin_demo": "11007510000137",
        "building_id": "BLD-0137",
        "parcel_id": "PAR-B1-13",
        "owner_fictional": "Ishaan Verma",
        "floors": 3,
        "height_m": 9.600000000000001,
        "parcel_area_m2": 506.25,
        "footprint_m2": 195
      }
    },
    {
      "type": "Feature",
      "id": "PAR-B1-23",
      "geometry": {
        "type": "Polygon",
        "coordinates": [
          [
            [
              77.04604475952164,
              28.62233560905498
            ],
            [
              77.04604475952164,
              28.622133489040603
            ],
            [
              77.04627501284833,
              28.622133489040603
            ],
            [
              77.04627501284833,
              28.62233560905498
            ],
            [
              77.04604475952164,
              28.62233560905498
            ]
          ]
        ]
      },
      "properties": {
        "synthetic": true,
        "ulpin_demo": "11007510000138",
        "building_id": "BLD-0138",
        "parcel_id": "PAR-B1-23",
        "owner_fictional": "Tara Khanna",
        "floors": 5,
        "height_m": 16,
        "parcel_area_m2": 506.25,
        "footprint_m2": 169
      }
    },
    {
      "type": "Feature",
      "id": "PAR-B1-33",
      "geometry": {
        "type": "Polygon",
        "coordinates": [
          [
            [
              77.04627501284833,
              28.62233560905498
            ],
            [
              77.04627501284833,
              28.622133489040603
            ],
            [
              77.046505266175,
              28.622133489040603
            ],
            [
              77.046505266175,
              28.62233560905498
            ],
            [
              77.04627501284833,
              28.62233560905498
            ]
          ]
        ]
      },
      "properties": {
        "synthetic": true,
        "ulpin_demo": "11007510000139",
        "building_id": "BLD-0139",
        "parcel_id": "PAR-B1-33",
        "owner_fictional": "Aarav Mehta",
        "floors": 4,
        "height_m": 12.8,
        "parcel_area_m2": 506.25,
        "footprint_m2": 208
      }
    },
    {
      "type": "Feature",
      "id": "PAR-B1-43",
      "geometry": {
        "type": "Polygon",
        "coordinates": [
          [
            [
              77.046505266175,
              28.62233560905498
            ],
            [
              77.046505266175,
              28.622133489040603
            ],
            [
              77.0467355195017,
              28.622133489040603
            ],
            [
              77.0467355195017,
              28.62233560905498
            ],
            [
              77.046505266175,
              28.62233560905498
            ]
          ]
        ]
      },
      "properties": {
        "synthetic": true,
        "ulpin_demo": "11007510000140",
        "building_id": "BLD-0140",
        "parcel_id": "PAR-B1-43",
        "owner_fictional": "Riya Saxena",
        "floors": 5,
        "height_m": 16,
        "parcel_area_m2": 506.25,
        "footprint_m2": 224
      }
    },
    {
      "type": "Feature",
      "id": "PAR-B1-14",
      "geometry": {
        "type": "Polygon",
        "coordinates": [
          [
            [
              77.04581450619496,
              28.622133489040603
            ],
            [
              77.04581450619496,
              28.621931369026232
            ],
            [
              77.04604475952164,
              28.621931369026232
            ],
            [
              77.04604475952164,
              28.622133489040603
            ],
            [
              77.04581450619496,
              28.622133489040603
            ]
          ]
        ]
      },
      "properties": {
        "synthetic": true,
        "ulpin_demo": "11007510000141",
        "building_id": "BLD-0141",
        "parcel_id": "PAR-B1-14",
        "owner_fictional": "Meera Arora",
        "floors": 5,
        "height_m": 16,
        "parcel_area_m2": 506.25,
        "footprint_m2": 240
      }
    },
    {
      "type": "Feature",
      "id": "PAR-B1-24",
      "geometry": {
        "type": "Polygon",
        "coordinates": [
          [
            [
              77.04604475952164,
              28.622133489040603
            ],
            [
              77.04604475952164,
              28.621931369026232
            ],
            [
              77.04627501284833,
              28.621931369026232
            ],
            [
              77.04627501284833,
              28.622133489040603
            ],
            [
              77.04604475952164,
              28.622133489040603
            ]
          ]
        ]
      },
      "properties": {
        "synthetic": true,
        "ulpin_demo": "11007510000142",
        "building_id": "BLD-0142",
        "parcel_id": "PAR-B1-24",
        "owner_fictional": "Neel Kapoor",
        "floors": 6,
        "height_m": 19.200000000000003,
        "parcel_area_m2": 506.25,
        "footprint_m2": 208
      }
    },
    {
      "type": "Feature",
      "id": "PAR-B1-34",
      "geometry": {
        "type": "Polygon",
        "coordinates": [
          [
            [
              77.04627501284833,
              28.622133489040603
            ],
            [
              77.04627501284833,
              28.621931369026232
            ],
            [
              77.046505266175,
              28.621931369026232
            ],
            [
              77.046505266175,
              28.622133489040603
            ],
            [
              77.04627501284833,
              28.622133489040603
            ]
          ]
        ]
      },
      "properties": {
        "synthetic": true,
        "ulpin_demo": "11007510000143",
        "building_id": "BLD-0143",
        "parcel_id": "PAR-B1-34",
        "owner_fictional": "Riya Saxena",
        "floors": 5,
        "height_m": 16,
        "parcel_area_m2": 506.25,
        "footprint_m2": 210
      }
    },
    {
      "type": "Feature",
      "id": "PAR-B1-44",
      "geometry": {
        "type": "Polygon",
        "coordinates": [
          [
            [
              77.046505266175,
              28.622133489040603
            ],
            [
              77.046505266175,
              28.621931369026232
            ],
            [
              77.0467355195017,
              28.621931369026232
            ],
            [
              77.0467355195017,
              28.622133489040603
            ],
            [
              77.046505266175,
              28.622133489040603
            ]
          ]
        ]
      },
      "properties": {
        "synthetic": true,
        "ulpin_demo": "11007510000144",
        "building_id": "BLD-0144",
        "parcel_id": "PAR-B1-44",
        "owner_fictional": "Aarav Mehta",
        "floors": 3,
        "height_m": 9.600000000000001,
        "parcel_area_m2": 506.25,
        "footprint_m2": 234
      }
    },
    {
      "type": "Feature",
      "id": "PAR-B3-11",
      "geometry": {
        "type": "Polygon",
        "coordinates": [
          [
            [
              77.04794307028163,
              28.622739849083725
            ],
            [
              77.04794307028163,
              28.62253772906935
            ],
            [
              77.04817332360831,
              28.62253772906935
            ],
            [
              77.04817332360831,
              28.622739849083725
            ],
            [
              77.04794307028163,
              28.622739849083725
            ]
          ]
        ]
      },
      "properties": {
        "synthetic": true,
        "ulpin_demo": "11007510000145",
        "building_id": "BLD-0145",
        "parcel_id": "PAR-B3-11",
        "owner_fictional": "Ananya Rao",
        "floors": 6,
        "height_m": 19.200000000000003,
        "parcel_area_m2": 506.25,
        "footprint_m2": 208
      }
    },
    {
      "type": "Feature",
      "id": "PAR-B3-21",
      "geometry": {
        "type": "Polygon",
        "coordinates": [
          [
            [
              77.04817332360831,
              28.622739849083725
            ],
            [
              77.04817332360831,
              28.62253772906935
            ],
            [
              77.04840357693499,
              28.62253772906935
            ],
            [
              77.04840357693499,
              28.622739849083725
            ],
            [
              77.04817332360831,
              28.622739849083725
            ]
          ]
        ]
      },
      "properties": {
        "synthetic": true,
        "ulpin_demo": "11007510000146",
        "building_id": "BLD-0146",
        "parcel_id": "PAR-B3-21",
        "owner_fictional": "Neel Kapoor",
        "floors": 4,
        "height_m": 12.8,
        "parcel_area_m2": 506.25,
        "footprint_m2": 224
      }
    },
    {
      "type": "Feature",
      "id": "PAR-B3-31",
      "geometry": {
        "type": "Polygon",
        "coordinates": [
          [
            [
              77.04840357693499,
              28.622739849083725
            ],
            [
              77.04840357693499,
              28.62253772906935
            ],
            [
              77.04863383026168,
              28.62253772906935
            ],
            [
              77.04863383026168,
              28.622739849083725
            ],
            [
              77.04840357693499,
              28.622739849083725
            ]
          ]
        ]
      },
      "properties": {
        "synthetic": true,
        "ulpin_demo": "11007510000147",
        "building_id": "BLD-0147",
        "parcel_id": "PAR-B3-31",
        "owner_fictional": "Kabir Nair",
        "floors": 4,
        "height_m": 12.8,
        "parcel_area_m2": 506.25,
        "footprint_m2": 195
      }
    },
    {
      "type": "Feature",
      "id": "PAR-B3-41",
      "geometry": {
        "type": "Polygon",
        "coordinates": [
          [
            [
              77.04863383026168,
              28.622739849083725
            ],
            [
              77.04863383026168,
              28.62253772906935
            ],
            [
              77.04886408358836,
              28.62253772906935
            ],
            [
              77.04886408358836,
              28.622739849083725
            ],
            [
              77.04863383026168,
              28.622739849083725
            ]
          ]
        ]
      },
      "properties": {
        "synthetic": true,
        "ulpin_demo": "11007510000148",
        "building_id": "BLD-0148",
        "parcel_id": "PAR-B3-41",
        "owner_fictional": "Kabir Nair",
        "floors": 6,
        "height_m": 19.200000000000003,
        "parcel_area_m2": 506.25,
        "footprint_m2": 221
      }
    },
    {
      "type": "Feature",
      "id": "PAR-B3-12",
      "geometry": {
        "type": "Polygon",
        "coordinates": [
          [
            [
              77.04794307028163,
              28.62253772906935
            ],
            [
              77.04794307028163,
              28.62233560905498
            ],
            [
              77.04817332360831,
              28.62233560905498
            ],
            [
              77.04817332360831,
              28.62253772906935
            ],
            [
              77.04794307028163,
              28.62253772906935
            ]
          ]
        ]
      },
      "properties": {
        "synthetic": true,
        "ulpin_demo": "11007510000149",
        "building_id": "BLD-0149",
        "parcel_id": "PAR-B3-12",
        "owner_fictional": "Ananya Rao",
        "floors": 3,
        "height_m": 9.600000000000001,
        "parcel_area_m2": 506.25,
        "footprint_m2": 256
      }
    },
    {
      "type": "Feature",
      "id": "PAR-B3-22",
      "geometry": {
        "type": "Polygon",
        "coordinates": [
          [
            [
              77.04817332360831,
              28.62253772906935
            ],
            [
              77.04817332360831,
              28.62233560905498
            ],
            [
              77.04840357693499,
              28.62233560905498
            ],
            [
              77.04840357693499,
              28.62253772906935
            ],
            [
              77.04817332360831,
              28.62253772906935
            ]
          ]
        ]
      },
      "properties": {
        "synthetic": true,
        "ulpin_demo": "11007510000150",
        "building_id": "BLD-0150",
        "parcel_id": "PAR-B3-22",
        "owner_fictional": "Arjun Sinha",
        "floors": 6,
        "height_m": 19.200000000000003,
        "parcel_area_m2": 506.25,
        "footprint_m2": 252
      }
    },
    {
      "type": "Feature",
      "id": "PAR-B3-32",
      "geometry": {
        "type": "Polygon",
        "coordinates": [
          [
            [
              77.04840357693499,
              28.62253772906935
            ],
            [
              77.04840357693499,
              28.62233560905498
            ],
            [
              77.04863383026168,
              28.62233560905498
            ],
            [
              77.04863383026168,
              28.62253772906935
            ],
            [
              77.04840357693499,
              28.62253772906935
            ]
          ]
        ]
      },
      "properties": {
        "synthetic": true,
        "ulpin_demo": "11007510000151",
        "building_id": "BLD-0151",
        "parcel_id": "PAR-B3-32",
        "owner_fictional": "Diya Malhotra",
        "floors": 5,
        "height_m": 16,
        "parcel_area_m2": 506.25,
        "footprint_m2": 195
      }
    },
    {
      "type": "Feature",
      "id": "PAR-B3-42",
      "geometry": {
        "type": "Polygon",
        "coordinates": [
          [
            [
              77.04863383026168,
              28.62253772906935
            ],
            [
              77.04863383026168,
              28.62233560905498
            ],
            [
              77.04886408358836,
              28.62233560905498
            ],
            [
              77.04886408358836,
              28.62253772906935
            ],
            [
              77.04863383026168,
              28.62253772906935
            ]
          ]
        ]
      },
      "properties": {
        "synthetic": true,
        "ulpin_demo": "11007510000152",
        "building_id": "BLD-0152",
        "parcel_id": "PAR-B3-42",
        "owner_fictional": "Vihaan Joshi",
        "floors": 3,
        "height_m": 9.600000000000001,
        "parcel_area_m2": 506.25,
        "footprint_m2": 238
      }
    },
    {
      "type": "Feature",
      "id": "PAR-B3-13",
      "geometry": {
        "type": "Polygon",
        "coordinates": [
          [
            [
              77.04794307028163,
              28.62233560905498
            ],
            [
              77.04794307028163,
              28.622133489040603
            ],
            [
              77.04817332360831,
              28.622133489040603
            ],
            [
              77.04817332360831,
              28.62233560905498
            ],
            [
              77.04794307028163,
              28.62233560905498
            ]
          ]
        ]
      },
      "properties": {
        "synthetic": true,
        "ulpin_demo": "11007510000153",
        "building_id": "BLD-0153",
        "parcel_id": "PAR-B3-13",
        "owner_fictional": "Sana Gill",
        "floors": 3,
        "height_m": 9.600000000000001,
        "parcel_area_m2": 506.25,
        "footprint_m2": 224
      }
    },
    {
      "type": "Feature",
      "id": "PAR-B3-23",
      "geometry": {
        "type": "Polygon",
        "coordinates": [
          [
            [
              77.04817332360831,
              28.62233560905498
            ],
            [
              77.04817332360831,
              28.622133489040603
            ],
            [
              77.04840357693499,
              28.622133489040603
            ],
            [
              77.04840357693499,
              28.62233560905498
            ],
            [
              77.04817332360831,
              28.62233560905498
            ]
          ]
        ]
      },
      "properties": {
        "synthetic": true,
        "ulpin_demo": "11007510000154",
        "building_id": "BLD-0154",
        "parcel_id": "PAR-B3-23",
        "owner_fictional": "Ananya Rao",
        "floors": 3,
        "height_m": 9.600000000000001,
        "parcel_area_m2": 506.25,
        "footprint_m2": 221
      }
    },
    {
      "type": "Feature",
      "id": "PAR-B3-33",
      "geometry": {
        "type": "Polygon",
        "coordinates": [
          [
            [
              77.04840357693499,
              28.62233560905498
            ],
            [
              77.04840357693499,
              28.622133489040603
            ],
            [
              77.04863383026168,
              28.622133489040603
            ],
            [
              77.04863383026168,
              28.62233560905498
            ],
            [
              77.04840357693499,
              28.62233560905498
            ]
          ]
        ]
      },
      "properties": {
        "synthetic": true,
        "ulpin_demo": "11007510000155",
        "building_id": "BLD-0155",
        "parcel_id": "PAR-B3-33",
        "owner_fictional": "Sana Gill",
        "floors": 3,
        "height_m": 9.600000000000001,
        "parcel_area_m2": 506.25,
        "footprint_m2": 156
      }
    },
    {
      "type": "Feature",
      "id": "PAR-B3-43",
      "geometry": {
        "type": "Polygon",
        "coordinates": [
          [
            [
              77.04863383026168,
              28.62233560905498
            ],
            [
              77.04863383026168,
              28.622133489040603
            ],
            [
              77.04886408358836,
              28.622133489040603
            ],
            [
              77.04886408358836,
              28.62233560905498
            ],
            [
              77.04863383026168,
              28.62233560905498
            ]
          ]
        ]
      },
      "properties": {
        "synthetic": true,
        "ulpin_demo": "11007510000156",
        "building_id": "BLD-0156",
        "parcel_id": "PAR-B3-43",
        "owner_fictional": "Kabir Nair",
        "floors": 3,
        "height_m": 9.600000000000001,
        "parcel_area_m2": 506.25,
        "footprint_m2": 252
      }
    },
    {
      "type": "Feature",
      "id": "PAR-B3-14",
      "geometry": {
        "type": "Polygon",
        "coordinates": [
          [
            [
              77.04794307028163,
              28.622133489040603
            ],
            [
              77.04794307028163,
              28.621931369026232
            ],
            [
              77.04817332360831,
              28.621931369026232
            ],
            [
              77.04817332360831,
              28.622133489040603
            ],
            [
              77.04794307028163,
              28.622133489040603
            ]
          ]
        ]
      },
      "properties": {
        "synthetic": true,
        "ulpin_demo": "11007510000157",
        "building_id": "BLD-0157",
        "parcel_id": "PAR-B3-14",
        "owner_fictional": "Kabir Nair",
        "floors": 5,
        "height_m": 16,
        "parcel_area_m2": 506.25,
        "footprint_m2": 238
      }
    },
    {
      "type": "Feature",
      "id": "PAR-B3-24",
      "geometry": {
        "type": "Polygon",
        "coordinates": [
          [
            [
              77.04817332360831,
              28.622133489040603
            ],
            [
              77.04817332360831,
              28.621931369026232
            ],
            [
              77.04840357693499,
              28.621931369026232
            ],
            [
              77.04840357693499,
              28.622133489040603
            ],
            [
              77.04817332360831,
              28.622133489040603
            ]
          ]
        ]
      },
      "properties": {
        "synthetic": true,
        "ulpin_demo": "11007510000158",
        "building_id": "BLD-0158",
        "parcel_id": "PAR-B3-24",
        "owner_fictional": "Vihaan Joshi",
        "floors": 5,
        "height_m": 16,
        "parcel_area_m2": 506.25,
        "footprint_m2": 208
      }
    },
    {
      "type": "Feature",
      "id": "PAR-B3-34",
      "geometry": {
        "type": "Polygon",
        "coordinates": [
          [
            [
              77.04840357693499,
              28.622133489040603
            ],
            [
              77.04840357693499,
              28.621931369026232
            ],
            [
              77.04863383026168,
              28.621931369026232
            ],
            [
              77.04863383026168,
              28.622133489040603
            ],
            [
              77.04840357693499,
              28.622133489040603
            ]
          ]
        ]
      },
      "properties": {
        "synthetic": true,
        "ulpin_demo": "11007510000159",
        "building_id": "BLD-0159",
        "parcel_id": "PAR-B3-34",
        "owner_fictional": "Sana Gill",
        "floors": 3,
        "height_m": 9.600000000000001,
        "parcel_area_m2": 506.25,
        "footprint_m2": 210
      }
    },
    {
      "type": "Feature",
      "id": "PAR-B3-44",
      "geometry": {
        "type": "Polygon",
        "coordinates": [
          [
            [
              77.04863383026168,
              28.622133489040603
            ],
            [
              77.04863383026168,
              28.621931369026232
            ],
            [
              77.04886408358836,
              28.621931369026232
            ],
            [
              77.04886408358836,
              28.622133489040603
            ],
            [
              77.04863383026168,
              28.622133489040603
            ]
          ]
        ]
      },
      "properties": {
        "synthetic": true,
        "ulpin_demo": "11007510000160",
        "building_id": "BLD-0160",
        "parcel_id": "PAR-B3-44",
        "owner_fictional": "Tara Khanna",
        "floors": 5,
        "height_m": 16,
        "parcel_area_m2": 506.25,
        "footprint_m2": 182
      }
    },
    {
      "type": "Feature",
      "id": "PAR-B4-11",
      "geometry": {
        "type": "Polygon",
        "coordinates": [
          [
            [
              77.04900735232496,
              28.622739849083725
            ],
            [
              77.04900735232496,
              28.62253772906935
            ],
            [
              77.04923760565164,
              28.62253772906935
            ],
            [
              77.04923760565164,
              28.622739849083725
            ],
            [
              77.04900735232496,
              28.622739849083725
            ]
          ]
        ]
      },
      "properties": {
        "synthetic": true,
        "ulpin_demo": "11007510000161",
        "building_id": "BLD-0161",
        "parcel_id": "PAR-B4-11",
        "owner_fictional": "Vihaan Joshi",
        "floors": 3,
        "height_m": 9.600000000000001,
        "parcel_area_m2": 506.25,
        "footprint_m2": 270
      }
    },
    {
      "type": "Feature",
      "id": "PAR-B4-21",
      "geometry": {
        "type": "Polygon",
        "coordinates": [
          [
            [
              77.04923760565164,
              28.622739849083725
            ],
            [
              77.04923760565164,
              28.62253772906935
            ],
            [
              77.04946785897833,
              28.62253772906935
            ],
            [
              77.04946785897833,
              28.622739849083725
            ],
            [
              77.04923760565164,
              28.622739849083725
            ]
          ]
        ]
      },
      "properties": {
        "synthetic": true,
        "ulpin_demo": "11007510000162",
        "building_id": "BLD-0162",
        "parcel_id": "PAR-B4-21",
        "owner_fictional": "Arjun Sinha",
        "floors": 6,
        "height_m": 19.200000000000003,
        "parcel_area_m2": 506.25,
        "footprint_m2": 210
      }
    },
    {
      "type": "Feature",
      "id": "PAR-B4-31",
      "geometry": {
        "type": "Polygon",
        "coordinates": [
          [
            [
              77.04946785897833,
              28.622739849083725
            ],
            [
              77.04946785897833,
              28.62253772906935
            ],
            [
              77.04969811230501,
              28.62253772906935
            ],
            [
              77.04969811230501,
              28.622739849083725
            ],
            [
              77.04946785897833,
              28.622739849083725
            ]
          ]
        ]
      },
      "properties": {
        "synthetic": true,
        "ulpin_demo": "11007510000163",
        "building_id": "BLD-0163",
        "parcel_id": "PAR-B4-31",
        "owner_fictional": "Vihaan Joshi",
        "floors": 5,
        "height_m": 16,
        "parcel_area_m2": 506.25,
        "footprint_m2": 240
      }
    },
    {
      "type": "Feature",
      "id": "PAR-B4-41",
      "geometry": {
        "type": "Polygon",
        "coordinates": [
          [
            [
              77.04969811230501,
              28.622739849083725
            ],
            [
              77.04969811230501,
              28.62253772906935
            ],
            [
              77.0499283656317,
              28.62253772906935
            ],
            [
              77.0499283656317,
              28.622739849083725
            ],
            [
              77.04969811230501,
              28.622739849083725
            ]
          ]
        ]
      },
      "properties": {
        "synthetic": true,
        "ulpin_demo": "11007510000164",
        "building_id": "BLD-0164",
        "parcel_id": "PAR-B4-41",
        "owner_fictional": "Riya Saxena",
        "floors": 6,
        "height_m": 19.200000000000003,
        "parcel_area_m2": 506.25,
        "footprint_m2": 169
      }
    },
    {
      "type": "Feature",
      "id": "PAR-B4-12",
      "geometry": {
        "type": "Polygon",
        "coordinates": [
          [
            [
              77.04900735232496,
              28.62253772906935
            ],
            [
              77.04900735232496,
              28.62233560905498
            ],
            [
              77.04923760565164,
              28.62233560905498
            ],
            [
              77.04923760565164,
              28.62253772906935
            ],
            [
              77.04900735232496,
              28.62253772906935
            ]
          ]
        ]
      },
      "properties": {
        "synthetic": true,
        "ulpin_demo": "11007510000165",
        "building_id": "BLD-0165",
        "parcel_id": "PAR-B4-12",
        "owner_fictional": "Neel Kapoor",
        "floors": 3,
        "height_m": 9.600000000000001,
        "parcel_area_m2": 506.25,
        "footprint_m2": 240
      }
    },
    {
      "type": "Feature",
      "id": "PAR-B4-22",
      "geometry": {
        "type": "Polygon",
        "coordinates": [
          [
            [
              77.04923760565164,
              28.62253772906935
            ],
            [
              77.04923760565164,
              28.62233560905498
            ],
            [
              77.04946785897833,
              28.62233560905498
            ],
            [
              77.04946785897833,
              28.62253772906935
            ],
            [
              77.04923760565164,
              28.62253772906935
            ]
          ]
        ]
      },
      "properties": {
        "synthetic": true,
        "ulpin_demo": "11007510000166",
        "building_id": "BLD-0166",
        "parcel_id": "PAR-B4-22",
        "owner_fictional": "Neel Kapoor",
        "floors": 6,
        "height_m": 19.200000000000003,
        "parcel_area_m2": 506.25,
        "footprint_m2": 195
      }
    },
    {
      "type": "Feature",
      "id": "PAR-B4-32",
      "geometry": {
        "type": "Polygon",
        "coordinates": [
          [
            [
              77.04946785897833,
              28.62253772906935
            ],
            [
              77.04946785897833,
              28.62233560905498
            ],
            [
              77.04969811230501,
              28.62233560905498
            ],
            [
              77.04969811230501,
              28.62253772906935
            ],
            [
              77.04946785897833,
              28.62253772906935
            ]
          ]
        ]
      },
      "properties": {
        "synthetic": true,
        "ulpin_demo": "11007510000167",
        "building_id": "BLD-0167",
        "parcel_id": "PAR-B4-32",
        "owner_fictional": "Kavya Sethi",
        "floors": 4,
        "height_m": 12.8,
        "parcel_area_m2": 506.25,
        "footprint_m2": 208
      }
    },
    {
      "type": "Feature",
      "id": "PAR-B4-42",
      "geometry": {
        "type": "Polygon",
        "coordinates": [
          [
            [
              77.04969811230501,
              28.62253772906935
            ],
            [
              77.04969811230501,
              28.62233560905498
            ],
            [
              77.0499283656317,
              28.62233560905498
            ],
            [
              77.0499283656317,
              28.62253772906935
            ],
            [
              77.04969811230501,
              28.62253772906935
            ]
          ]
        ]
      },
      "properties": {
        "synthetic": true,
        "ulpin_demo": "11007510000168",
        "building_id": "BLD-0168",
        "parcel_id": "PAR-B4-42",
        "owner_fictional": "Diya Malhotra",
        "floors": 3,
        "height_m": 9.600000000000001,
        "parcel_area_m2": 506.25,
        "footprint_m2": 169
      }
    },
    {
      "type": "Feature",
      "id": "PAR-B4-13",
      "geometry": {
        "type": "Polygon",
        "coordinates": [
          [
            [
              77.04900735232496,
              28.62233560905498
            ],
            [
              77.04900735232496,
              28.622133489040603
            ],
            [
              77.04923760565164,
              28.622133489040603
            ],
            [
              77.04923760565164,
              28.62233560905498
            ],
            [
              77.04900735232496,
              28.62233560905498
            ]
          ]
        ]
      },
      "properties": {
        "synthetic": true,
        "ulpin_demo": "11007510000169",
        "building_id": "BLD-0169",
        "parcel_id": "PAR-B4-13",
        "owner_fictional": "Kabir Nair",
        "floors": 6,
        "height_m": 19.200000000000003,
        "parcel_area_m2": 506.25,
        "footprint_m2": 210
      }
    },
    {
      "type": "Feature",
      "id": "PAR-B4-23",
      "geometry": {
        "type": "Polygon",
        "coordinates": [
          [
            [
              77.04923760565164,
              28.62233560905498
            ],
            [
              77.04923760565164,
              28.622133489040603
            ],
            [
              77.04946785897833,
              28.622133489040603
            ],
            [
              77.04946785897833,
              28.62233560905498
            ],
            [
              77.04923760565164,
              28.62233560905498
            ]
          ]
        ]
      },
      "properties": {
        "synthetic": true,
        "ulpin_demo": "11007510000170",
        "building_id": "BLD-0170",
        "parcel_id": "PAR-B4-23",
        "owner_fictional": "Vihaan Joshi",
        "floors": 6,
        "height_m": 19.200000000000003,
        "parcel_area_m2": 506.25,
        "footprint_m2": 168
      }
    },
    {
      "type": "Feature",
      "id": "PAR-B4-33",
      "geometry": {
        "type": "Polygon",
        "coordinates": [
          [
            [
              77.04946785897833,
              28.62233560905498
            ],
            [
              77.04946785897833,
              28.622133489040603
            ],
            [
              77.04969811230501,
              28.622133489040603
            ],
            [
              77.04969811230501,
              28.62233560905498
            ],
            [
              77.04946785897833,
              28.62233560905498
            ]
          ]
        ]
      },
      "properties": {
        "synthetic": true,
        "ulpin_demo": "11007510000171",
        "building_id": "BLD-0171",
        "parcel_id": "PAR-B4-33",
        "owner_fictional": "Aarav Mehta",
        "floors": 5,
        "height_m": 16,
        "parcel_area_m2": 506.25,
        "footprint_m2": 289
      }
    },
    {
      "type": "Feature",
      "id": "PAR-B4-43",
      "geometry": {
        "type": "Polygon",
        "coordinates": [
          [
            [
              77.04969811230501,
              28.62233560905498
            ],
            [
              77.04969811230501,
              28.622133489040603
            ],
            [
              77.0499283656317,
              28.622133489040603
            ],
            [
              77.0499283656317,
              28.62233560905498
            ],
            [
              77.04969811230501,
              28.62233560905498
            ]
          ]
        ]
      },
      "properties": {
        "synthetic": true,
        "ulpin_demo": "11007510000172",
        "building_id": "BLD-0172",
        "parcel_id": "PAR-B4-43",
        "owner_fictional": "Kabir Nair",
        "floors": 5,
        "height_m": 16,
        "parcel_area_m2": 506.25,
        "footprint_m2": 256
      }
    },
    {
      "type": "Feature",
      "id": "PAR-B4-14",
      "geometry": {
        "type": "Polygon",
        "coordinates": [
          [
            [
              77.04900735232496,
              28.622133489040603
            ],
            [
              77.04900735232496,
              28.621931369026232
            ],
            [
              77.04923760565164,
              28.621931369026232
            ],
            [
              77.04923760565164,
              28.622133489040603
            ],
            [
              77.04900735232496,
              28.622133489040603
            ]
          ]
        ]
      },
      "properties": {
        "synthetic": true,
        "ulpin_demo": "11007510000173",
        "building_id": "BLD-0173",
        "parcel_id": "PAR-B4-14",
        "owner_fictional": "Neel Kapoor",
        "floors": 6,
        "height_m": 19.200000000000003,
        "parcel_area_m2": 506.25,
        "footprint_m2": 270
      }
    },
    {
      "type": "Feature",
      "id": "PAR-B4-24",
      "geometry": {
        "type": "Polygon",
        "coordinates": [
          [
            [
              77.04923760565164,
              28.622133489040603
            ],
            [
              77.04923760565164,
              28.621931369026232
            ],
            [
              77.04946785897833,
              28.621931369026232
            ],
            [
              77.04946785897833,
              28.622133489040603
            ],
            [
              77.04923760565164,
              28.622133489040603
            ]
          ]
        ]
      },
      "properties": {
        "synthetic": true,
        "ulpin_demo": "11007510000174",
        "building_id": "BLD-0174",
        "parcel_id": "PAR-B4-24",
        "owner_fictional": "Vihaan Joshi",
        "floors": 6,
        "height_m": 19.200000000000003,
        "parcel_area_m2": 506.25,
        "footprint_m2": 195
      }
    },
    {
      "type": "Feature",
      "id": "PAR-B4-34",
      "geometry": {
        "type": "Polygon",
        "coordinates": [
          [
            [
              77.04946785897833,
              28.622133489040603
            ],
            [
              77.04946785897833,
              28.621931369026232
            ],
            [
              77.04969811230501,
              28.621931369026232
            ],
            [
              77.04969811230501,
              28.622133489040603
            ],
            [
              77.04946785897833,
              28.622133489040603
            ]
          ]
        ]
      },
      "properties": {
        "synthetic": true,
        "ulpin_demo": "11007510000175",
        "building_id": "BLD-0175",
        "parcel_id": "PAR-B4-34",
        "owner_fictional": "Meera Arora",
        "floors": 5,
        "height_m": 16,
        "parcel_area_m2": 506.25,
        "footprint_m2": 288
      }
    },
    {
      "type": "Feature",
      "id": "PAR-B4-44",
      "geometry": {
        "type": "Polygon",
        "coordinates": [
          [
            [
              77.04969811230501,
              28.622133489040603
            ],
            [
              77.04969811230501,
              28.621931369026232
            ],
            [
              77.0499283656317,
              28.621931369026232
            ],
            [
              77.0499283656317,
              28.622133489040603
            ],
            [
              77.04969811230501,
              28.622133489040603
            ]
          ]
        ]
      },
      "properties": {
        "synthetic": true,
        "ulpin_demo": "11007510000176",
        "building_id": "BLD-0176",
        "parcel_id": "PAR-B4-44",
        "owner_fictional": "Kavya Sethi",
        "floors": 5,
        "height_m": 16,
        "parcel_area_m2": 506.25,
        "footprint_m2": 240
      }
    },
    {
      "type": "Feature",
      "id": "PAR-B5-11",
      "geometry": {
        "type": "Polygon",
        "coordinates": [
          [
            [
              77.0500716343683,
              28.622739849083725
            ],
            [
              77.0500716343683,
              28.62253772906935
            ],
            [
              77.05030188769499,
              28.62253772906935
            ],
            [
              77.05030188769499,
              28.622739849083725
            ],
            [
              77.0500716343683,
              28.622739849083725
            ]
          ]
        ]
      },
      "properties": {
        "synthetic": true,
        "ulpin_demo": "11007510000177",
        "building_id": "BLD-0177",
        "parcel_id": "PAR-B5-11",
        "owner_fictional": "Rohan Batra",
        "floors": 3,
        "height_m": 9.600000000000001,
        "parcel_area_m2": 506.25,
        "footprint_m2": 210
      }
    },
    {
      "type": "Feature",
      "id": "PAR-B5-21",
      "geometry": {
        "type": "Polygon",
        "coordinates": [
          [
            [
              77.05030188769499,
              28.622739849083725
            ],
            [
              77.05030188769499,
              28.62253772906935
            ],
            [
              77.05053214102166,
              28.62253772906935
            ],
            [
              77.05053214102166,
              28.622739849083725
            ],
            [
              77.05030188769499,
              28.622739849083725
            ]
          ]
        ]
      },
      "properties": {
        "synthetic": true,
        "ulpin_demo": "11007510000178",
        "building_id": "BLD-0178",
        "parcel_id": "PAR-B5-21",
        "owner_fictional": "Diya Malhotra",
        "floors": 6,
        "height_m": 19.200000000000003,
        "parcel_area_m2": 506.25,
        "footprint_m2": 195
      }
    },
    {
      "type": "Feature",
      "id": "PAR-B5-31",
      "geometry": {
        "type": "Polygon",
        "coordinates": [
          [
            [
              77.05053214102166,
              28.622739849083725
            ],
            [
              77.05053214102166,
              28.62253772906935
            ],
            [
              77.05076239434835,
              28.62253772906935
            ],
            [
              77.05076239434835,
              28.622739849083725
            ],
            [
              77.05053214102166,
              28.622739849083725
            ]
          ]
        ]
      },
      "properties": {
        "synthetic": true,
        "ulpin_demo": "11007510000179",
        "building_id": "BLD-0179",
        "parcel_id": "PAR-B5-31",
        "owner_fictional": "Neel Kapoor",
        "floors": 5,
        "height_m": 16,
        "parcel_area_m2": 506.25,
        "footprint_m2": 270
      }
    },
    {
      "type": "Feature",
      "id": "PAR-B5-41",
      "geometry": {
        "type": "Polygon",
        "coordinates": [
          [
            [
              77.05076239434835,
              28.622739849083725
            ],
            [
              77.05076239434835,
              28.62253772906935
            ],
            [
              77.05099264767503,
              28.62253772906935
            ],
            [
              77.05099264767503,
              28.622739849083725
            ],
            [
              77.05076239434835,
              28.622739849083725
            ]
          ]
        ]
      },
      "properties": {
        "synthetic": true,
        "ulpin_demo": "11007510000180",
        "building_id": "BLD-0180",
        "parcel_id": "PAR-B5-41",
        "owner_fictional": "Rohan Batra",
        "floors": 4,
        "height_m": 12.8,
        "parcel_area_m2": 506.25,
        "footprint_m2": 210
      }
    },
    {
      "type": "Feature",
      "id": "PAR-B5-12",
      "geometry": {
        "type": "Polygon",
        "coordinates": [
          [
            [
              77.0500716343683,
              28.62253772906935
            ],
            [
              77.0500716343683,
              28.62233560905498
            ],
            [
              77.05030188769499,
              28.62233560905498
            ],
            [
              77.05030188769499,
              28.62253772906935
            ],
            [
              77.0500716343683,
              28.62253772906935
            ]
          ]
        ]
      },
      "properties": {
        "synthetic": true,
        "ulpin_demo": "11007510000181",
        "building_id": "BLD-0181",
        "parcel_id": "PAR-B5-12",
        "owner_fictional": "Ishaan Verma",
        "floors": 6,
        "height_m": 19.200000000000003,
        "parcel_area_m2": 506.25,
        "footprint_m2": 288
      }
    },
    {
      "type": "Feature",
      "id": "PAR-B5-22",
      "geometry": {
        "type": "Polygon",
        "coordinates": [
          [
            [
              77.05030188769499,
              28.62253772906935
            ],
            [
              77.05030188769499,
              28.62233560905498
            ],
            [
              77.05053214102166,
              28.62233560905498
            ],
            [
              77.05053214102166,
              28.62253772906935
            ],
            [
              77.05030188769499,
              28.62253772906935
            ]
          ]
        ]
      },
      "properties": {
        "synthetic": true,
        "ulpin_demo": "11007510000182",
        "building_id": "BLD-0182",
        "parcel_id": "PAR-B5-22",
        "owner_fictional": "Ishaan Verma",
        "floors": 5,
        "height_m": 16,
        "parcel_area_m2": 506.25,
        "footprint_m2": 204
      }
    },
    {
      "type": "Feature",
      "id": "PAR-B5-32",
      "geometry": {
        "type": "Polygon",
        "coordinates": [
          [
            [
              77.05053214102166,
              28.62253772906935
            ],
            [
              77.05053214102166,
              28.62233560905498
            ],
            [
              77.05076239434835,
              28.62233560905498
            ],
            [
              77.05076239434835,
              28.62253772906935
            ],
            [
              77.05053214102166,
              28.62253772906935
            ]
          ]
        ]
      },
      "properties": {
        "synthetic": true,
        "ulpin_demo": "11007510000183",
        "building_id": "BLD-0183",
        "parcel_id": "PAR-B5-32",
        "owner_fictional": "Vihaan Joshi",
        "floors": 6,
        "height_m": 19.200000000000003,
        "parcel_area_m2": 506.25,
        "footprint_m2": 272
      }
    },
    {
      "type": "Feature",
      "id": "PAR-B5-42",
      "geometry": {
        "type": "Polygon",
        "coordinates": [
          [
            [
              77.05076239434835,
              28.62253772906935
            ],
            [
              77.05076239434835,
              28.62233560905498
            ],
            [
              77.05099264767503,
              28.62233560905498
            ],
            [
              77.05099264767503,
              28.62253772906935
            ],
            [
              77.05076239434835,
              28.62253772906935
            ]
          ]
        ]
      },
      "properties": {
        "synthetic": true,
        "ulpin_demo": "11007510000184",
        "building_id": "BLD-0184",
        "parcel_id": "PAR-B5-42",
        "owner_fictional": "Diya Malhotra",
        "floors": 6,
        "height_m": 19.200000000000003,
        "parcel_area_m2": 506.25,
        "footprint_m2": 225
      }
    },
    {
      "type": "Feature",
      "id": "PAR-B5-13",
      "geometry": {
        "type": "Polygon",
        "coordinates": [
          [
            [
              77.0500716343683,
              28.62233560905498
            ],
            [
              77.0500716343683,
              28.622133489040603
            ],
            [
              77.05030188769499,
              28.622133489040603
            ],
            [
              77.05030188769499,
              28.62233560905498
            ],
            [
              77.0500716343683,
              28.62233560905498
            ]
          ]
        ]
      },
      "properties": {
        "synthetic": true,
        "ulpin_demo": "11007510000185",
        "building_id": "BLD-0185",
        "parcel_id": "PAR-B5-13",
        "owner_fictional": "Dev Ahuja",
        "floors": 3,
        "height_m": 9.600000000000001,
        "parcel_area_m2": 506.25,
        "footprint_m2": 221
      }
    },
    {
      "type": "Feature",
      "id": "PAR-B5-23",
      "geometry": {
        "type": "Polygon",
        "coordinates": [
          [
            [
              77.05030188769499,
              28.62233560905498
            ],
            [
              77.05030188769499,
              28.622133489040603
            ],
            [
              77.05053214102166,
              28.622133489040603
            ],
            [
              77.05053214102166,
              28.62233560905498
            ],
            [
              77.05030188769499,
              28.62233560905498
            ]
          ]
        ]
      },
      "properties": {
        "synthetic": true,
        "ulpin_demo": "11007510000186",
        "building_id": "BLD-0186",
        "parcel_id": "PAR-B5-23",
        "owner_fictional": "Ishaan Verma",
        "floors": 5,
        "height_m": 16,
        "parcel_area_m2": 506.25,
        "footprint_m2": 182
      }
    },
    {
      "type": "Feature",
      "id": "PAR-B5-33",
      "geometry": {
        "type": "Polygon",
        "coordinates": [
          [
            [
              77.05053214102166,
              28.62233560905498
            ],
            [
              77.05053214102166,
              28.622133489040603
            ],
            [
              77.05076239434835,
              28.622133489040603
            ],
            [
              77.05076239434835,
              28.62233560905498
            ],
            [
              77.05053214102166,
              28.62233560905498
            ]
          ]
        ]
      },
      "properties": {
        "synthetic": true,
        "ulpin_demo": "11007510000187",
        "building_id": "BLD-0187",
        "parcel_id": "PAR-B5-33",
        "owner_fictional": "Dev Ahuja",
        "floors": 5,
        "height_m": 16,
        "parcel_area_m2": 506.25,
        "footprint_m2": 272
      }
    },
    {
      "type": "Feature",
      "id": "PAR-B5-43",
      "geometry": {
        "type": "Polygon",
        "coordinates": [
          [
            [
              77.05076239434835,
              28.62233560905498
            ],
            [
              77.05076239434835,
              28.622133489040603
            ],
            [
              77.05099264767503,
              28.622133489040603
            ],
            [
              77.05099264767503,
              28.62233560905498
            ],
            [
              77.05076239434835,
              28.62233560905498
            ]
          ]
        ]
      },
      "properties": {
        "synthetic": true,
        "ulpin_demo": "11007510000188",
        "building_id": "BLD-0188",
        "parcel_id": "PAR-B5-43",
        "owner_fictional": "Kabir Nair",
        "floors": 5,
        "height_m": 16,
        "parcel_area_m2": 506.25,
        "footprint_m2": 196
      }
    },
    {
      "type": "Feature",
      "id": "PAR-B5-14",
      "geometry": {
        "type": "Polygon",
        "coordinates": [
          [
            [
              77.0500716343683,
              28.622133489040603
            ],
            [
              77.0500716343683,
              28.621931369026232
            ],
            [
              77.05030188769499,
              28.621931369026232
            ],
            [
              77.05030188769499,
              28.622133489040603
            ],
            [
              77.0500716343683,
              28.622133489040603
            ]
          ]
        ]
      },
      "properties": {
        "synthetic": true,
        "ulpin_demo": "11007510000189",
        "building_id": "BLD-0189",
        "parcel_id": "PAR-B5-14",
        "owner_fictional": "Rohan Batra",
        "floors": 5,
        "height_m": 16,
        "parcel_area_m2": 506.25,
        "footprint_m2": 240
      }
    },
    {
      "type": "Feature",
      "id": "PAR-B5-24",
      "geometry": {
        "type": "Polygon",
        "coordinates": [
          [
            [
              77.05030188769499,
              28.622133489040603
            ],
            [
              77.05030188769499,
              28.621931369026232
            ],
            [
              77.05053214102166,
              28.621931369026232
            ],
            [
              77.05053214102166,
              28.622133489040603
            ],
            [
              77.05030188769499,
              28.622133489040603
            ]
          ]
        ]
      },
      "properties": {
        "synthetic": true,
        "ulpin_demo": "11007510000190",
        "building_id": "BLD-0190",
        "parcel_id": "PAR-B5-24",
        "owner_fictional": "Tara Khanna",
        "floors": 3,
        "height_m": 9.600000000000001,
        "parcel_area_m2": 506.25,
        "footprint_m2": 221
      }
    },
    {
      "type": "Feature",
      "id": "PAR-B5-34",
      "geometry": {
        "type": "Polygon",
        "coordinates": [
          [
            [
              77.05053214102166,
              28.622133489040603
            ],
            [
              77.05053214102166,
              28.621931369026232
            ],
            [
              77.05076239434835,
              28.621931369026232
            ],
            [
              77.05076239434835,
              28.622133489040603
            ],
            [
              77.05053214102166,
              28.622133489040603
            ]
          ]
        ]
      },
      "properties": {
        "synthetic": true,
        "ulpin_demo": "11007510000191",
        "building_id": "BLD-0191",
        "parcel_id": "PAR-B5-34",
        "owner_fictional": "Meera Arora",
        "floors": 4,
        "height_m": 12.8,
        "parcel_area_m2": 506.25,
        "footprint_m2": 208
      }
    },
    {
      "type": "Feature",
      "id": "PAR-B5-44",
      "geometry": {
        "type": "Polygon",
        "coordinates": [
          [
            [
              77.05076239434835,
              28.622133489040603
            ],
            [
              77.05076239434835,
              28.621931369026232
            ],
            [
              77.05099264767503,
              28.621931369026232
            ],
            [
              77.05099264767503,
              28.622133489040603
            ],
            [
              77.05076239434835,
              28.622133489040603
            ]
          ]
        ]
      },
      "properties": {
        "synthetic": true,
        "ulpin_demo": "11007510000192",
        "building_id": "BLD-0192",
        "parcel_id": "PAR-B5-44",
        "owner_fictional": "Vihaan Joshi",
        "floors": 4,
        "height_m": 12.8,
        "parcel_area_m2": 506.25,
        "footprint_m2": 306
      }
    },
    {
      "type": "Feature",
      "id": "PAR-B6-11",
      "geometry": {
        "type": "Polygon",
        "coordinates": [
          [
            [
              77.05113591641164,
              28.622739849083725
            ],
            [
              77.05113591641164,
              28.62253772906935
            ],
            [
              77.05136616973832,
              28.62253772906935
            ],
            [
              77.05136616973832,
              28.622739849083725
            ],
            [
              77.05113591641164,
              28.622739849083725
            ]
          ]
        ]
      },
      "properties": {
        "synthetic": true,
        "ulpin_demo": "11007510000193",
        "building_id": "BLD-0193",
        "parcel_id": "PAR-B6-11",
        "owner_fictional": "Rohan Batra",
        "floors": 6,
        "height_m": 19.200000000000003,
        "parcel_area_m2": 506.25,
        "footprint_m2": 272
      }
    },
    {
      "type": "Feature",
      "id": "PAR-B6-21",
      "geometry": {
        "type": "Polygon",
        "coordinates": [
          [
            [
              77.05136616973832,
              28.622739849083725
            ],
            [
              77.05136616973832,
              28.62253772906935
            ],
            [
              77.051596423065,
              28.62253772906935
            ],
            [
              77.051596423065,
              28.622739849083725
            ],
            [
              77.05136616973832,
              28.622739849083725
            ]
          ]
        ]
      },
      "properties": {
        "synthetic": true,
        "ulpin_demo": "11007510000194",
        "building_id": "BLD-0194",
        "parcel_id": "PAR-B6-21",
        "owner_fictional": "Kavya Sethi",
        "floors": 6,
        "height_m": 19.200000000000003,
        "parcel_area_m2": 506.25,
        "footprint_m2": 210
      }
    },
    {
      "type": "Feature",
      "id": "PAR-B6-31",
      "geometry": {
        "type": "Polygon",
        "coordinates": [
          [
            [
              77.051596423065,
              28.622739849083725
            ],
            [
              77.051596423065,
              28.62253772906935
            ],
            [
              77.05182667639168,
              28.62253772906935
            ],
            [
              77.05182667639168,
              28.622739849083725
            ],
            [
              77.051596423065,
              28.622739849083725
            ]
          ]
        ]
      },
      "properties": {
        "synthetic": true,
        "ulpin_demo": "11007510000195",
        "building_id": "BLD-0195",
        "parcel_id": "PAR-B6-31",
        "owner_fictional": "Aarav Mehta",
        "floors": 5,
        "height_m": 16,
        "parcel_area_m2": 506.25,
        "footprint_m2": 210
      }
    },
    {
      "type": "Feature",
      "id": "PAR-B6-41",
      "geometry": {
        "type": "Polygon",
        "coordinates": [
          [
            [
              77.05182667639168,
              28.622739849083725
            ],
            [
              77.05182667639168,
              28.62253772906935
            ],
            [
              77.05205692971836,
              28.62253772906935
            ],
            [
              77.05205692971836,
              28.622739849083725
            ],
            [
              77.05182667639168,
              28.622739849083725
            ]
          ]
        ]
      },
      "properties": {
        "synthetic": true,
        "ulpin_demo": "11007510000196",
        "building_id": "BLD-0196",
        "parcel_id": "PAR-B6-41",
        "owner_fictional": "Aarav Mehta",
        "floors": 5,
        "height_m": 16,
        "parcel_area_m2": 506.25,
        "footprint_m2": 182
      }
    },
    {
      "type": "Feature",
      "id": "PAR-B6-12",
      "geometry": {
        "type": "Polygon",
        "coordinates": [
          [
            [
              77.05113591641164,
              28.62253772906935
            ],
            [
              77.05113591641164,
              28.62233560905498
            ],
            [
              77.05136616973832,
              28.62233560905498
            ],
            [
              77.05136616973832,
              28.62253772906935
            ],
            [
              77.05113591641164,
              28.62253772906935
            ]
          ]
        ]
      },
      "properties": {
        "synthetic": true,
        "ulpin_demo": "11007510000197",
        "building_id": "BLD-0197",
        "parcel_id": "PAR-B6-12",
        "owner_fictional": "Riya Saxena",
        "floors": 6,
        "height_m": 19.200000000000003,
        "parcel_area_m2": 506.25,
        "footprint_m2": 240
      }
    },
    {
      "type": "Feature",
      "id": "PAR-B6-22",
      "geometry": {
        "type": "Polygon",
        "coordinates": [
          [
            [
              77.05136616973832,
              28.62253772906935
            ],
            [
              77.05136616973832,
              28.62233560905498
            ],
            [
              77.051596423065,
              28.62233560905498
            ],
            [
              77.051596423065,
              28.62253772906935
            ],
            [
              77.05136616973832,
              28.62253772906935
            ]
          ]
        ]
      },
      "properties": {
        "synthetic": true,
        "ulpin_demo": "11007510000198",
        "building_id": "BLD-0198",
        "parcel_id": "PAR-B6-22",
        "owner_fictional": "Sana Gill",
        "floors": 6,
        "height_m": 19.200000000000003,
        "parcel_area_m2": 506.25,
        "footprint_m2": 195
      }
    },
    {
      "type": "Feature",
      "id": "PAR-B6-32",
      "geometry": {
        "type": "Polygon",
        "coordinates": [
          [
            [
              77.051596423065,
              28.62253772906935
            ],
            [
              77.051596423065,
              28.62233560905498
            ],
            [
              77.05182667639168,
              28.62233560905498
            ],
            [
              77.05182667639168,
              28.62253772906935
            ],
            [
              77.051596423065,
              28.62253772906935
            ]
          ]
        ]
      },
      "properties": {
        "synthetic": true,
        "ulpin_demo": "11007510000199",
        "building_id": "BLD-0199",
        "parcel_id": "PAR-B6-32",
        "owner_fictional": "Arjun Sinha",
        "floors": 3,
        "height_m": 9.600000000000001,
        "parcel_area_m2": 506.25,
        "footprint_m2": 169
      }
    },
    {
      "type": "Feature",
      "id": "PAR-B6-42",
      "geometry": {
        "type": "Polygon",
        "coordinates": [
          [
            [
              77.05182667639168,
              28.62253772906935
            ],
            [
              77.05182667639168,
              28.62233560905498
            ],
            [
              77.05205692971836,
              28.62233560905498
            ],
            [
              77.05205692971836,
              28.62253772906935
            ],
            [
              77.05182667639168,
              28.62253772906935
            ]
          ]
        ]
      },
      "properties": {
        "synthetic": true,
        "ulpin_demo": "11007510000200",
        "building_id": "BLD-0200",
        "parcel_id": "PAR-B6-42",
        "owner_fictional": "Vihaan Joshi",
        "floors": 6,
        "height_m": 19.200000000000003,
        "parcel_area_m2": 506.25,
        "footprint_m2": 180
      }
    },
    {
      "type": "Feature",
      "id": "PAR-B6-13",
      "geometry": {
        "type": "Polygon",
        "coordinates": [
          [
            [
              77.05113591641164,
              28.62233560905498
            ],
            [
              77.05113591641164,
              28.622133489040603
            ],
            [
              77.05136616973832,
              28.622133489040603
            ],
            [
              77.05136616973832,
              28.62233560905498
            ],
            [
              77.05113591641164,
              28.62233560905498
            ]
          ]
        ]
      },
      "properties": {
        "synthetic": true,
        "ulpin_demo": "11007510000201",
        "building_id": "BLD-0201",
        "parcel_id": "PAR-B6-13",
        "owner_fictional": "Kabir Nair",
        "floors": 5,
        "height_m": 16,
        "parcel_area_m2": 506.25,
        "footprint_m2": 255
      }
    },
    {
      "type": "Feature",
      "id": "PAR-B6-23",
      "geometry": {
        "type": "Polygon",
        "coordinates": [
          [
            [
              77.05136616973832,
              28.62233560905498
            ],
            [
              77.05136616973832,
              28.622133489040603
            ],
            [
              77.051596423065,
              28.622133489040603
            ],
            [
              77.051596423065,
              28.62233560905498
            ],
            [
              77.05136616973832,
              28.62233560905498
            ]
          ]
        ]
      },
      "properties": {
        "synthetic": true,
        "ulpin_demo": "11007510000202",
        "building_id": "BLD-0202",
        "parcel_id": "PAR-B6-23",
        "owner_fictional": "Kabir Nair",
        "floors": 3,
        "height_m": 9.600000000000001,
        "parcel_area_m2": 506.25,
        "footprint_m2": 240
      }
    },
    {
      "type": "Feature",
      "id": "PAR-B6-33",
      "geometry": {
        "type": "Polygon",
        "coordinates": [
          [
            [
              77.051596423065,
              28.62233560905498
            ],
            [
              77.051596423065,
              28.622133489040603
            ],
            [
              77.05182667639168,
              28.622133489040603
            ],
            [
              77.05182667639168,
              28.62233560905498
            ],
            [
              77.051596423065,
              28.62233560905498
            ]
          ]
        ]
      },
      "properties": {
        "synthetic": true,
        "ulpin_demo": "11007510000203",
        "building_id": "BLD-0203",
        "parcel_id": "PAR-B6-33",
        "owner_fictional": "Rohan Batra",
        "floors": 3,
        "height_m": 9.600000000000001,
        "parcel_area_m2": 506.25,
        "footprint_m2": 195
      }
    },
    {
      "type": "Feature",
      "id": "PAR-B6-43",
      "geometry": {
        "type": "Polygon",
        "coordinates": [
          [
            [
              77.05182667639168,
              28.62233560905498
            ],
            [
              77.05182667639168,
              28.622133489040603
            ],
            [
              77.05205692971836,
              28.622133489040603
            ],
            [
              77.05205692971836,
              28.62233560905498
            ],
            [
              77.05182667639168,
              28.62233560905498
            ]
          ]
        ]
      },
      "properties": {
        "synthetic": true,
        "ulpin_demo": "11007510000204",
        "building_id": "BLD-0204",
        "parcel_id": "PAR-B6-43",
        "owner_fictional": "Kavya Sethi",
        "floors": 6,
        "height_m": 19.200000000000003,
        "parcel_area_m2": 506.25,
        "footprint_m2": 196
      }
    },
    {
      "type": "Feature",
      "id": "PAR-B6-14",
      "geometry": {
        "type": "Polygon",
        "coordinates": [
          [
            [
              77.05113591641164,
              28.622133489040603
            ],
            [
              77.05113591641164,
              28.621931369026232
            ],
            [
              77.05136616973832,
              28.621931369026232
            ],
            [
              77.05136616973832,
              28.622133489040603
            ],
            [
              77.05113591641164,
              28.622133489040603
            ]
          ]
        ]
      },
      "properties": {
        "synthetic": true,
        "ulpin_demo": "11007510000205",
        "building_id": "BLD-0205",
        "parcel_id": "PAR-B6-14",
        "owner_fictional": "Dev Ahuja",
        "floors": 4,
        "height_m": 12.8,
        "parcel_area_m2": 506.25,
        "footprint_m2": 224
      }
    },
    {
      "type": "Feature",
      "id": "PAR-B6-24",
      "geometry": {
        "type": "Polygon",
        "coordinates": [
          [
            [
              77.05136616973832,
              28.622133489040603
            ],
            [
              77.05136616973832,
              28.621931369026232
            ],
            [
              77.051596423065,
              28.621931369026232
            ],
            [
              77.051596423065,
              28.622133489040603
            ],
            [
              77.05136616973832,
              28.622133489040603
            ]
          ]
        ]
      },
      "properties": {
        "synthetic": true,
        "ulpin_demo": "11007510000206",
        "building_id": "BLD-0206",
        "parcel_id": "PAR-B6-24",
        "owner_fictional": "Sana Gill",
        "floors": 3,
        "height_m": 9.600000000000001,
        "parcel_area_m2": 506.25,
        "footprint_m2": 252
      }
    },
    {
      "type": "Feature",
      "id": "PAR-B6-34",
      "geometry": {
        "type": "Polygon",
        "coordinates": [
          [
            [
              77.051596423065,
              28.622133489040603
            ],
            [
              77.051596423065,
              28.621931369026232
            ],
            [
              77.05182667639168,
              28.621931369026232
            ],
            [
              77.05182667639168,
              28.622133489040603
            ],
            [
              77.051596423065,
              28.622133489040603
            ]
          ]
        ]
      },
      "properties": {
        "synthetic": true,
        "ulpin_demo": "11007510000207",
        "building_id": "BLD-0207",
        "parcel_id": "PAR-B6-34",
        "owner_fictional": "Nisha Anand",
        "floors": 6,
        "height_m": 19.200000000000003,
        "parcel_area_m2": 506.25,
        "footprint_m2": 208
      }
    },
    {
      "type": "Feature",
      "id": "PAR-B6-44",
      "geometry": {
        "type": "Polygon",
        "coordinates": [
          [
            [
              77.05182667639168,
              28.622133489040603
            ],
            [
              77.05182667639168,
              28.621931369026232
            ],
            [
              77.05205692971836,
              28.621931369026232
            ],
            [
              77.05205692971836,
              28.622133489040603
            ],
            [
              77.05182667639168,
              28.622133489040603
            ]
          ]
        ]
      },
      "properties": {
        "synthetic": true,
        "ulpin_demo": "11007510000208",
        "building_id": "BLD-0208",
        "parcel_id": "PAR-B6-44",
        "owner_fictional": "Ananya Rao",
        "floors": 3,
        "height_m": 9.600000000000001,
        "parcel_area_m2": 506.25,
        "footprint_m2": 240
      }
    },
    {
      "type": "Feature",
      "id": "PAR-B7-11",
      "geometry": {
        "type": "Polygon",
        "coordinates": [
          [
            [
              77.05220019845497,
              28.622739849083725
            ],
            [
              77.05220019845497,
              28.62253772906935
            ],
            [
              77.05243045178166,
              28.62253772906935
            ],
            [
              77.05243045178166,
              28.622739849083725
            ],
            [
              77.05220019845497,
              28.622739849083725
            ]
          ]
        ]
      },
      "properties": {
        "synthetic": true,
        "ulpin_demo": "11007510000209",
        "building_id": "BLD-0209",
        "parcel_id": "PAR-B7-11",
        "owner_fictional": "Riya Saxena",
        "floors": 5,
        "height_m": 16,
        "parcel_area_m2": 506.25,
        "footprint_m2": 255
      }
    },
    {
      "type": "Feature",
      "id": "PAR-B7-21",
      "geometry": {
        "type": "Polygon",
        "coordinates": [
          [
            [
              77.05243045178166,
              28.622739849083725
            ],
            [
              77.05243045178166,
              28.62253772906935
            ],
            [
              77.05266070510834,
              28.62253772906935
            ],
            [
              77.05266070510834,
              28.622739849083725
            ],
            [
              77.05243045178166,
              28.622739849083725
            ]
          ]
        ]
      },
      "properties": {
        "synthetic": true,
        "ulpin_demo": "11007510000210",
        "building_id": "BLD-0210",
        "parcel_id": "PAR-B7-21",
        "owner_fictional": "Ananya Rao",
        "floors": 3,
        "height_m": 9.600000000000001,
        "parcel_area_m2": 506.25,
        "footprint_m2": 182
      }
    },
    {
      "type": "Feature",
      "id": "PAR-B7-31",
      "geometry": {
        "type": "Polygon",
        "coordinates": [
          [
            [
              77.05266070510834,
              28.622739849083725
            ],
            [
              77.05266070510834,
              28.62253772906935
            ],
            [
              77.05289095843501,
              28.62253772906935
            ],
            [
              77.05289095843501,
              28.622739849083725
            ],
            [
              77.05266070510834,
              28.622739849083725
            ]
          ]
        ]
      },
      "properties": {
        "synthetic": true,
        "ulpin_demo": "11007510000211",
        "building_id": "BLD-0211",
        "parcel_id": "PAR-B7-31",
        "owner_fictional": "Kabir Nair",
        "floors": 4,
        "height_m": 12.8,
        "parcel_area_m2": 506.25,
        "footprint_m2": 195
      }
    },
    {
      "type": "Feature",
      "id": "PAR-B7-41",
      "geometry": {
        "type": "Polygon",
        "coordinates": [
          [
            [
              77.05289095843501,
              28.622739849083725
            ],
            [
              77.05289095843501,
              28.62253772906935
            ],
            [
              77.0531212117617,
              28.62253772906935
            ],
            [
              77.0531212117617,
              28.622739849083725
            ],
            [
              77.05289095843501,
              28.622739849083725
            ]
          ]
        ]
      },
      "properties": {
        "synthetic": true,
        "ulpin_demo": "11007510000212",
        "building_id": "BLD-0212",
        "parcel_id": "PAR-B7-41",
        "owner_fictional": "Nisha Anand",
        "floors": 6,
        "height_m": 19.200000000000003,
        "parcel_area_m2": 506.25,
        "footprint_m2": 182
      }
    },
    {
      "type": "Feature",
      "id": "PAR-B7-12",
      "geometry": {
        "type": "Polygon",
        "coordinates": [
          [
            [
              77.05220019845497,
              28.62253772906935
            ],
            [
              77.05220019845497,
              28.62233560905498
            ],
            [
              77.05243045178166,
              28.62233560905498
            ],
            [
              77.05243045178166,
              28.62253772906935
            ],
            [
              77.05220019845497,
              28.62253772906935
            ]
          ]
        ]
      },
      "properties": {
        "synthetic": true,
        "ulpin_demo": "11007510000213",
        "building_id": "BLD-0213",
        "parcel_id": "PAR-B7-12",
        "owner_fictional": "Dev Ahuja",
        "floors": 4,
        "height_m": 12.8,
        "parcel_area_m2": 506.25,
        "footprint_m2": 208
      }
    },
    {
      "type": "Feature",
      "id": "PAR-B7-22",
      "geometry": {
        "type": "Polygon",
        "coordinates": [
          [
            [
              77.05243045178166,
              28.62253772906935
            ],
            [
              77.05243045178166,
              28.62233560905498
            ],
            [
              77.05266070510834,
              28.62233560905498
            ],
            [
              77.05266070510834,
              28.62253772906935
            ],
            [
              77.05243045178166,
              28.62253772906935
            ]
          ]
        ]
      },
      "properties": {
        "synthetic": true,
        "ulpin_demo": "11007510000214",
        "building_id": "BLD-0214",
        "parcel_id": "PAR-B7-22",
        "owner_fictional": "Meera Arora",
        "floors": 6,
        "height_m": 19.200000000000003,
        "parcel_area_m2": 506.25,
        "footprint_m2": 240
      }
    },
    {
      "type": "Feature",
      "id": "PAR-B7-32",
      "geometry": {
        "type": "Polygon",
        "coordinates": [
          [
            [
              77.05266070510834,
              28.62253772906935
            ],
            [
              77.05266070510834,
              28.62233560905498
            ],
            [
              77.05289095843501,
              28.62233560905498
            ],
            [
              77.05289095843501,
              28.62253772906935
            ],
            [
              77.05266070510834,
              28.62253772906935
            ]
          ]
        ]
      },
      "properties": {
        "synthetic": true,
        "ulpin_demo": "11007510000215",
        "building_id": "BLD-0215",
        "parcel_id": "PAR-B7-32",
        "owner_fictional": "Kavya Sethi",
        "floors": 4,
        "height_m": 12.8,
        "parcel_area_m2": 506.25,
        "footprint_m2": 240
      }
    },
    {
      "type": "Feature",
      "id": "PAR-B7-42",
      "geometry": {
        "type": "Polygon",
        "coordinates": [
          [
            [
              77.05289095843501,
              28.62253772906935
            ],
            [
              77.05289095843501,
              28.62233560905498
            ],
            [
              77.0531212117617,
              28.62233560905498
            ],
            [
              77.0531212117617,
              28.62253772906935
            ],
            [
              77.05289095843501,
              28.62253772906935
            ]
          ]
        ]
      },
      "properties": {
        "synthetic": true,
        "ulpin_demo": "11007510000216",
        "building_id": "BLD-0216",
        "parcel_id": "PAR-B7-42",
        "owner_fictional": "Ananya Rao",
        "floors": 3,
        "height_m": 9.600000000000001,
        "parcel_area_m2": 506.25,
        "footprint_m2": 234
      }
    },
    {
      "type": "Feature",
      "id": "PAR-B7-13",
      "geometry": {
        "type": "Polygon",
        "coordinates": [
          [
            [
              77.05220019845497,
              28.62233560905498
            ],
            [
              77.05220019845497,
              28.622133489040603
            ],
            [
              77.05243045178166,
              28.622133489040603
            ],
            [
              77.05243045178166,
              28.62233560905498
            ],
            [
              77.05220019845497,
              28.62233560905498
            ]
          ]
        ]
      },
      "properties": {
        "synthetic": true,
        "ulpin_demo": "11007510000217",
        "building_id": "BLD-0217",
        "parcel_id": "PAR-B7-13",
        "owner_fictional": "Aarav Mehta",
        "floors": 6,
        "height_m": 19.200000000000003,
        "parcel_area_m2": 506.25,
        "footprint_m2": 196
      }
    },
    {
      "type": "Feature",
      "id": "PAR-B7-23",
      "geometry": {
        "type": "Polygon",
        "coordinates": [
          [
            [
              77.05243045178166,
              28.62233560905498
            ],
            [
              77.05243045178166,
              28.622133489040603
            ],
            [
              77.05266070510834,
              28.622133489040603
            ],
            [
              77.05266070510834,
              28.62233560905498
            ],
            [
              77.05243045178166,
              28.62233560905498
            ]
          ]
        ]
      },
      "properties": {
        "synthetic": true,
        "ulpin_demo": "11007510000218",
        "building_id": "BLD-0218",
        "parcel_id": "PAR-B7-23",
        "owner_fictional": "Kabir Nair",
        "floors": 4,
        "height_m": 12.8,
        "parcel_area_m2": 506.25,
        "footprint_m2": 234
      }
    },
    {
      "type": "Feature",
      "id": "PAR-B7-33",
      "geometry": {
        "type": "Polygon",
        "coordinates": [
          [
            [
              77.05266070510834,
              28.62233560905498
            ],
            [
              77.05266070510834,
              28.622133489040603
            ],
            [
              77.05289095843501,
              28.622133489040603
            ],
            [
              77.05289095843501,
              28.62233560905498
            ],
            [
              77.05266070510834,
              28.62233560905498
            ]
          ]
        ]
      },
      "properties": {
        "synthetic": true,
        "ulpin_demo": "11007510000219",
        "building_id": "BLD-0219",
        "parcel_id": "PAR-B7-33",
        "owner_fictional": "Aarav Mehta",
        "floors": 4,
        "height_m": 12.8,
        "parcel_area_m2": 506.25,
        "footprint_m2": 180
      }
    },
    {
      "type": "Feature",
      "id": "PAR-B7-43",
      "geometry": {
        "type": "Polygon",
        "coordinates": [
          [
            [
              77.05289095843501,
              28.62233560905498
            ],
            [
              77.05289095843501,
              28.622133489040603
            ],
            [
              77.0531212117617,
              28.622133489040603
            ],
            [
              77.0531212117617,
              28.62233560905498
            ],
            [
              77.05289095843501,
              28.62233560905498
            ]
          ]
        ]
      },
      "properties": {
        "synthetic": true,
        "ulpin_demo": "11007510000220",
        "building_id": "BLD-0220",
        "parcel_id": "PAR-B7-43",
        "owner_fictional": "Meera Arora",
        "floors": 3,
        "height_m": 9.600000000000001,
        "parcel_area_m2": 506.25,
        "footprint_m2": 180
      }
    },
    {
      "type": "Feature",
      "id": "PAR-B7-14",
      "geometry": {
        "type": "Polygon",
        "coordinates": [
          [
            [
              77.05220019845497,
              28.622133489040603
            ],
            [
              77.05220019845497,
              28.621931369026232
            ],
            [
              77.05243045178166,
              28.621931369026232
            ],
            [
              77.05243045178166,
              28.622133489040603
            ],
            [
              77.05220019845497,
              28.622133489040603
            ]
          ]
        ]
      },
      "properties": {
        "synthetic": true,
        "ulpin_demo": "11007510000221",
        "building_id": "BLD-0221",
        "parcel_id": "PAR-B7-14",
        "owner_fictional": "Sana Gill",
        "floors": 5,
        "height_m": 16,
        "parcel_area_m2": 506.25,
        "footprint_m2": 180
      }
    },
    {
      "type": "Feature",
      "id": "PAR-B7-24",
      "geometry": {
        "type": "Polygon",
        "coordinates": [
          [
            [
              77.05243045178166,
              28.622133489040603
            ],
            [
              77.05243045178166,
              28.621931369026232
            ],
            [
              77.05266070510834,
              28.621931369026232
            ],
            [
              77.05266070510834,
              28.622133489040603
            ],
            [
              77.05243045178166,
              28.622133489040603
            ]
          ]
        ]
      },
      "properties": {
        "synthetic": true,
        "ulpin_demo": "11007510000222",
        "building_id": "BLD-0222",
        "parcel_id": "PAR-B7-24",
        "owner_fictional": "Diya Malhotra",
        "floors": 6,
        "height_m": 19.200000000000003,
        "parcel_area_m2": 506.25,
        "footprint_m2": 192
      }
    },
    {
      "type": "Feature",
      "id": "PAR-B7-34",
      "geometry": {
        "type": "Polygon",
        "coordinates": [
          [
            [
              77.05266070510834,
              28.622133489040603
            ],
            [
              77.05266070510834,
              28.621931369026232
            ],
            [
              77.05289095843501,
              28.621931369026232
            ],
            [
              77.05289095843501,
              28.622133489040603
            ],
            [
              77.05266070510834,
              28.622133489040603
            ]
          ]
        ]
      },
      "properties": {
        "synthetic": true,
        "ulpin_demo": "11007510000223",
        "building_id": "BLD-0223",
        "parcel_id": "PAR-B7-34",
        "owner_fictional": "Riya Saxena",
        "floors": 3,
        "height_m": 9.600000000000001,
        "parcel_area_m2": 506.25,
        "footprint_m2": 255
      }
    },
    {
      "type": "Feature",
      "id": "PAR-B7-44",
      "geometry": {
        "type": "Polygon",
        "coordinates": [
          [
            [
              77.05289095843501,
              28.622133489040603
            ],
            [
              77.05289095843501,
              28.621931369026232
            ],
            [
              77.0531212117617,
              28.621931369026232
            ],
            [
              77.0531212117617,
              28.622133489040603
            ],
            [
              77.05289095843501,
              28.622133489040603
            ]
          ]
        ]
      },
      "properties": {
        "synthetic": true,
        "ulpin_demo": "11007510000224",
        "building_id": "BLD-0224",
        "parcel_id": "PAR-B7-44",
        "owner_fictional": "Kavya Sethi",
        "floors": 3,
        "height_m": 9.600000000000001,
        "parcel_area_m2": 506.25,
        "footprint_m2": 216
      }
    },
    {
      "type": "Feature",
      "id": "PAR-B8-11",
      "geometry": {
        "type": "Polygon",
        "coordinates": [
          [
            [
              77.0532644804983,
              28.622739849083725
            ],
            [
              77.0532644804983,
              28.62253772906935
            ],
            [
              77.05349473382499,
              28.62253772906935
            ],
            [
              77.05349473382499,
              28.622739849083725
            ],
            [
              77.0532644804983,
              28.622739849083725
            ]
          ]
        ]
      },
      "properties": {
        "synthetic": true,
        "ulpin_demo": "11007510000225",
        "building_id": "BLD-0225",
        "parcel_id": "PAR-B8-11",
        "owner_fictional": "Kabir Nair",
        "floors": 4,
        "height_m": 12.8,
        "parcel_area_m2": 506.25,
        "footprint_m2": 234
      }
    },
    {
      "type": "Feature",
      "id": "PAR-B8-21",
      "geometry": {
        "type": "Polygon",
        "coordinates": [
          [
            [
              77.05349473382499,
              28.622739849083725
            ],
            [
              77.05349473382499,
              28.62253772906935
            ],
            [
              77.05372498715167,
              28.62253772906935
            ],
            [
              77.05372498715167,
              28.622739849083725
            ],
            [
              77.05349473382499,
              28.622739849083725
            ]
          ]
        ]
      },
      "properties": {
        "synthetic": true,
        "ulpin_demo": "11007510000226",
        "building_id": "BLD-0226",
        "parcel_id": "PAR-B8-21",
        "owner_fictional": "Sana Gill",
        "floors": 4,
        "height_m": 12.8,
        "parcel_area_m2": 506.25,
        "footprint_m2": 255
      }
    },
    {
      "type": "Feature",
      "id": "PAR-B8-31",
      "geometry": {
        "type": "Polygon",
        "coordinates": [
          [
            [
              77.05372498715167,
              28.622739849083725
            ],
            [
              77.05372498715167,
              28.62253772906935
            ],
            [
              77.05395524047836,
              28.62253772906935
            ],
            [
              77.05395524047836,
              28.622739849083725
            ],
            [
              77.05372498715167,
              28.622739849083725
            ]
          ]
        ]
      },
      "properties": {
        "synthetic": true,
        "ulpin_demo": "11007510000227",
        "building_id": "BLD-0227",
        "parcel_id": "PAR-B8-31",
        "owner_fictional": "Vihaan Joshi",
        "floors": 5,
        "height_m": 16,
        "parcel_area_m2": 506.25,
        "footprint_m2": 182
      }
    },
    {
      "type": "Feature",
      "id": "PAR-B8-41",
      "geometry": {
        "type": "Polygon",
        "coordinates": [
          [
            [
              77.05395524047836,
              28.622739849083725
            ],
            [
              77.05395524047836,
              28.62253772906935
            ],
            [
              77.05418549380504,
              28.62253772906935
            ],
            [
              77.05418549380504,
              28.622739849083725
            ],
            [
              77.05395524047836,
              28.622739849083725
            ]
          ]
        ]
      },
      "properties": {
        "synthetic": true,
        "ulpin_demo": "11007510000228",
        "building_id": "BLD-0228",
        "parcel_id": "PAR-B8-41",
        "owner_fictional": "Kavya Sethi",
        "floors": 5,
        "height_m": 16,
        "parcel_area_m2": 506.25,
        "footprint_m2": 210
      }
    },
    {
      "type": "Feature",
      "id": "PAR-B8-12",
      "geometry": {
        "type": "Polygon",
        "coordinates": [
          [
            [
              77.0532644804983,
              28.62253772906935
            ],
            [
              77.0532644804983,
              28.62233560905498
            ],
            [
              77.05349473382499,
              28.62233560905498
            ],
            [
              77.05349473382499,
              28.62253772906935
            ],
            [
              77.0532644804983,
              28.62253772906935
            ]
          ]
        ]
      },
      "properties": {
        "synthetic": true,
        "ulpin_demo": "11007510000229",
        "building_id": "BLD-0229",
        "parcel_id": "PAR-B8-12",
        "owner_fictional": "Sana Gill",
        "floors": 4,
        "height_m": 12.8,
        "parcel_area_m2": 506.25,
        "footprint_m2": 169
      }
    },
    {
      "type": "Feature",
      "id": "PAR-B8-22",
      "geometry": {
        "type": "Polygon",
        "coordinates": [
          [
            [
              77.05349473382499,
              28.62253772906935
            ],
            [
              77.05349473382499,
              28.62233560905498
            ],
            [
              77.05372498715167,
              28.62233560905498
            ],
            [
              77.05372498715167,
              28.62253772906935
            ],
            [
              77.05349473382499,
              28.62253772906935
            ]
          ]
        ]
      },
      "properties": {
        "synthetic": true,
        "ulpin_demo": "11007510000230",
        "building_id": "BLD-0230",
        "parcel_id": "PAR-B8-22",
        "owner_fictional": "Ananya Rao",
        "floors": 4,
        "height_m": 12.8,
        "parcel_area_m2": 506.25,
        "footprint_m2": 224
      }
    },
    {
      "type": "Feature",
      "id": "PAR-B8-32",
      "geometry": {
        "type": "Polygon",
        "coordinates": [
          [
            [
              77.05372498715167,
              28.62253772906935
            ],
            [
              77.05372498715167,
              28.62233560905498
            ],
            [
              77.05395524047836,
              28.62233560905498
            ],
            [
              77.05395524047836,
              28.62253772906935
            ],
            [
              77.05372498715167,
              28.62253772906935
            ]
          ]
        ]
      },
      "properties": {
        "synthetic": true,
        "ulpin_demo": "11007510000231",
        "building_id": "BLD-0231",
        "parcel_id": "PAR-B8-32",
        "owner_fictional": "Sana Gill",
        "floors": 5,
        "height_m": 16,
        "parcel_area_m2": 506.25,
        "footprint_m2": 256
      }
    },
    {
      "type": "Feature",
      "id": "PAR-B8-42",
      "geometry": {
        "type": "Polygon",
        "coordinates": [
          [
            [
              77.05395524047836,
              28.62253772906935
            ],
            [
              77.05395524047836,
              28.62233560905498
            ],
            [
              77.05418549380504,
              28.62233560905498
            ],
            [
              77.05418549380504,
              28.62253772906935
            ],
            [
              77.05395524047836,
              28.62253772906935
            ]
          ]
        ]
      },
      "properties": {
        "synthetic": true,
        "ulpin_demo": "11007510000232",
        "building_id": "BLD-0232",
        "parcel_id": "PAR-B8-42",
        "owner_fictional": "Dev Ahuja",
        "floors": 4,
        "height_m": 12.8,
        "parcel_area_m2": 506.25,
        "footprint_m2": 169
      }
    },
    {
      "type": "Feature",
      "id": "PAR-B8-13",
      "geometry": {
        "type": "Polygon",
        "coordinates": [
          [
            [
              77.0532644804983,
              28.62233560905498
            ],
            [
              77.0532644804983,
              28.622133489040603
            ],
            [
              77.05349473382499,
              28.622133489040603
            ],
            [
              77.05349473382499,
              28.62233560905498
            ],
            [
              77.0532644804983,
              28.62233560905498
            ]
          ]
        ]
      },
      "properties": {
        "synthetic": true,
        "ulpin_demo": "11007510000233",
        "building_id": "BLD-0233",
        "parcel_id": "PAR-B8-13",
        "owner_fictional": "Dev Ahuja",
        "floors": 6,
        "height_m": 19.200000000000003,
        "parcel_area_m2": 506.25,
        "footprint_m2": 270
      }
    },
    {
      "type": "Feature",
      "id": "PAR-B8-23",
      "geometry": {
        "type": "Polygon",
        "coordinates": [
          [
            [
              77.05349473382499,
              28.62233560905498
            ],
            [
              77.05349473382499,
              28.622133489040603
            ],
            [
              77.05372498715167,
              28.622133489040603
            ],
            [
              77.05372498715167,
              28.62233560905498
            ],
            [
              77.05349473382499,
              28.62233560905498
            ]
          ]
        ]
      },
      "properties": {
        "synthetic": true,
        "ulpin_demo": "11007510000234",
        "building_id": "BLD-0234",
        "parcel_id": "PAR-B8-23",
        "owner_fictional": "Dev Ahuja",
        "floors": 4,
        "height_m": 12.8,
        "parcel_area_m2": 506.25,
        "footprint_m2": 225
      }
    },
    {
      "type": "Feature",
      "id": "PAR-B8-33",
      "geometry": {
        "type": "Polygon",
        "coordinates": [
          [
            [
              77.05372498715167,
              28.62233560905498
            ],
            [
              77.05372498715167,
              28.622133489040603
            ],
            [
              77.05395524047836,
              28.622133489040603
            ],
            [
              77.05395524047836,
              28.62233560905498
            ],
            [
              77.05372498715167,
              28.62233560905498
            ]
          ]
        ]
      },
      "properties": {
        "synthetic": true,
        "ulpin_demo": "11007510000235",
        "building_id": "BLD-0235",
        "parcel_id": "PAR-B8-33",
        "owner_fictional": "Neel Kapoor",
        "floors": 3,
        "height_m": 9.600000000000001,
        "parcel_area_m2": 506.25,
        "footprint_m2": 272
      }
    },
    {
      "type": "Feature",
      "id": "PAR-B8-43",
      "geometry": {
        "type": "Polygon",
        "coordinates": [
          [
            [
              77.05395524047836,
              28.62233560905498
            ],
            [
              77.05395524047836,
              28.622133489040603
            ],
            [
              77.05418549380504,
              28.622133489040603
            ],
            [
              77.05418549380504,
              28.62233560905498
            ],
            [
              77.05395524047836,
              28.62233560905498
            ]
          ]
        ]
      },
      "properties": {
        "synthetic": true,
        "ulpin_demo": "11007510000236",
        "building_id": "BLD-0236",
        "parcel_id": "PAR-B8-43",
        "owner_fictional": "Kavya Sethi",
        "floors": 4,
        "height_m": 12.8,
        "parcel_area_m2": 506.25,
        "footprint_m2": 270
      }
    },
    {
      "type": "Feature",
      "id": "PAR-B8-14",
      "geometry": {
        "type": "Polygon",
        "coordinates": [
          [
            [
              77.0532644804983,
              28.622133489040603
            ],
            [
              77.0532644804983,
              28.621931369026232
            ],
            [
              77.05349473382499,
              28.621931369026232
            ],
            [
              77.05349473382499,
              28.622133489040603
            ],
            [
              77.0532644804983,
              28.622133489040603
            ]
          ]
        ]
      },
      "properties": {
        "synthetic": true,
        "ulpin_demo": "11007510000237",
        "building_id": "BLD-0237",
        "parcel_id": "PAR-B8-14",
        "owner_fictional": "Tara Khanna",
        "floors": 4,
        "height_m": 12.8,
        "parcel_area_m2": 506.25,
        "footprint_m2": 252
      }
    },
    {
      "type": "Feature",
      "id": "PAR-B8-24",
      "geometry": {
        "type": "Polygon",
        "coordinates": [
          [
            [
              77.05349473382499,
              28.622133489040603
            ],
            [
              77.05349473382499,
              28.621931369026232
            ],
            [
              77.05372498715167,
              28.621931369026232
            ],
            [
              77.05372498715167,
              28.622133489040603
            ],
            [
              77.05349473382499,
              28.622133489040603
            ]
          ]
        ]
      },
      "properties": {
        "synthetic": true,
        "ulpin_demo": "11007510000238",
        "building_id": "BLD-0238",
        "parcel_id": "PAR-B8-24",
        "owner_fictional": "Sana Gill",
        "floors": 3,
        "height_m": 9.600000000000001,
        "parcel_area_m2": 506.25,
        "footprint_m2": 195
      }
    },
    {
      "type": "Feature",
      "id": "PAR-B8-34",
      "geometry": {
        "type": "Polygon",
        "coordinates": [
          [
            [
              77.05372498715167,
              28.622133489040603
            ],
            [
              77.05372498715167,
              28.621931369026232
            ],
            [
              77.05395524047836,
              28.621931369026232
            ],
            [
              77.05395524047836,
              28.622133489040603
            ],
            [
              77.05372498715167,
              28.622133489040603
            ]
          ]
        ]
      },
      "properties": {
        "synthetic": true,
        "ulpin_demo": "11007510000239",
        "building_id": "BLD-0239",
        "parcel_id": "PAR-B8-34",
        "owner_fictional": "Ananya Rao",
        "floors": 5,
        "height_m": 16,
        "parcel_area_m2": 506.25,
        "footprint_m2": 240
      }
    },
    {
      "type": "Feature",
      "id": "PAR-B8-44",
      "geometry": {
        "type": "Polygon",
        "coordinates": [
          [
            [
              77.05395524047836,
              28.622133489040603
            ],
            [
              77.05395524047836,
              28.621931369026232
            ],
            [
              77.05418549380504,
              28.621931369026232
            ],
            [
              77.05418549380504,
              28.622133489040603
            ],
            [
              77.05395524047836,
              28.622133489040603
            ]
          ]
        ]
      },
      "properties": {
        "synthetic": true,
        "ulpin_demo": "11007510000240",
        "building_id": "BLD-0240",
        "parcel_id": "PAR-B8-44",
        "owner_fictional": "Vihaan Joshi",
        "floors": 6,
        "height_m": 19.200000000000003,
        "parcel_area_m2": 506.25,
        "footprint_m2": 224
      }
    },
    {
      "type": "Feature",
      "id": "PAR-C1-11",
      "geometry": {
        "type": "Polygon",
        "coordinates": [
          [
            [
              77.04581450619496,
              28.621805605461734
            ],
            [
              77.04581450619496,
              28.62160348544736
            ],
            [
              77.04604475952164,
              28.62160348544736
            ],
            [
              77.04604475952164,
              28.621805605461734
            ],
            [
              77.04581450619496,
              28.621805605461734
            ]
          ]
        ]
      },
      "properties": {
        "synthetic": true,
        "ulpin_demo": "11007510000241",
        "building_id": "BLD-0241",
        "parcel_id": "PAR-C1-11",
        "owner_fictional": "Ishaan Verma",
        "floors": 4,
        "height_m": 12.8,
        "parcel_area_m2": 506.25,
        "footprint_m2": 238
      }
    },
    {
      "type": "Feature",
      "id": "PAR-C1-21",
      "geometry": {
        "type": "Polygon",
        "coordinates": [
          [
            [
              77.04604475952164,
              28.621805605461734
            ],
            [
              77.04604475952164,
              28.62160348544736
            ],
            [
              77.04627501284833,
              28.62160348544736
            ],
            [
              77.04627501284833,
              28.621805605461734
            ],
            [
              77.04604475952164,
              28.621805605461734
            ]
          ]
        ]
      },
      "properties": {
        "synthetic": true,
        "ulpin_demo": "11007510000242",
        "building_id": "BLD-0242",
        "parcel_id": "PAR-C1-21",
        "owner_fictional": "Kavya Sethi",
        "floors": 4,
        "height_m": 12.8,
        "parcel_area_m2": 506.25,
        "footprint_m2": 221
      }
    },
    {
      "type": "Feature",
      "id": "PAR-C1-31",
      "geometry": {
        "type": "Polygon",
        "coordinates": [
          [
            [
              77.04627501284833,
              28.621805605461734
            ],
            [
              77.04627501284833,
              28.62160348544736
            ],
            [
              77.046505266175,
              28.62160348544736
            ],
            [
              77.046505266175,
              28.621805605461734
            ],
            [
              77.04627501284833,
              28.621805605461734
            ]
          ]
        ]
      },
      "properties": {
        "synthetic": true,
        "ulpin_demo": "11007510000243",
        "building_id": "BLD-0243",
        "parcel_id": "PAR-C1-31",
        "owner_fictional": "Aarav Mehta",
        "floors": 5,
        "height_m": 16,
        "parcel_area_m2": 506.25,
        "footprint_m2": 216
      }
    },
    {
      "type": "Feature",
      "id": "PAR-C1-41",
      "geometry": {
        "type": "Polygon",
        "coordinates": [
          [
            [
              77.046505266175,
              28.621805605461734
            ],
            [
              77.046505266175,
              28.62160348544736
            ],
            [
              77.0467355195017,
              28.62160348544736
            ],
            [
              77.0467355195017,
              28.621805605461734
            ],
            [
              77.046505266175,
              28.621805605461734
            ]
          ]
        ]
      },
      "properties": {
        "synthetic": true,
        "ulpin_demo": "11007510000244",
        "building_id": "BLD-0244",
        "parcel_id": "PAR-C1-41",
        "owner_fictional": "Dev Ahuja",
        "floors": 4,
        "height_m": 12.8,
        "parcel_area_m2": 506.25,
        "footprint_m2": 240
      }
    },
    {
      "type": "Feature",
      "id": "PAR-C1-12",
      "geometry": {
        "type": "Polygon",
        "coordinates": [
          [
            [
              77.04581450619496,
              28.62160348544736
            ],
            [
              77.04581450619496,
              28.621401365432988
            ],
            [
              77.04604475952164,
              28.621401365432988
            ],
            [
              77.04604475952164,
              28.62160348544736
            ],
            [
              77.04581450619496,
              28.62160348544736
            ]
          ]
        ]
      },
      "properties": {
        "synthetic": true,
        "ulpin_demo": "11007510000245",
        "building_id": "BLD-0245",
        "parcel_id": "PAR-C1-12",
        "owner_fictional": "Diya Malhotra",
        "floors": 6,
        "height_m": 19.200000000000003,
        "parcel_area_m2": 506.25,
        "footprint_m2": 210
      }
    },
    {
      "type": "Feature",
      "id": "PAR-C1-22",
      "geometry": {
        "type": "Polygon",
        "coordinates": [
          [
            [
              77.04604475952164,
              28.62160348544736
            ],
            [
              77.04604475952164,
              28.621401365432988
            ],
            [
              77.04627501284833,
              28.621401365432988
            ],
            [
              77.04627501284833,
              28.62160348544736
            ],
            [
              77.04604475952164,
              28.62160348544736
            ]
          ]
        ]
      },
      "properties": {
        "synthetic": true,
        "ulpin_demo": "11007510000246",
        "building_id": "BLD-0246",
        "parcel_id": "PAR-C1-22",
        "owner_fictional": "Nisha Anand",
        "floors": 3,
        "height_m": 9.600000000000001,
        "parcel_area_m2": 506.25,
        "footprint_m2": 208
      }
    },
    {
      "type": "Feature",
      "id": "PAR-C1-32",
      "geometry": {
        "type": "Polygon",
        "coordinates": [
          [
            [
              77.04627501284833,
              28.62160348544736
            ],
            [
              77.04627501284833,
              28.621401365432988
            ],
            [
              77.046505266175,
              28.621401365432988
            ],
            [
              77.046505266175,
              28.62160348544736
            ],
            [
              77.04627501284833,
              28.62160348544736
            ]
          ]
        ]
      },
      "properties": {
        "synthetic": true,
        "ulpin_demo": "11007510000247",
        "building_id": "BLD-0247",
        "parcel_id": "PAR-C1-32",
        "owner_fictional": "Ishaan Verma",
        "floors": 6,
        "height_m": 19.200000000000003,
        "parcel_area_m2": 506.25,
        "footprint_m2": 208
      }
    },
    {
      "type": "Feature",
      "id": "PAR-C1-42",
      "geometry": {
        "type": "Polygon",
        "coordinates": [
          [
            [
              77.046505266175,
              28.62160348544736
            ],
            [
              77.046505266175,
              28.621401365432988
            ],
            [
              77.0467355195017,
              28.621401365432988
            ],
            [
              77.0467355195017,
              28.62160348544736
            ],
            [
              77.046505266175,
              28.62160348544736
            ]
          ]
        ]
      },
      "properties": {
        "synthetic": true,
        "ulpin_demo": "11007510000248",
        "building_id": "BLD-0248",
        "parcel_id": "PAR-C1-42",
        "owner_fictional": "Dev Ahuja",
        "floors": 6,
        "height_m": 19.200000000000003,
        "parcel_area_m2": 506.25,
        "footprint_m2": 270
      }
    },
    {
      "type": "Feature",
      "id": "PAR-C1-13",
      "geometry": {
        "type": "Polygon",
        "coordinates": [
          [
            [
              77.04581450619496,
              28.621401365432988
            ],
            [
              77.04581450619496,
              28.621199245418612
            ],
            [
              77.04604475952164,
              28.621199245418612
            ],
            [
              77.04604475952164,
              28.621401365432988
            ],
            [
              77.04581450619496,
              28.621401365432988
            ]
          ]
        ]
      },
      "properties": {
        "synthetic": true,
        "ulpin_demo": "11007510000249",
        "building_id": "BLD-0249",
        "parcel_id": "PAR-C1-13",
        "owner_fictional": "Rohan Batra",
        "floors": 5,
        "height_m": 16,
        "parcel_area_m2": 506.25,
        "footprint_m2": 224
      }
    },
    {
      "type": "Feature",
      "id": "PAR-C1-23",
      "geometry": {
        "type": "Polygon",
        "coordinates": [
          [
            [
              77.04604475952164,
              28.621401365432988
            ],
            [
              77.04604475952164,
              28.621199245418612
            ],
            [
              77.04627501284833,
              28.621199245418612
            ],
            [
              77.04627501284833,
              28.621401365432988
            ],
            [
              77.04604475952164,
              28.621401365432988
            ]
          ]
        ]
      },
      "properties": {
        "synthetic": true,
        "ulpin_demo": "11007510000250",
        "building_id": "BLD-0250",
        "parcel_id": "PAR-C1-23",
        "owner_fictional": "Tara Khanna",
        "floors": 5,
        "height_m": 16,
        "parcel_area_m2": 506.25,
        "footprint_m2": 255
      }
    },
    {
      "type": "Feature",
      "id": "PAR-C1-33",
      "geometry": {
        "type": "Polygon",
        "coordinates": [
          [
            [
              77.04627501284833,
              28.621401365432988
            ],
            [
              77.04627501284833,
              28.621199245418612
            ],
            [
              77.046505266175,
              28.621199245418612
            ],
            [
              77.046505266175,
              28.621401365432988
            ],
            [
              77.04627501284833,
              28.621401365432988
            ]
          ]
        ]
      },
      "properties": {
        "synthetic": true,
        "ulpin_demo": "11007510000251",
        "building_id": "BLD-0251",
        "parcel_id": "PAR-C1-33",
        "owner_fictional": "Ishaan Verma",
        "floors": 3,
        "height_m": 9.600000000000001,
        "parcel_area_m2": 506.25,
        "footprint_m2": 240
      }
    },
    {
      "type": "Feature",
      "id": "PAR-C1-43",
      "geometry": {
        "type": "Polygon",
        "coordinates": [
          [
            [
              77.046505266175,
              28.621401365432988
            ],
            [
              77.046505266175,
              28.621199245418612
            ],
            [
              77.0467355195017,
              28.621199245418612
            ],
            [
              77.0467355195017,
              28.621401365432988
            ],
            [
              77.046505266175,
              28.621401365432988
            ]
          ]
        ]
      },
      "properties": {
        "synthetic": true,
        "ulpin_demo": "11007510000252",
        "building_id": "BLD-0252",
        "parcel_id": "PAR-C1-43",
        "owner_fictional": "Kabir Nair",
        "floors": 5,
        "height_m": 16,
        "parcel_area_m2": 506.25,
        "footprint_m2": 180
      }
    },
    {
      "type": "Feature",
      "id": "PAR-C1-14",
      "geometry": {
        "type": "Polygon",
        "coordinates": [
          [
            [
              77.04581450619496,
              28.621199245418612
            ],
            [
              77.04581450619496,
              28.62099712540424
            ],
            [
              77.04604475952164,
              28.62099712540424
            ],
            [
              77.04604475952164,
              28.621199245418612
            ],
            [
              77.04581450619496,
              28.621199245418612
            ]
          ]
        ]
      },
      "properties": {
        "synthetic": true,
        "ulpin_demo": "11007510000253",
        "building_id": "BLD-0253",
        "parcel_id": "PAR-C1-14",
        "owner_fictional": "Ananya Rao",
        "floors": 5,
        "height_m": 16,
        "parcel_area_m2": 506.25,
        "footprint_m2": 224
      }
    },
    {
      "type": "Feature",
      "id": "PAR-C1-24",
      "geometry": {
        "type": "Polygon",
        "coordinates": [
          [
            [
              77.04604475952164,
              28.621199245418612
            ],
            [
              77.04604475952164,
              28.62099712540424
            ],
            [
              77.04627501284833,
              28.62099712540424
            ],
            [
              77.04627501284833,
              28.621199245418612
            ],
            [
              77.04604475952164,
              28.621199245418612
            ]
          ]
        ]
      },
      "properties": {
        "synthetic": true,
        "ulpin_demo": "11007510000254",
        "building_id": "BLD-0254",
        "parcel_id": "PAR-C1-24",
        "owner_fictional": "Diya Malhotra",
        "floors": 6,
        "height_m": 19.200000000000003,
        "parcel_area_m2": 506.25,
        "footprint_m2": 255
      }
    },
    {
      "type": "Feature",
      "id": "PAR-C1-34",
      "geometry": {
        "type": "Polygon",
        "coordinates": [
          [
            [
              77.04627501284833,
              28.621199245418612
            ],
            [
              77.04627501284833,
              28.62099712540424
            ],
            [
              77.046505266175,
              28.62099712540424
            ],
            [
              77.046505266175,
              28.621199245418612
            ],
            [
              77.04627501284833,
              28.621199245418612
            ]
          ]
        ]
      },
      "properties": {
        "synthetic": true,
        "ulpin_demo": "11007510000255",
        "building_id": "BLD-0255",
        "parcel_id": "PAR-C1-34",
        "owner_fictional": "Diya Malhotra",
        "floors": 5,
        "height_m": 16,
        "parcel_area_m2": 506.25,
        "footprint_m2": 210
      }
    },
    {
      "type": "Feature",
      "id": "PAR-C1-44",
      "geometry": {
        "type": "Polygon",
        "coordinates": [
          [
            [
              77.046505266175,
              28.621199245418612
            ],
            [
              77.046505266175,
              28.62099712540424
            ],
            [
              77.0467355195017,
              28.62099712540424
            ],
            [
              77.0467355195017,
              28.621199245418612
            ],
            [
              77.046505266175,
              28.621199245418612
            ]
          ]
        ]
      },
      "properties": {
        "synthetic": true,
        "ulpin_demo": "11007510000256",
        "building_id": "BLD-0256",
        "parcel_id": "PAR-C1-44",
        "owner_fictional": "Sana Gill",
        "floors": 5,
        "height_m": 16,
        "parcel_area_m2": 506.25,
        "footprint_m2": 306
      }
    },
    {
      "type": "Feature",
      "id": "PAR-C2-11",
      "geometry": {
        "type": "Polygon",
        "coordinates": [
          [
            [
              77.04687878823829,
              28.621805605461734
            ],
            [
              77.04687878823829,
              28.62160348544736
            ],
            [
              77.04710904156498,
              28.62160348544736
            ],
            [
              77.04710904156498,
              28.621805605461734
            ],
            [
              77.04687878823829,
              28.621805605461734
            ]
          ]
        ]
      },
      "properties": {
        "synthetic": true,
        "ulpin_demo": "11007510000257",
        "building_id": "BLD-0257",
        "parcel_id": "PAR-C2-11",
        "owner_fictional": "Neel Kapoor",
        "floors": 5,
        "height_m": 16,
        "parcel_area_m2": 506.25,
        "footprint_m2": 196
      }
    },
    {
      "type": "Feature",
      "id": "PAR-C2-21",
      "geometry": {
        "type": "Polygon",
        "coordinates": [
          [
            [
              77.04710904156498,
              28.621805605461734
            ],
            [
              77.04710904156498,
              28.62160348544736
            ],
            [
              77.04733929489166,
              28.62160348544736
            ],
            [
              77.04733929489166,
              28.621805605461734
            ],
            [
              77.04710904156498,
              28.621805605461734
            ]
          ]
        ]
      },
      "properties": {
        "synthetic": true,
        "ulpin_demo": "11007510000258",
        "building_id": "BLD-0258",
        "parcel_id": "PAR-C2-21",
        "owner_fictional": "Sana Gill",
        "floors": 5,
        "height_m": 16,
        "parcel_area_m2": 506.25,
        "footprint_m2": 238
      }
    },
    {
      "type": "Feature",
      "id": "PAR-C2-31",
      "geometry": {
        "type": "Polygon",
        "coordinates": [
          [
            [
              77.04733929489166,
              28.621805605461734
            ],
            [
              77.04733929489166,
              28.62160348544736
            ],
            [
              77.04756954821833,
              28.62160348544736
            ],
            [
              77.04756954821833,
              28.621805605461734
            ],
            [
              77.04733929489166,
              28.621805605461734
            ]
          ]
        ]
      },
      "properties": {
        "synthetic": true,
        "ulpin_demo": "11007510000259",
        "building_id": "BLD-0259",
        "parcel_id": "PAR-C2-31",
        "owner_fictional": "Rohan Batra",
        "floors": 6,
        "height_m": 19.200000000000003,
        "parcel_area_m2": 506.25,
        "footprint_m2": 210
      }
    },
    {
      "type": "Feature",
      "id": "PAR-C2-41",
      "geometry": {
        "type": "Polygon",
        "coordinates": [
          [
            [
              77.04756954821833,
              28.621805605461734
            ],
            [
              77.04756954821833,
              28.62160348544736
            ],
            [
              77.04779980154503,
              28.62160348544736
            ],
            [
              77.04779980154503,
              28.621805605461734
            ],
            [
              77.04756954821833,
              28.621805605461734
            ]
          ]
        ]
      },
      "properties": {
        "synthetic": true,
        "ulpin_demo": "11007510000260",
        "building_id": "BLD-0260",
        "parcel_id": "PAR-C2-41",
        "owner_fictional": "Diya Malhotra",
        "floors": 3,
        "height_m": 9.600000000000001,
        "parcel_area_m2": 506.25,
        "footprint_m2": 156
      }
    },
    {
      "type": "Feature",
      "id": "PAR-C2-12",
      "geometry": {
        "type": "Polygon",
        "coordinates": [
          [
            [
              77.04687878823829,
              28.62160348544736
            ],
            [
              77.04687878823829,
              28.621401365432988
            ],
            [
              77.04710904156498,
              28.621401365432988
            ],
            [
              77.04710904156498,
              28.62160348544736
            ],
            [
              77.04687878823829,
              28.62160348544736
            ]
          ]
        ]
      },
      "properties": {
        "synthetic": true,
        "ulpin_demo": "11007510000261",
        "building_id": "BLD-0261",
        "parcel_id": "PAR-C2-12",
        "owner_fictional": "Kavya Sethi",
        "floors": 3,
        "height_m": 9.600000000000001,
        "parcel_area_m2": 506.25,
        "footprint_m2": 224
      }
    },
    {
      "type": "Feature",
      "id": "PAR-C2-22",
      "geometry": {
        "type": "Polygon",
        "coordinates": [
          [
            [
              77.04710904156498,
              28.62160348544736
            ],
            [
              77.04710904156498,
              28.621401365432988
            ],
            [
              77.04733929489166,
              28.621401365432988
            ],
            [
              77.04733929489166,
              28.62160348544736
            ],
            [
              77.04710904156498,
              28.62160348544736
            ]
          ]
        ]
      },
      "properties": {
        "synthetic": true,
        "ulpin_demo": "11007510000262",
        "building_id": "BLD-0262",
        "parcel_id": "PAR-C2-22",
        "owner_fictional": "Dev Ahuja",
        "floors": 4,
        "height_m": 12.8,
        "parcel_area_m2": 506.25,
        "footprint_m2": 238
      }
    },
    {
      "type": "Feature",
      "id": "PAR-C2-32",
      "geometry": {
        "type": "Polygon",
        "coordinates": [
          [
            [
              77.04733929489166,
              28.62160348544736
            ],
            [
              77.04733929489166,
              28.621401365432988
            ],
            [
              77.04756954821833,
              28.621401365432988
            ],
            [
              77.04756954821833,
              28.62160348544736
            ],
            [
              77.04733929489166,
              28.62160348544736
            ]
          ]
        ]
      },
      "properties": {
        "synthetic": true,
        "ulpin_demo": "11007510000263",
        "building_id": "BLD-0263",
        "parcel_id": "PAR-C2-32",
        "owner_fictional": "Kavya Sethi",
        "floors": 3,
        "height_m": 9.600000000000001,
        "parcel_area_m2": 506.25,
        "footprint_m2": 180
      }
    },
    {
      "type": "Feature",
      "id": "PAR-C2-42",
      "geometry": {
        "type": "Polygon",
        "coordinates": [
          [
            [
              77.04756954821833,
              28.62160348544736
            ],
            [
              77.04756954821833,
              28.621401365432988
            ],
            [
              77.04779980154503,
              28.621401365432988
            ],
            [
              77.04779980154503,
              28.62160348544736
            ],
            [
              77.04756954821833,
              28.62160348544736
            ]
          ]
        ]
      },
      "properties": {
        "synthetic": true,
        "ulpin_demo": "11007510000264",
        "building_id": "BLD-0264",
        "parcel_id": "PAR-C2-42",
        "owner_fictional": "Vihaan Joshi",
        "floors": 4,
        "height_m": 12.8,
        "parcel_area_m2": 506.25,
        "footprint_m2": 168
      }
    },
    {
      "type": "Feature",
      "id": "PAR-C2-13",
      "geometry": {
        "type": "Polygon",
        "coordinates": [
          [
            [
              77.04687878823829,
              28.621401365432988
            ],
            [
              77.04687878823829,
              28.621199245418612
            ],
            [
              77.04710904156498,
              28.621199245418612
            ],
            [
              77.04710904156498,
              28.621401365432988
            ],
            [
              77.04687878823829,
              28.621401365432988
            ]
          ]
        ]
      },
      "properties": {
        "synthetic": true,
        "ulpin_demo": "11007510000265",
        "building_id": "BLD-0265",
        "parcel_id": "PAR-C2-13",
        "owner_fictional": "Vihaan Joshi",
        "floors": 5,
        "height_m": 16,
        "parcel_area_m2": 506.25,
        "footprint_m2": 225
      }
    },
    {
      "type": "Feature",
      "id": "PAR-C2-23",
      "geometry": {
        "type": "Polygon",
        "coordinates": [
          [
            [
              77.04710904156498,
              28.621401365432988
            ],
            [
              77.04710904156498,
              28.621199245418612
            ],
            [
              77.04733929489166,
              28.621199245418612
            ],
            [
              77.04733929489166,
              28.621401365432988
            ],
            [
              77.04710904156498,
              28.621401365432988
            ]
          ]
        ]
      },
      "properties": {
        "synthetic": true,
        "ulpin_demo": "11007510000266",
        "building_id": "BLD-0266",
        "parcel_id": "PAR-C2-23",
        "owner_fictional": "Nisha Anand",
        "floors": 3,
        "height_m": 9.600000000000001,
        "parcel_area_m2": 506.25,
        "footprint_m2": 180
      }
    },
    {
      "type": "Feature",
      "id": "PAR-C2-33",
      "geometry": {
        "type": "Polygon",
        "coordinates": [
          [
            [
              77.04733929489166,
              28.621401365432988
            ],
            [
              77.04733929489166,
              28.621199245418612
            ],
            [
              77.04756954821833,
              28.621199245418612
            ],
            [
              77.04756954821833,
              28.621401365432988
            ],
            [
              77.04733929489166,
              28.621401365432988
            ]
          ]
        ]
      },
      "properties": {
        "synthetic": true,
        "ulpin_demo": "11007510000267",
        "building_id": "BLD-0267",
        "parcel_id": "PAR-C2-33",
        "owner_fictional": "Arjun Sinha",
        "floors": 3,
        "height_m": 9.600000000000001,
        "parcel_area_m2": 506.25,
        "footprint_m2": 221
      }
    },
    {
      "type": "Feature",
      "id": "PAR-C2-43",
      "geometry": {
        "type": "Polygon",
        "coordinates": [
          [
            [
              77.04756954821833,
              28.621401365432988
            ],
            [
              77.04756954821833,
              28.621199245418612
            ],
            [
              77.04779980154503,
              28.621199245418612
            ],
            [
              77.04779980154503,
              28.621401365432988
            ],
            [
              77.04756954821833,
              28.621401365432988
            ]
          ]
        ]
      },
      "properties": {
        "synthetic": true,
        "ulpin_demo": "11007510000268",
        "building_id": "BLD-0268",
        "parcel_id": "PAR-C2-43",
        "owner_fictional": "Neel Kapoor",
        "floors": 5,
        "height_m": 16,
        "parcel_area_m2": 506.25,
        "footprint_m2": 256
      }
    },
    {
      "type": "Feature",
      "id": "PAR-C2-14",
      "geometry": {
        "type": "Polygon",
        "coordinates": [
          [
            [
              77.04687878823829,
              28.621199245418612
            ],
            [
              77.04687878823829,
              28.62099712540424
            ],
            [
              77.04710904156498,
              28.62099712540424
            ],
            [
              77.04710904156498,
              28.621199245418612
            ],
            [
              77.04687878823829,
              28.621199245418612
            ]
          ]
        ]
      },
      "properties": {
        "synthetic": true,
        "ulpin_demo": "11007510000269",
        "building_id": "BLD-0269",
        "parcel_id": "PAR-C2-14",
        "owner_fictional": "Ananya Rao",
        "floors": 3,
        "height_m": 9.600000000000001,
        "parcel_area_m2": 506.25,
        "footprint_m2": 196
      }
    },
    {
      "type": "Feature",
      "id": "PAR-C2-24",
      "geometry": {
        "type": "Polygon",
        "coordinates": [
          [
            [
              77.04710904156498,
              28.621199245418612
            ],
            [
              77.04710904156498,
              28.62099712540424
            ],
            [
              77.04733929489166,
              28.62099712540424
            ],
            [
              77.04733929489166,
              28.621199245418612
            ],
            [
              77.04710904156498,
              28.621199245418612
            ]
          ]
        ]
      },
      "properties": {
        "synthetic": true,
        "ulpin_demo": "11007510000270",
        "building_id": "BLD-0270",
        "parcel_id": "PAR-C2-24",
        "owner_fictional": "Rohan Batra",
        "floors": 6,
        "height_m": 19.200000000000003,
        "parcel_area_m2": 506.25,
        "footprint_m2": 224
      }
    },
    {
      "type": "Feature",
      "id": "PAR-C2-34",
      "geometry": {
        "type": "Polygon",
        "coordinates": [
          [
            [
              77.04733929489166,
              28.621199245418612
            ],
            [
              77.04733929489166,
              28.62099712540424
            ],
            [
              77.04756954821833,
              28.62099712540424
            ],
            [
              77.04756954821833,
              28.621199245418612
            ],
            [
              77.04733929489166,
              28.621199245418612
            ]
          ]
        ]
      },
      "properties": {
        "synthetic": true,
        "ulpin_demo": "11007510000271",
        "building_id": "BLD-0271",
        "parcel_id": "PAR-C2-34",
        "owner_fictional": "Arjun Sinha",
        "floors": 6,
        "height_m": 19.200000000000003,
        "parcel_area_m2": 506.25,
        "footprint_m2": 224
      }
    },
    {
      "type": "Feature",
      "id": "PAR-C2-44",
      "geometry": {
        "type": "Polygon",
        "coordinates": [
          [
            [
              77.04756954821833,
              28.621199245418612
            ],
            [
              77.04756954821833,
              28.62099712540424
            ],
            [
              77.04779980154503,
              28.62099712540424
            ],
            [
              77.04779980154503,
              28.621199245418612
            ],
            [
              77.04756954821833,
              28.621199245418612
            ]
          ]
        ]
      },
      "properties": {
        "synthetic": true,
        "ulpin_demo": "11007510000272",
        "building_id": "BLD-0272",
        "parcel_id": "PAR-C2-44",
        "owner_fictional": "Ishaan Verma",
        "floors": 5,
        "height_m": 16,
        "parcel_area_m2": 506.25,
        "footprint_m2": 182
      }
    },
    {
      "type": "Feature",
      "id": "PAR-C3-11",
      "geometry": {
        "type": "Polygon",
        "coordinates": [
          [
            [
              77.04794307028163,
              28.621805605461734
            ],
            [
              77.04794307028163,
              28.62160348544736
            ],
            [
              77.04817332360831,
              28.62160348544736
            ],
            [
              77.04817332360831,
              28.621805605461734
            ],
            [
              77.04794307028163,
              28.621805605461734
            ]
          ]
        ]
      },
      "properties": {
        "synthetic": true,
        "ulpin_demo": "11007510000273",
        "building_id": "BLD-0273",
        "parcel_id": "PAR-C3-11",
        "owner_fictional": "Aarav Mehta",
        "floors": 6,
        "height_m": 19.200000000000003,
        "parcel_area_m2": 506.25,
        "footprint_m2": 256
      }
    },
    {
      "type": "Feature",
      "id": "PAR-C3-21",
      "geometry": {
        "type": "Polygon",
        "coordinates": [
          [
            [
              77.04817332360831,
              28.621805605461734
            ],
            [
              77.04817332360831,
              28.62160348544736
            ],
            [
              77.04840357693499,
              28.62160348544736
            ],
            [
              77.04840357693499,
              28.621805605461734
            ],
            [
              77.04817332360831,
              28.621805605461734
            ]
          ]
        ]
      },
      "properties": {
        "synthetic": true,
        "ulpin_demo": "11007510000274",
        "building_id": "BLD-0274",
        "parcel_id": "PAR-C3-21",
        "owner_fictional": "Riya Saxena",
        "floors": 3,
        "height_m": 9.600000000000001,
        "parcel_area_m2": 506.25,
        "footprint_m2": 272
      }
    },
    {
      "type": "Feature",
      "id": "PAR-C3-31",
      "geometry": {
        "type": "Polygon",
        "coordinates": [
          [
            [
              77.04840357693499,
              28.621805605461734
            ],
            [
              77.04840357693499,
              28.62160348544736
            ],
            [
              77.04863383026168,
              28.62160348544736
            ],
            [
              77.04863383026168,
              28.621805605461734
            ],
            [
              77.04840357693499,
              28.621805605461734
            ]
          ]
        ]
      },
      "properties": {
        "synthetic": true,
        "ulpin_demo": "11007510000275",
        "building_id": "BLD-0275",
        "parcel_id": "PAR-C3-31",
        "owner_fictional": "Tara Khanna",
        "floors": 5,
        "height_m": 16,
        "parcel_area_m2": 506.25,
        "footprint_m2": 240
      }
    },
    {
      "type": "Feature",
      "id": "PAR-C3-41",
      "geometry": {
        "type": "Polygon",
        "coordinates": [
          [
            [
              77.04863383026168,
              28.621805605461734
            ],
            [
              77.04863383026168,
              28.62160348544736
            ],
            [
              77.04886408358836,
              28.62160348544736
            ],
            [
              77.04886408358836,
              28.621805605461734
            ],
            [
              77.04863383026168,
              28.621805605461734
            ]
          ]
        ]
      },
      "properties": {
        "synthetic": true,
        "ulpin_demo": "11007510000276",
        "building_id": "BLD-0276",
        "parcel_id": "PAR-C3-41",
        "owner_fictional": "Kabir Nair",
        "floors": 4,
        "height_m": 12.8,
        "parcel_area_m2": 506.25,
        "footprint_m2": 221
      }
    },
    {
      "type": "Feature",
      "id": "PAR-C3-12",
      "geometry": {
        "type": "Polygon",
        "coordinates": [
          [
            [
              77.04794307028163,
              28.62160348544736
            ],
            [
              77.04794307028163,
              28.621401365432988
            ],
            [
              77.04817332360831,
              28.621401365432988
            ],
            [
              77.04817332360831,
              28.62160348544736
            ],
            [
              77.04794307028163,
              28.62160348544736
            ]
          ]
        ]
      },
      "properties": {
        "synthetic": true,
        "ulpin_demo": "11007510000277",
        "building_id": "BLD-0277",
        "parcel_id": "PAR-C3-12",
        "owner_fictional": "Ishaan Verma",
        "floors": 4,
        "height_m": 12.8,
        "parcel_area_m2": 506.25,
        "footprint_m2": 238
      }
    },
    {
      "type": "Feature",
      "id": "PAR-C3-22",
      "geometry": {
        "type": "Polygon",
        "coordinates": [
          [
            [
              77.04817332360831,
              28.62160348544736
            ],
            [
              77.04817332360831,
              28.621401365432988
            ],
            [
              77.04840357693499,
              28.621401365432988
            ],
            [
              77.04840357693499,
              28.62160348544736
            ],
            [
              77.04817332360831,
              28.62160348544736
            ]
          ]
        ]
      },
      "properties": {
        "synthetic": true,
        "ulpin_demo": "11007510000278",
        "building_id": "BLD-0278",
        "parcel_id": "PAR-C3-22",
        "owner_fictional": "Ananya Rao",
        "floors": 5,
        "height_m": 16,
        "parcel_area_m2": 506.25,
        "footprint_m2": 240
      }
    },
    {
      "type": "Feature",
      "id": "PAR-C3-32",
      "geometry": {
        "type": "Polygon",
        "coordinates": [
          [
            [
              77.04840357693499,
              28.62160348544736
            ],
            [
              77.04840357693499,
              28.621401365432988
            ],
            [
              77.04863383026168,
              28.621401365432988
            ],
            [
              77.04863383026168,
              28.62160348544736
            ],
            [
              77.04840357693499,
              28.62160348544736
            ]
          ]
        ]
      },
      "properties": {
        "synthetic": true,
        "ulpin_demo": "11007510000279",
        "building_id": "BLD-0279",
        "parcel_id": "PAR-C3-32",
        "owner_fictional": "Tara Khanna",
        "floors": 3,
        "height_m": 9.600000000000001,
        "parcel_area_m2": 506.25,
        "footprint_m2": 238
      }
    },
    {
      "type": "Feature",
      "id": "PAR-C3-42",
      "geometry": {
        "type": "Polygon",
        "coordinates": [
          [
            [
              77.04863383026168,
              28.62160348544736
            ],
            [
              77.04863383026168,
              28.621401365432988
            ],
            [
              77.04886408358836,
              28.621401365432988
            ],
            [
              77.04886408358836,
              28.62160348544736
            ],
            [
              77.04863383026168,
              28.62160348544736
            ]
          ]
        ]
      },
      "properties": {
        "synthetic": true,
        "ulpin_demo": "11007510000280",
        "building_id": "BLD-0280",
        "parcel_id": "PAR-C3-42",
        "owner_fictional": "Vihaan Joshi",
        "floors": 3,
        "height_m": 9.600000000000001,
        "parcel_area_m2": 506.25,
        "footprint_m2": 240
      }
    },
    {
      "type": "Feature",
      "id": "PAR-C3-13",
      "geometry": {
        "type": "Polygon",
        "coordinates": [
          [
            [
              77.04794307028163,
              28.621401365432988
            ],
            [
              77.04794307028163,
              28.621199245418612
            ],
            [
              77.04817332360831,
              28.621199245418612
            ],
            [
              77.04817332360831,
              28.621401365432988
            ],
            [
              77.04794307028163,
              28.621401365432988
            ]
          ]
        ]
      },
      "properties": {
        "synthetic": true,
        "ulpin_demo": "11007510000281",
        "building_id": "BLD-0281",
        "parcel_id": "PAR-C3-13",
        "owner_fictional": "Arjun Sinha",
        "floors": 4,
        "height_m": 12.8,
        "parcel_area_m2": 506.25,
        "footprint_m2": 208
      }
    },
    {
      "type": "Feature",
      "id": "PAR-C3-23",
      "geometry": {
        "type": "Polygon",
        "coordinates": [
          [
            [
              77.04817332360831,
              28.621401365432988
            ],
            [
              77.04817332360831,
              28.621199245418612
            ],
            [
              77.04840357693499,
              28.621199245418612
            ],
            [
              77.04840357693499,
              28.621401365432988
            ],
            [
              77.04817332360831,
              28.621401365432988
            ]
          ]
        ]
      },
      "properties": {
        "synthetic": true,
        "ulpin_demo": "11007510000282",
        "building_id": "BLD-0282",
        "parcel_id": "PAR-C3-23",
        "owner_fictional": "Ishaan Verma",
        "floors": 4,
        "height_m": 12.8,
        "parcel_area_m2": 506.25,
        "footprint_m2": 168
      }
    },
    {
      "type": "Feature",
      "id": "PAR-C3-33",
      "geometry": {
        "type": "Polygon",
        "coordinates": [
          [
            [
              77.04840357693499,
              28.621401365432988
            ],
            [
              77.04840357693499,
              28.621199245418612
            ],
            [
              77.04863383026168,
              28.621199245418612
            ],
            [
              77.04863383026168,
              28.621401365432988
            ],
            [
              77.04840357693499,
              28.621401365432988
            ]
          ]
        ]
      },
      "properties": {
        "synthetic": true,
        "ulpin_demo": "11007510000283",
        "building_id": "BLD-0283",
        "parcel_id": "PAR-C3-33",
        "owner_fictional": "Neel Kapoor",
        "floors": 6,
        "height_m": 19.200000000000003,
        "parcel_area_m2": 506.25,
        "footprint_m2": 289
      }
    },
    {
      "type": "Feature",
      "id": "PAR-C3-43",
      "geometry": {
        "type": "Polygon",
        "coordinates": [
          [
            [
              77.04863383026168,
              28.621401365432988
            ],
            [
              77.04863383026168,
              28.621199245418612
            ],
            [
              77.04886408358836,
              28.621199245418612
            ],
            [
              77.04886408358836,
              28.621401365432988
            ],
            [
              77.04863383026168,
              28.621401365432988
            ]
          ]
        ]
      },
      "properties": {
        "synthetic": true,
        "ulpin_demo": "11007510000284",
        "building_id": "BLD-0284",
        "parcel_id": "PAR-C3-43",
        "owner_fictional": "Sana Gill",
        "floors": 5,
        "height_m": 16,
        "parcel_area_m2": 506.25,
        "footprint_m2": 288
      }
    },
    {
      "type": "Feature",
      "id": "PAR-C3-14",
      "geometry": {
        "type": "Polygon",
        "coordinates": [
          [
            [
              77.04794307028163,
              28.621199245418612
            ],
            [
              77.04794307028163,
              28.62099712540424
            ],
            [
              77.04817332360831,
              28.62099712540424
            ],
            [
              77.04817332360831,
              28.621199245418612
            ],
            [
              77.04794307028163,
              28.621199245418612
            ]
          ]
        ]
      },
      "properties": {
        "synthetic": true,
        "ulpin_demo": "11007510000285",
        "building_id": "BLD-0285",
        "parcel_id": "PAR-C3-14",
        "owner_fictional": "Arjun Sinha",
        "floors": 3,
        "height_m": 9.600000000000001,
        "parcel_area_m2": 506.25,
        "footprint_m2": 255
      }
    },
    {
      "type": "Feature",
      "id": "PAR-C3-24",
      "geometry": {
        "type": "Polygon",
        "coordinates": [
          [
            [
              77.04817332360831,
              28.621199245418612
            ],
            [
              77.04817332360831,
              28.62099712540424
            ],
            [
              77.04840357693499,
              28.62099712540424
            ],
            [
              77.04840357693499,
              28.621199245418612
            ],
            [
              77.04817332360831,
              28.621199245418612
            ]
          ]
        ]
      },
      "properties": {
        "synthetic": true,
        "ulpin_demo": "11007510000286",
        "building_id": "BLD-0286",
        "parcel_id": "PAR-C3-24",
        "owner_fictional": "Neel Kapoor",
        "floors": 4,
        "height_m": 12.8,
        "parcel_area_m2": 506.25,
        "footprint_m2": 208
      }
    },
    {
      "type": "Feature",
      "id": "PAR-C3-34",
      "geometry": {
        "type": "Polygon",
        "coordinates": [
          [
            [
              77.04840357693499,
              28.621199245418612
            ],
            [
              77.04840357693499,
              28.62099712540424
            ],
            [
              77.04863383026168,
              28.62099712540424
            ],
            [
              77.04863383026168,
              28.621199245418612
            ],
            [
              77.04840357693499,
              28.621199245418612
            ]
          ]
        ]
      },
      "properties": {
        "synthetic": true,
        "ulpin_demo": "11007510000287",
        "building_id": "BLD-0287",
        "parcel_id": "PAR-C3-34",
        "owner_fictional": "Nisha Anand",
        "floors": 5,
        "height_m": 16,
        "parcel_area_m2": 506.25,
        "footprint_m2": 238
      }
    },
    {
      "type": "Feature",
      "id": "PAR-C3-44",
      "geometry": {
        "type": "Polygon",
        "coordinates": [
          [
            [
              77.04863383026168,
              28.621199245418612
            ],
            [
              77.04863383026168,
              28.62099712540424
            ],
            [
              77.04886408358836,
              28.62099712540424
            ],
            [
              77.04886408358836,
              28.621199245418612
            ],
            [
              77.04863383026168,
              28.621199245418612
            ]
          ]
        ]
      },
      "properties": {
        "synthetic": true,
        "ulpin_demo": "11007510000288",
        "building_id": "BLD-0288",
        "parcel_id": "PAR-C3-44",
        "owner_fictional": "Diya Malhotra",
        "floors": 5,
        "height_m": 16,
        "parcel_area_m2": 506.25,
        "footprint_m2": 195
      }
    },
    {
      "type": "Feature",
      "id": "PAR-C4-11",
      "geometry": {
        "type": "Polygon",
        "coordinates": [
          [
            [
              77.04900735232496,
              28.621805605461734
            ],
            [
              77.04900735232496,
              28.62160348544736
            ],
            [
              77.04923760565164,
              28.62160348544736
            ],
            [
              77.04923760565164,
              28.621805605461734
            ],
            [
              77.04900735232496,
              28.621805605461734
            ]
          ]
        ]
      },
      "properties": {
        "synthetic": true,
        "ulpin_demo": "11007510000289",
        "building_id": "BLD-0289",
        "parcel_id": "PAR-C4-11",
        "owner_fictional": "Aarav Mehta",
        "floors": 6,
        "height_m": 19.200000000000003,
        "parcel_area_m2": 506.25,
        "footprint_m2": 204
      }
    },
    {
      "type": "Feature",
      "id": "PAR-C4-21",
      "geometry": {
        "type": "Polygon",
        "coordinates": [
          [
            [
              77.04923760565164,
              28.621805605461734
            ],
            [
              77.04923760565164,
              28.62160348544736
            ],
            [
              77.04946785897833,
              28.62160348544736
            ],
            [
              77.04946785897833,
              28.621805605461734
            ],
            [
              77.04923760565164,
              28.621805605461734
            ]
          ]
        ]
      },
      "properties": {
        "synthetic": true,
        "ulpin_demo": "11007510000290",
        "building_id": "BLD-0290",
        "parcel_id": "PAR-C4-21",
        "owner_fictional": "Kavya Sethi",
        "floors": 5,
        "height_m": 16,
        "parcel_area_m2": 506.25,
        "footprint_m2": 195
      }
    },
    {
      "type": "Feature",
      "id": "PAR-C4-31",
      "geometry": {
        "type": "Polygon",
        "coordinates": [
          [
            [
              77.04946785897833,
              28.621805605461734
            ],
            [
              77.04946785897833,
              28.62160348544736
            ],
            [
              77.04969811230501,
              28.62160348544736
            ],
            [
              77.04969811230501,
              28.621805605461734
            ],
            [
              77.04946785897833,
              28.621805605461734
            ]
          ]
        ]
      },
      "properties": {
        "synthetic": true,
        "ulpin_demo": "11007510000291",
        "building_id": "BLD-0291",
        "parcel_id": "PAR-C4-31",
        "owner_fictional": "Tara Khanna",
        "floors": 4,
        "height_m": 12.8,
        "parcel_area_m2": 506.25,
        "footprint_m2": 255
      }
    },
    {
      "type": "Feature",
      "id": "PAR-C4-41",
      "geometry": {
        "type": "Polygon",
        "coordinates": [
          [
            [
              77.04969811230501,
              28.621805605461734
            ],
            [
              77.04969811230501,
              28.62160348544736
            ],
            [
              77.0499283656317,
              28.62160348544736
            ],
            [
              77.0499283656317,
              28.621805605461734
            ],
            [
              77.04969811230501,
              28.621805605461734
            ]
          ]
        ]
      },
      "properties": {
        "synthetic": true,
        "ulpin_demo": "11007510000292",
        "building_id": "BLD-0292",
        "parcel_id": "PAR-C4-41",
        "owner_fictional": "Kavya Sethi",
        "floors": 4,
        "height_m": 12.8,
        "parcel_area_m2": 506.25,
        "footprint_m2": 182
      }
    },
    {
      "type": "Feature",
      "id": "PAR-C4-12",
      "geometry": {
        "type": "Polygon",
        "coordinates": [
          [
            [
              77.04900735232496,
              28.62160348544736
            ],
            [
              77.04900735232496,
              28.621401365432988
            ],
            [
              77.04923760565164,
              28.621401365432988
            ],
            [
              77.04923760565164,
              28.62160348544736
            ],
            [
              77.04900735232496,
              28.62160348544736
            ]
          ]
        ]
      },
      "properties": {
        "synthetic": true,
        "ulpin_demo": "11007510000293",
        "building_id": "BLD-0293",
        "parcel_id": "PAR-C4-12",
        "owner_fictional": "Tara Khanna",
        "floors": 4,
        "height_m": 12.8,
        "parcel_area_m2": 506.25,
        "footprint_m2": 224
      }
    },
    {
      "type": "Feature",
      "id": "PAR-C4-22",
      "geometry": {
        "type": "Polygon",
        "coordinates": [
          [
            [
              77.04923760565164,
              28.62160348544736
            ],
            [
              77.04923760565164,
              28.621401365432988
            ],
            [
              77.04946785897833,
              28.621401365432988
            ],
            [
              77.04946785897833,
              28.62160348544736
            ],
            [
              77.04923760565164,
              28.62160348544736
            ]
          ]
        ]
      },
      "properties": {
        "synthetic": true,
        "ulpin_demo": "11007510000294",
        "building_id": "BLD-0294",
        "parcel_id": "PAR-C4-22",
        "owner_fictional": "Meera Arora",
        "floors": 4,
        "height_m": 12.8,
        "parcel_area_m2": 506.25,
        "footprint_m2": 256
      }
    },
    {
      "type": "Feature",
      "id": "PAR-C4-32",
      "geometry": {
        "type": "Polygon",
        "coordinates": [
          [
            [
              77.04946785897833,
              28.62160348544736
            ],
            [
              77.04946785897833,
              28.621401365432988
            ],
            [
              77.04969811230501,
              28.621401365432988
            ],
            [
              77.04969811230501,
              28.62160348544736
            ],
            [
              77.04946785897833,
              28.62160348544736
            ]
          ]
        ]
      },
      "properties": {
        "synthetic": true,
        "ulpin_demo": "11007510000295",
        "building_id": "BLD-0295",
        "parcel_id": "PAR-C4-32",
        "owner_fictional": "Kavya Sethi",
        "floors": 6,
        "height_m": 19.200000000000003,
        "parcel_area_m2": 506.25,
        "footprint_m2": 234
      }
    },
    {
      "type": "Feature",
      "id": "PAR-C4-42",
      "geometry": {
        "type": "Polygon",
        "coordinates": [
          [
            [
              77.04969811230501,
              28.62160348544736
            ],
            [
              77.04969811230501,
              28.621401365432988
            ],
            [
              77.0499283656317,
              28.621401365432988
            ],
            [
              77.0499283656317,
              28.62160348544736
            ],
            [
              77.04969811230501,
              28.62160348544736
            ]
          ]
        ]
      },
      "properties": {
        "synthetic": true,
        "ulpin_demo": "11007510000296",
        "building_id": "BLD-0296",
        "parcel_id": "PAR-C4-42",
        "owner_fictional": "Ananya Rao",
        "floors": 6,
        "height_m": 19.200000000000003,
        "parcel_area_m2": 506.25,
        "footprint_m2": 306
      }
    },
    {
      "type": "Feature",
      "id": "PAR-C4-13",
      "geometry": {
        "type": "Polygon",
        "coordinates": [
          [
            [
              77.04900735232496,
              28.621401365432988
            ],
            [
              77.04900735232496,
              28.621199245418612
            ],
            [
              77.04923760565164,
              28.621199245418612
            ],
            [
              77.04923760565164,
              28.621401365432988
            ],
            [
              77.04900735232496,
              28.621401365432988
            ]
          ]
        ]
      },
      "properties": {
        "synthetic": true,
        "ulpin_demo": "11007510000297",
        "building_id": "BLD-0297",
        "parcel_id": "PAR-C4-13",
        "owner_fictional": "Sana Gill",
        "floors": 4,
        "height_m": 12.8,
        "parcel_area_m2": 506.25,
        "footprint_m2": 240
      }
    },
    {
      "type": "Feature",
      "id": "PAR-C4-23",
      "geometry": {
        "type": "Polygon",
        "coordinates": [
          [
            [
              77.04923760565164,
              28.621401365432988
            ],
            [
              77.04923760565164,
              28.621199245418612
            ],
            [
              77.04946785897833,
              28.621199245418612
            ],
            [
              77.04946785897833,
              28.621401365432988
            ],
            [
              77.04923760565164,
              28.621401365432988
            ]
          ]
        ]
      },
      "properties": {
        "synthetic": true,
        "ulpin_demo": "11007510000298",
        "building_id": "BLD-0298",
        "parcel_id": "PAR-C4-23",
        "owner_fictional": "Ishaan Verma",
        "floors": 4,
        "height_m": 12.8,
        "parcel_area_m2": 506.25,
        "footprint_m2": 204
      }
    },
    {
      "type": "Feature",
      "id": "PAR-C4-33",
      "geometry": {
        "type": "Polygon",
        "coordinates": [
          [
            [
              77.04946785897833,
              28.621401365432988
            ],
            [
              77.04946785897833,
              28.621199245418612
            ],
            [
              77.04969811230501,
              28.621199245418612
            ],
            [
              77.04969811230501,
              28.621401365432988
            ],
            [
              77.04946785897833,
              28.621401365432988
            ]
          ]
        ]
      },
      "properties": {
        "synthetic": true,
        "ulpin_demo": "11007510000299",
        "building_id": "BLD-0299",
        "parcel_id": "PAR-C4-33",
        "owner_fictional": "Vihaan Joshi",
        "floors": 5,
        "height_m": 16,
        "parcel_area_m2": 506.25,
        "footprint_m2": 195
      }
    },
    {
      "type": "Feature",
      "id": "PAR-C4-43",
      "geometry": {
        "type": "Polygon",
        "coordinates": [
          [
            [
              77.04969811230501,
              28.621401365432988
            ],
            [
              77.04969811230501,
              28.621199245418612
            ],
            [
              77.0499283656317,
              28.621199245418612
            ],
            [
              77.0499283656317,
              28.621401365432988
            ],
            [
              77.04969811230501,
              28.621401365432988
            ]
          ]
        ]
      },
      "properties": {
        "synthetic": true,
        "ulpin_demo": "11007510000300",
        "building_id": "BLD-0300",
        "parcel_id": "PAR-C4-43",
        "owner_fictional": "Neel Kapoor",
        "floors": 3,
        "height_m": 9.600000000000001,
        "parcel_area_m2": 506.25,
        "footprint_m2": 256
      }
    },
    {
      "type": "Feature",
      "id": "PAR-C4-14",
      "geometry": {
        "type": "Polygon",
        "coordinates": [
          [
            [
              77.04900735232496,
              28.621199245418612
            ],
            [
              77.04900735232496,
              28.62099712540424
            ],
            [
              77.04923760565164,
              28.62099712540424
            ],
            [
              77.04923760565164,
              28.621199245418612
            ],
            [
              77.04900735232496,
              28.621199245418612
            ]
          ]
        ]
      },
      "properties": {
        "synthetic": true,
        "ulpin_demo": "11007510000301",
        "building_id": "BLD-0301",
        "parcel_id": "PAR-C4-14",
        "owner_fictional": "Kavya Sethi",
        "floors": 4,
        "height_m": 12.8,
        "parcel_area_m2": 506.25,
        "footprint_m2": 255
      }
    },
    {
      "type": "Feature",
      "id": "PAR-C4-24",
      "geometry": {
        "type": "Polygon",
        "coordinates": [
          [
            [
              77.04923760565164,
              28.621199245418612
            ],
            [
              77.04923760565164,
              28.62099712540424
            ],
            [
              77.04946785897833,
              28.62099712540424
            ],
            [
              77.04946785897833,
              28.621199245418612
            ],
            [
              77.04923760565164,
              28.621199245418612
            ]
          ]
        ]
      },
      "properties": {
        "synthetic": true,
        "ulpin_demo": "11007510000302",
        "building_id": "BLD-0302",
        "parcel_id": "PAR-C4-24",
        "owner_fictional": "Rohan Batra",
        "floors": 3,
        "height_m": 9.600000000000001,
        "parcel_area_m2": 506.25,
        "footprint_m2": 156
      }
    },
    {
      "type": "Feature",
      "id": "PAR-C4-34",
      "geometry": {
        "type": "Polygon",
        "coordinates": [
          [
            [
              77.04946785897833,
              28.621199245418612
            ],
            [
              77.04946785897833,
              28.62099712540424
            ],
            [
              77.04969811230501,
              28.62099712540424
            ],
            [
              77.04969811230501,
              28.621199245418612
            ],
            [
              77.04946785897833,
              28.621199245418612
            ]
          ]
        ]
      },
      "properties": {
        "synthetic": true,
        "ulpin_demo": "11007510000303",
        "building_id": "BLD-0303",
        "parcel_id": "PAR-C4-34",
        "owner_fictional": "Dev Ahuja",
        "floors": 3,
        "height_m": 9.600000000000001,
        "parcel_area_m2": 506.25,
        "footprint_m2": 255
      }
    },
    {
      "type": "Feature",
      "id": "PAR-C4-44",
      "geometry": {
        "type": "Polygon",
        "coordinates": [
          [
            [
              77.04969811230501,
              28.621199245418612
            ],
            [
              77.04969811230501,
              28.62099712540424
            ],
            [
              77.0499283656317,
              28.62099712540424
            ],
            [
              77.0499283656317,
              28.621199245418612
            ],
            [
              77.04969811230501,
              28.621199245418612
            ]
          ]
        ]
      },
      "properties": {
        "synthetic": true,
        "ulpin_demo": "11007510000304",
        "building_id": "BLD-0304",
        "parcel_id": "PAR-C4-44",
        "owner_fictional": "Sana Gill",
        "floors": 6,
        "height_m": 19.200000000000003,
        "parcel_area_m2": 506.25,
        "footprint_m2": 224
      }
    },
    {
      "type": "Feature",
      "id": "PAR-C5-11",
      "geometry": {
        "type": "Polygon",
        "coordinates": [
          [
            [
              77.0500716343683,
              28.621805605461734
            ],
            [
              77.0500716343683,
              28.62160348544736
            ],
            [
              77.05030188769499,
              28.62160348544736
            ],
            [
              77.05030188769499,
              28.621805605461734
            ],
            [
              77.0500716343683,
              28.621805605461734
            ]
          ]
        ]
      },
      "properties": {
        "synthetic": true,
        "ulpin_demo": "11007510000305",
        "building_id": "BLD-0305",
        "parcel_id": "PAR-C5-11",
        "owner_fictional": "Arjun Sinha",
        "floors": 4,
        "height_m": 12.8,
        "parcel_area_m2": 506.25,
        "footprint_m2": 182
      }
    },
    {
      "type": "Feature",
      "id": "PAR-C5-21",
      "geometry": {
        "type": "Polygon",
        "coordinates": [
          [
            [
              77.05030188769499,
              28.621805605461734
            ],
            [
              77.05030188769499,
              28.62160348544736
            ],
            [
              77.05053214102166,
              28.62160348544736
            ],
            [
              77.05053214102166,
              28.621805605461734
            ],
            [
              77.05030188769499,
              28.621805605461734
            ]
          ]
        ]
      },
      "properties": {
        "synthetic": true,
        "ulpin_demo": "11007510000306",
        "building_id": "BLD-0306",
        "parcel_id": "PAR-C5-21",
        "owner_fictional": "Tara Khanna",
        "floors": 4,
        "height_m": 12.8,
        "parcel_area_m2": 506.25,
        "footprint_m2": 195
      }
    },
    {
      "type": "Feature",
      "id": "PAR-C5-31",
      "geometry": {
        "type": "Polygon",
        "coordinates": [
          [
            [
              77.05053214102166,
              28.621805605461734
            ],
            [
              77.05053214102166,
              28.62160348544736
            ],
            [
              77.05076239434835,
              28.62160348544736
            ],
            [
              77.05076239434835,
              28.621805605461734
            ],
            [
              77.05053214102166,
              28.621805605461734
            ]
          ]
        ]
      },
      "properties": {
        "synthetic": true,
        "ulpin_demo": "11007510000307",
        "building_id": "BLD-0307",
        "parcel_id": "PAR-C5-31",
        "owner_fictional": "Tara Khanna",
        "floors": 4,
        "height_m": 12.8,
        "parcel_area_m2": 506.25,
        "footprint_m2": 224
      }
    },
    {
      "type": "Feature",
      "id": "PAR-C5-41",
      "geometry": {
        "type": "Polygon",
        "coordinates": [
          [
            [
              77.05076239434835,
              28.621805605461734
            ],
            [
              77.05076239434835,
              28.62160348544736
            ],
            [
              77.05099264767503,
              28.62160348544736
            ],
            [
              77.05099264767503,
              28.621805605461734
            ],
            [
              77.05076239434835,
              28.621805605461734
            ]
          ]
        ]
      },
      "properties": {
        "synthetic": true,
        "ulpin_demo": "11007510000308",
        "building_id": "BLD-0308",
        "parcel_id": "PAR-C5-41",
        "owner_fictional": "Nisha Anand",
        "floors": 3,
        "height_m": 9.600000000000001,
        "parcel_area_m2": 506.25,
        "footprint_m2": 224
      }
    },
    {
      "type": "Feature",
      "id": "PAR-C5-12",
      "geometry": {
        "type": "Polygon",
        "coordinates": [
          [
            [
              77.0500716343683,
              28.62160348544736
            ],
            [
              77.0500716343683,
              28.621401365432988
            ],
            [
              77.05030188769499,
              28.621401365432988
            ],
            [
              77.05030188769499,
              28.62160348544736
            ],
            [
              77.0500716343683,
              28.62160348544736
            ]
          ]
        ]
      },
      "properties": {
        "synthetic": true,
        "ulpin_demo": "11007510000309",
        "building_id": "BLD-0309",
        "parcel_id": "PAR-C5-12",
        "owner_fictional": "Diya Malhotra",
        "floors": 4,
        "height_m": 12.8,
        "parcel_area_m2": 506.25,
        "footprint_m2": 252
      }
    },
    {
      "type": "Feature",
      "id": "PAR-C5-22",
      "geometry": {
        "type": "Polygon",
        "coordinates": [
          [
            [
              77.05030188769499,
              28.62160348544736
            ],
            [
              77.05030188769499,
              28.621401365432988
            ],
            [
              77.05053214102166,
              28.621401365432988
            ],
            [
              77.05053214102166,
              28.62160348544736
            ],
            [
              77.05030188769499,
              28.62160348544736
            ]
          ]
        ]
      },
      "properties": {
        "synthetic": true,
        "ulpin_demo": "11007510000310",
        "building_id": "BLD-0310",
        "parcel_id": "PAR-C5-22",
        "owner_fictional": "Kavya Sethi",
        "floors": 4,
        "height_m": 12.8,
        "parcel_area_m2": 506.25,
        "footprint_m2": 288
      }
    },
    {
      "type": "Feature",
      "id": "PAR-C5-32",
      "geometry": {
        "type": "Polygon",
        "coordinates": [
          [
            [
              77.05053214102166,
              28.62160348544736
            ],
            [
              77.05053214102166,
              28.621401365432988
            ],
            [
              77.05076239434835,
              28.621401365432988
            ],
            [
              77.05076239434835,
              28.62160348544736
            ],
            [
              77.05053214102166,
              28.62160348544736
            ]
          ]
        ]
      },
      "properties": {
        "synthetic": true,
        "ulpin_demo": "11007510000311",
        "building_id": "BLD-0311",
        "parcel_id": "PAR-C5-32",
        "owner_fictional": "Meera Arora",
        "floors": 6,
        "height_m": 19.200000000000003,
        "parcel_area_m2": 506.25,
        "footprint_m2": 270
      }
    },
    {
      "type": "Feature",
      "id": "PAR-C5-42",
      "geometry": {
        "type": "Polygon",
        "coordinates": [
          [
            [
              77.05076239434835,
              28.62160348544736
            ],
            [
              77.05076239434835,
              28.621401365432988
            ],
            [
              77.05099264767503,
              28.621401365432988
            ],
            [
              77.05099264767503,
              28.62160348544736
            ],
            [
              77.05076239434835,
              28.62160348544736
            ]
          ]
        ]
      },
      "properties": {
        "synthetic": true,
        "ulpin_demo": "11007510000312",
        "building_id": "BLD-0312",
        "parcel_id": "PAR-C5-42",
        "owner_fictional": "Rohan Batra",
        "floors": 6,
        "height_m": 19.200000000000003,
        "parcel_area_m2": 506.25,
        "footprint_m2": 238
      }
    },
    {
      "type": "Feature",
      "id": "PAR-C5-13",
      "geometry": {
        "type": "Polygon",
        "coordinates": [
          [
            [
              77.0500716343683,
              28.621401365432988
            ],
            [
              77.0500716343683,
              28.621199245418612
            ],
            [
              77.05030188769499,
              28.621199245418612
            ],
            [
              77.05030188769499,
              28.621401365432988
            ],
            [
              77.0500716343683,
              28.621401365432988
            ]
          ]
        ]
      },
      "properties": {
        "synthetic": true,
        "ulpin_demo": "11007510000313",
        "building_id": "BLD-0313",
        "parcel_id": "PAR-C5-13",
        "owner_fictional": "Rohan Batra",
        "floors": 3,
        "height_m": 9.600000000000001,
        "parcel_area_m2": 506.25,
        "footprint_m2": 255
      }
    },
    {
      "type": "Feature",
      "id": "PAR-C5-23",
      "geometry": {
        "type": "Polygon",
        "coordinates": [
          [
            [
              77.05030188769499,
              28.621401365432988
            ],
            [
              77.05030188769499,
              28.621199245418612
            ],
            [
              77.05053214102166,
              28.621199245418612
            ],
            [
              77.05053214102166,
              28.621401365432988
            ],
            [
              77.05030188769499,
              28.621401365432988
            ]
          ]
        ]
      },
      "properties": {
        "synthetic": true,
        "ulpin_demo": "11007510000314",
        "building_id": "BLD-0314",
        "parcel_id": "PAR-C5-23",
        "owner_fictional": "Diya Malhotra",
        "floors": 4,
        "height_m": 12.8,
        "parcel_area_m2": 506.25,
        "footprint_m2": 204
      }
    },
    {
      "type": "Feature",
      "id": "PAR-C5-33",
      "geometry": {
        "type": "Polygon",
        "coordinates": [
          [
            [
              77.05053214102166,
              28.621401365432988
            ],
            [
              77.05053214102166,
              28.621199245418612
            ],
            [
              77.05076239434835,
              28.621199245418612
            ],
            [
              77.05076239434835,
              28.621401365432988
            ],
            [
              77.05053214102166,
              28.621401365432988
            ]
          ]
        ]
      },
      "properties": {
        "synthetic": true,
        "ulpin_demo": "11007510000315",
        "building_id": "BLD-0315",
        "parcel_id": "PAR-C5-33",
        "owner_fictional": "Tara Khanna",
        "floors": 4,
        "height_m": 12.8,
        "parcel_area_m2": 506.25,
        "footprint_m2": 221
      }
    },
    {
      "type": "Feature",
      "id": "PAR-C5-43",
      "geometry": {
        "type": "Polygon",
        "coordinates": [
          [
            [
              77.05076239434835,
              28.621401365432988
            ],
            [
              77.05076239434835,
              28.621199245418612
            ],
            [
              77.05099264767503,
              28.621199245418612
            ],
            [
              77.05099264767503,
              28.621401365432988
            ],
            [
              77.05076239434835,
              28.621401365432988
            ]
          ]
        ]
      },
      "properties": {
        "synthetic": true,
        "ulpin_demo": "11007510000316",
        "building_id": "BLD-0316",
        "parcel_id": "PAR-C5-43",
        "owner_fictional": "Arjun Sinha",
        "floors": 3,
        "height_m": 9.600000000000001,
        "parcel_area_m2": 506.25,
        "footprint_m2": 306
      }
    },
    {
      "type": "Feature",
      "id": "PAR-C5-14",
      "geometry": {
        "type": "Polygon",
        "coordinates": [
          [
            [
              77.0500716343683,
              28.621199245418612
            ],
            [
              77.0500716343683,
              28.62099712540424
            ],
            [
              77.05030188769499,
              28.62099712540424
            ],
            [
              77.05030188769499,
              28.621199245418612
            ],
            [
              77.0500716343683,
              28.621199245418612
            ]
          ]
        ]
      },
      "properties": {
        "synthetic": true,
        "ulpin_demo": "11007510000317",
        "building_id": "BLD-0317",
        "parcel_id": "PAR-C5-14",
        "owner_fictional": "Rohan Batra",
        "floors": 3,
        "height_m": 9.600000000000001,
        "parcel_area_m2": 506.25,
        "footprint_m2": 221
      }
    },
    {
      "type": "Feature",
      "id": "PAR-C5-24",
      "geometry": {
        "type": "Polygon",
        "coordinates": [
          [
            [
              77.05030188769499,
              28.621199245418612
            ],
            [
              77.05030188769499,
              28.62099712540424
            ],
            [
              77.05053214102166,
              28.62099712540424
            ],
            [
              77.05053214102166,
              28.621199245418612
            ],
            [
              77.05030188769499,
              28.621199245418612
            ]
          ]
        ]
      },
      "properties": {
        "synthetic": true,
        "ulpin_demo": "11007510000318",
        "building_id": "BLD-0318",
        "parcel_id": "PAR-C5-24",
        "owner_fictional": "Tara Khanna",
        "floors": 6,
        "height_m": 19.200000000000003,
        "parcel_area_m2": 506.25,
        "footprint_m2": 208
      }
    },
    {
      "type": "Feature",
      "id": "PAR-C5-34",
      "geometry": {
        "type": "Polygon",
        "coordinates": [
          [
            [
              77.05053214102166,
              28.621199245418612
            ],
            [
              77.05053214102166,
              28.62099712540424
            ],
            [
              77.05076239434835,
              28.62099712540424
            ],
            [
              77.05076239434835,
              28.621199245418612
            ],
            [
              77.05053214102166,
              28.621199245418612
            ]
          ]
        ]
      },
      "properties": {
        "synthetic": true,
        "ulpin_demo": "11007510000319",
        "building_id": "BLD-0319",
        "parcel_id": "PAR-C5-34",
        "owner_fictional": "Riya Saxena",
        "floors": 3,
        "height_m": 9.600000000000001,
        "parcel_area_m2": 506.25,
        "footprint_m2": 195
      }
    },
    {
      "type": "Feature",
      "id": "PAR-C5-44",
      "geometry": {
        "type": "Polygon",
        "coordinates": [
          [
            [
              77.05076239434835,
              28.621199245418612
            ],
            [
              77.05076239434835,
              28.62099712540424
            ],
            [
              77.05099264767503,
              28.62099712540424
            ],
            [
              77.05099264767503,
              28.621199245418612
            ],
            [
              77.05076239434835,
              28.621199245418612
            ]
          ]
        ]
      },
      "properties": {
        "synthetic": true,
        "ulpin_demo": "11007510000320",
        "building_id": "BLD-0320",
        "parcel_id": "PAR-C5-44",
        "owner_fictional": "Ishaan Verma",
        "floors": 5,
        "height_m": 16,
        "parcel_area_m2": 506.25,
        "footprint_m2": 289
      }
    },
    {
      "type": "Feature",
      "id": "PAR-C6-11",
      "geometry": {
        "type": "Polygon",
        "coordinates": [
          [
            [
              77.05113591641164,
              28.621805605461734
            ],
            [
              77.05113591641164,
              28.62160348544736
            ],
            [
              77.05136616973832,
              28.62160348544736
            ],
            [
              77.05136616973832,
              28.621805605461734
            ],
            [
              77.05113591641164,
              28.621805605461734
            ]
          ]
        ]
      },
      "properties": {
        "synthetic": true,
        "ulpin_demo": "11007510000321",
        "building_id": "BLD-0321",
        "parcel_id": "PAR-C6-11",
        "owner_fictional": "Ishaan Verma",
        "floors": 4,
        "height_m": 12.8,
        "parcel_area_m2": 506.25,
        "footprint_m2": 221
      }
    },
    {
      "type": "Feature",
      "id": "PAR-C6-21",
      "geometry": {
        "type": "Polygon",
        "coordinates": [
          [
            [
              77.05136616973832,
              28.621805605461734
            ],
            [
              77.05136616973832,
              28.62160348544736
            ],
            [
              77.051596423065,
              28.62160348544736
            ],
            [
              77.051596423065,
              28.621805605461734
            ],
            [
              77.05136616973832,
              28.621805605461734
            ]
          ]
        ]
      },
      "properties": {
        "synthetic": true,
        "ulpin_demo": "11007510000322",
        "building_id": "BLD-0322",
        "parcel_id": "PAR-C6-21",
        "owner_fictional": "Kavya Sethi",
        "floors": 3,
        "height_m": 9.600000000000001,
        "parcel_area_m2": 506.25,
        "footprint_m2": 238
      }
    },
    {
      "type": "Feature",
      "id": "PAR-C6-31",
      "geometry": {
        "type": "Polygon",
        "coordinates": [
          [
            [
              77.051596423065,
              28.621805605461734
            ],
            [
              77.051596423065,
              28.62160348544736
            ],
            [
              77.05182667639168,
              28.62160348544736
            ],
            [
              77.05182667639168,
              28.621805605461734
            ],
            [
              77.051596423065,
              28.621805605461734
            ]
          ]
        ]
      },
      "properties": {
        "synthetic": true,
        "ulpin_demo": "11007510000323",
        "building_id": "BLD-0323",
        "parcel_id": "PAR-C6-31",
        "owner_fictional": "Vihaan Joshi",
        "floors": 3,
        "height_m": 9.600000000000001,
        "parcel_area_m2": 506.25,
        "footprint_m2": 192
      }
    },
    {
      "type": "Feature",
      "id": "PAR-C6-41",
      "geometry": {
        "type": "Polygon",
        "coordinates": [
          [
            [
              77.05182667639168,
              28.621805605461734
            ],
            [
              77.05182667639168,
              28.62160348544736
            ],
            [
              77.05205692971836,
              28.62160348544736
            ],
            [
              77.05205692971836,
              28.621805605461734
            ],
            [
              77.05182667639168,
              28.621805605461734
            ]
          ]
        ]
      },
      "properties": {
        "synthetic": true,
        "ulpin_demo": "11007510000324",
        "building_id": "BLD-0324",
        "parcel_id": "PAR-C6-41",
        "owner_fictional": "Aarav Mehta",
        "floors": 6,
        "height_m": 19.200000000000003,
        "parcel_area_m2": 506.25,
        "footprint_m2": 221
      }
    },
    {
      "type": "Feature",
      "id": "PAR-C6-12",
      "geometry": {
        "type": "Polygon",
        "coordinates": [
          [
            [
              77.05113591641164,
              28.62160348544736
            ],
            [
              77.05113591641164,
              28.621401365432988
            ],
            [
              77.05136616973832,
              28.621401365432988
            ],
            [
              77.05136616973832,
              28.62160348544736
            ],
            [
              77.05113591641164,
              28.62160348544736
            ]
          ]
        ]
      },
      "properties": {
        "synthetic": true,
        "ulpin_demo": "11007510000325",
        "building_id": "BLD-0325",
        "parcel_id": "PAR-C6-12",
        "owner_fictional": "Kabir Nair",
        "floors": 4,
        "height_m": 12.8,
        "parcel_area_m2": 506.25,
        "footprint_m2": 195
      }
    },
    {
      "type": "Feature",
      "id": "PAR-C6-22",
      "geometry": {
        "type": "Polygon",
        "coordinates": [
          [
            [
              77.05136616973832,
              28.62160348544736
            ],
            [
              77.05136616973832,
              28.621401365432988
            ],
            [
              77.051596423065,
              28.621401365432988
            ],
            [
              77.051596423065,
              28.62160348544736
            ],
            [
              77.05136616973832,
              28.62160348544736
            ]
          ]
        ]
      },
      "properties": {
        "synthetic": true,
        "ulpin_demo": "11007510000326",
        "building_id": "BLD-0326",
        "parcel_id": "PAR-C6-22",
        "owner_fictional": "Meera Arora",
        "floors": 5,
        "height_m": 16,
        "parcel_area_m2": 506.25,
        "footprint_m2": 272
      }
    },
    {
      "type": "Feature",
      "id": "PAR-C6-32",
      "geometry": {
        "type": "Polygon",
        "coordinates": [
          [
            [
              77.051596423065,
              28.62160348544736
            ],
            [
              77.051596423065,
              28.621401365432988
            ],
            [
              77.05182667639168,
              28.621401365432988
            ],
            [
              77.05182667639168,
              28.62160348544736
            ],
            [
              77.051596423065,
              28.62160348544736
            ]
          ]
        ]
      },
      "properties": {
        "synthetic": true,
        "ulpin_demo": "11007510000327",
        "building_id": "BLD-0327",
        "parcel_id": "PAR-C6-32",
        "owner_fictional": "Riya Saxena",
        "floors": 3,
        "height_m": 9.600000000000001,
        "parcel_area_m2": 506.25,
        "footprint_m2": 288
      }
    },
    {
      "type": "Feature",
      "id": "PAR-C6-42",
      "geometry": {
        "type": "Polygon",
        "coordinates": [
          [
            [
              77.05182667639168,
              28.62160348544736
            ],
            [
              77.05182667639168,
              28.621401365432988
            ],
            [
              77.05205692971836,
              28.621401365432988
            ],
            [
              77.05205692971836,
              28.62160348544736
            ],
            [
              77.05182667639168,
              28.62160348544736
            ]
          ]
        ]
      },
      "properties": {
        "synthetic": true,
        "ulpin_demo": "11007510000328",
        "building_id": "BLD-0328",
        "parcel_id": "PAR-C6-42",
        "owner_fictional": "Sana Gill",
        "floors": 5,
        "height_m": 16,
        "parcel_area_m2": 506.25,
        "footprint_m2": 210
      }
    },
    {
      "type": "Feature",
      "id": "PAR-C6-13",
      "geometry": {
        "type": "Polygon",
        "coordinates": [
          [
            [
              77.05113591641164,
              28.621401365432988
            ],
            [
              77.05113591641164,
              28.621199245418612
            ],
            [
              77.05136616973832,
              28.621199245418612
            ],
            [
              77.05136616973832,
              28.621401365432988
            ],
            [
              77.05113591641164,
              28.621401365432988
            ]
          ]
        ]
      },
      "properties": {
        "synthetic": true,
        "ulpin_demo": "11007510000329",
        "building_id": "BLD-0329",
        "parcel_id": "PAR-C6-13",
        "owner_fictional": "Sana Gill",
        "floors": 6,
        "height_m": 19.200000000000003,
        "parcel_area_m2": 506.25,
        "footprint_m2": 182
      }
    },
    {
      "type": "Feature",
      "id": "PAR-C6-23",
      "geometry": {
        "type": "Polygon",
        "coordinates": [
          [
            [
              77.05136616973832,
              28.621401365432988
            ],
            [
              77.05136616973832,
              28.621199245418612
            ],
            [
              77.051596423065,
              28.621199245418612
            ],
            [
              77.051596423065,
              28.621401365432988
            ],
            [
              77.05136616973832,
              28.621401365432988
            ]
          ]
        ]
      },
      "properties": {
        "synthetic": true,
        "ulpin_demo": "11007510000330",
        "building_id": "BLD-0330",
        "parcel_id": "PAR-C6-23",
        "owner_fictional": "Sana Gill",
        "floors": 5,
        "height_m": 16,
        "parcel_area_m2": 506.25,
        "footprint_m2": 208
      }
    },
    {
      "type": "Feature",
      "id": "PAR-C6-33",
      "geometry": {
        "type": "Polygon",
        "coordinates": [
          [
            [
              77.051596423065,
              28.621401365432988
            ],
            [
              77.051596423065,
              28.621199245418612
            ],
            [
              77.05182667639168,
              28.621199245418612
            ],
            [
              77.05182667639168,
              28.621401365432988
            ],
            [
              77.051596423065,
              28.621401365432988
            ]
          ]
        ]
      },
      "properties": {
        "synthetic": true,
        "ulpin_demo": "11007510000331",
        "building_id": "BLD-0331",
        "parcel_id": "PAR-C6-33",
        "owner_fictional": "Sana Gill",
        "floors": 5,
        "height_m": 16,
        "parcel_area_m2": 506.25,
        "footprint_m2": 270
      }
    },
    {
      "type": "Feature",
      "id": "PAR-C6-43",
      "geometry": {
        "type": "Polygon",
        "coordinates": [
          [
            [
              77.05182667639168,
              28.621401365432988
            ],
            [
              77.05182667639168,
              28.621199245418612
            ],
            [
              77.05205692971836,
              28.621199245418612
            ],
            [
              77.05205692971836,
              28.621401365432988
            ],
            [
              77.05182667639168,
              28.621401365432988
            ]
          ]
        ]
      },
      "properties": {
        "synthetic": true,
        "ulpin_demo": "11007510000332",
        "building_id": "BLD-0332",
        "parcel_id": "PAR-C6-43",
        "owner_fictional": "Dev Ahuja",
        "floors": 4,
        "height_m": 12.8,
        "parcel_area_m2": 506.25,
        "footprint_m2": 224
      }
    },
    {
      "type": "Feature",
      "id": "PAR-C6-14",
      "geometry": {
        "type": "Polygon",
        "coordinates": [
          [
            [
              77.05113591641164,
              28.621199245418612
            ],
            [
              77.05113591641164,
              28.62099712540424
            ],
            [
              77.05136616973832,
              28.62099712540424
            ],
            [
              77.05136616973832,
              28.621199245418612
            ],
            [
              77.05113591641164,
              28.621199245418612
            ]
          ]
        ]
      },
      "properties": {
        "synthetic": true,
        "ulpin_demo": "11007510000333",
        "building_id": "BLD-0333",
        "parcel_id": "PAR-C6-14",
        "owner_fictional": "Meera Arora",
        "floors": 3,
        "height_m": 9.600000000000001,
        "parcel_area_m2": 506.25,
        "footprint_m2": 238
      }
    },
    {
      "type": "Feature",
      "id": "PAR-C6-24",
      "geometry": {
        "type": "Polygon",
        "coordinates": [
          [
            [
              77.05136616973832,
              28.621199245418612
            ],
            [
              77.05136616973832,
              28.62099712540424
            ],
            [
              77.051596423065,
              28.62099712540424
            ],
            [
              77.051596423065,
              28.621199245418612
            ],
            [
              77.05136616973832,
              28.621199245418612
            ]
          ]
        ]
      },
      "properties": {
        "synthetic": true,
        "ulpin_demo": "11007510000334",
        "building_id": "BLD-0334",
        "parcel_id": "PAR-C6-24",
        "owner_fictional": "Nisha Anand",
        "floors": 6,
        "height_m": 19.200000000000003,
        "parcel_area_m2": 506.25,
        "footprint_m2": 270
      }
    },
    {
      "type": "Feature",
      "id": "PAR-C6-34",
      "geometry": {
        "type": "Polygon",
        "coordinates": [
          [
            [
              77.051596423065,
              28.621199245418612
            ],
            [
              77.051596423065,
              28.62099712540424
            ],
            [
              77.05182667639168,
              28.62099712540424
            ],
            [
              77.05182667639168,
              28.621199245418612
            ],
            [
              77.051596423065,
              28.621199245418612
            ]
          ]
        ]
      },
      "properties": {
        "synthetic": true,
        "ulpin_demo": "11007510000335",
        "building_id": "BLD-0335",
        "parcel_id": "PAR-C6-34",
        "owner_fictional": "Aarav Mehta",
        "floors": 6,
        "height_m": 19.200000000000003,
        "parcel_area_m2": 506.25,
        "footprint_m2": 195
      }
    },
    {
      "type": "Feature",
      "id": "PAR-C6-44",
      "geometry": {
        "type": "Polygon",
        "coordinates": [
          [
            [
              77.05182667639168,
              28.621199245418612
            ],
            [
              77.05182667639168,
              28.62099712540424
            ],
            [
              77.05205692971836,
              28.62099712540424
            ],
            [
              77.05205692971836,
              28.621199245418612
            ],
            [
              77.05182667639168,
              28.621199245418612
            ]
          ]
        ]
      },
      "properties": {
        "synthetic": true,
        "ulpin_demo": "11007510000336",
        "building_id": "BLD-0336",
        "parcel_id": "PAR-C6-44",
        "owner_fictional": "Sana Gill",
        "floors": 6,
        "height_m": 19.200000000000003,
        "parcel_area_m2": 506.25,
        "footprint_m2": 255
      }
    },
    {
      "type": "Feature",
      "id": "PAR-C8-11",
      "geometry": {
        "type": "Polygon",
        "coordinates": [
          [
            [
              77.0532644804983,
              28.621805605461734
            ],
            [
              77.0532644804983,
              28.62160348544736
            ],
            [
              77.05349473382499,
              28.62160348544736
            ],
            [
              77.05349473382499,
              28.621805605461734
            ],
            [
              77.0532644804983,
              28.621805605461734
            ]
          ]
        ]
      },
      "properties": {
        "synthetic": true,
        "ulpin_demo": "11007510000337",
        "building_id": "BLD-0337",
        "parcel_id": "PAR-C8-11",
        "owner_fictional": "Kabir Nair",
        "floors": 3,
        "height_m": 9.600000000000001,
        "parcel_area_m2": 506.25,
        "footprint_m2": 168
      }
    },
    {
      "type": "Feature",
      "id": "PAR-C8-21",
      "geometry": {
        "type": "Polygon",
        "coordinates": [
          [
            [
              77.05349473382499,
              28.621805605461734
            ],
            [
              77.05349473382499,
              28.62160348544736
            ],
            [
              77.05372498715167,
              28.62160348544736
            ],
            [
              77.05372498715167,
              28.621805605461734
            ],
            [
              77.05349473382499,
              28.621805605461734
            ]
          ]
        ]
      },
      "properties": {
        "synthetic": true,
        "ulpin_demo": "11007510000338",
        "building_id": "BLD-0338",
        "parcel_id": "PAR-C8-21",
        "owner_fictional": "Vihaan Joshi",
        "floors": 5,
        "height_m": 16,
        "parcel_area_m2": 506.25,
        "footprint_m2": 240
      }
    },
    {
      "type": "Feature",
      "id": "PAR-C8-31",
      "geometry": {
        "type": "Polygon",
        "coordinates": [
          [
            [
              77.05372498715167,
              28.621805605461734
            ],
            [
              77.05372498715167,
              28.62160348544736
            ],
            [
              77.05395524047836,
              28.62160348544736
            ],
            [
              77.05395524047836,
              28.621805605461734
            ],
            [
              77.05372498715167,
              28.621805605461734
            ]
          ]
        ]
      },
      "properties": {
        "synthetic": true,
        "ulpin_demo": "11007510000339",
        "building_id": "BLD-0339",
        "parcel_id": "PAR-C8-31",
        "owner_fictional": "Aarav Mehta",
        "floors": 6,
        "height_m": 19.200000000000003,
        "parcel_area_m2": 506.25,
        "footprint_m2": 288
      }
    },
    {
      "type": "Feature",
      "id": "PAR-C8-41",
      "geometry": {
        "type": "Polygon",
        "coordinates": [
          [
            [
              77.05395524047836,
              28.621805605461734
            ],
            [
              77.05395524047836,
              28.62160348544736
            ],
            [
              77.05418549380504,
              28.62160348544736
            ],
            [
              77.05418549380504,
              28.621805605461734
            ],
            [
              77.05395524047836,
              28.621805605461734
            ]
          ]
        ]
      },
      "properties": {
        "synthetic": true,
        "ulpin_demo": "11007510000340",
        "building_id": "BLD-0340",
        "parcel_id": "PAR-C8-41",
        "owner_fictional": "Neel Kapoor",
        "floors": 3,
        "height_m": 9.600000000000001,
        "parcel_area_m2": 506.25,
        "footprint_m2": 272
      }
    },
    {
      "type": "Feature",
      "id": "PAR-C8-12",
      "geometry": {
        "type": "Polygon",
        "coordinates": [
          [
            [
              77.0532644804983,
              28.62160348544736
            ],
            [
              77.0532644804983,
              28.621401365432988
            ],
            [
              77.05349473382499,
              28.621401365432988
            ],
            [
              77.05349473382499,
              28.62160348544736
            ],
            [
              77.0532644804983,
              28.62160348544736
            ]
          ]
        ]
      },
      "properties": {
        "synthetic": true,
        "ulpin_demo": "11007510000341",
        "building_id": "BLD-0341",
        "parcel_id": "PAR-C8-12",
        "owner_fictional": "Nisha Anand",
        "floors": 5,
        "height_m": 16,
        "parcel_area_m2": 506.25,
        "footprint_m2": 256
      }
    },
    {
      "type": "Feature",
      "id": "PAR-C8-22",
      "geometry": {
        "type": "Polygon",
        "coordinates": [
          [
            [
              77.05349473382499,
              28.62160348544736
            ],
            [
              77.05349473382499,
              28.621401365432988
            ],
            [
              77.05372498715167,
              28.621401365432988
            ],
            [
              77.05372498715167,
              28.62160348544736
            ],
            [
              77.05349473382499,
              28.62160348544736
            ]
          ]
        ]
      },
      "properties": {
        "synthetic": true,
        "ulpin_demo": "11007510000342",
        "building_id": "BLD-0342",
        "parcel_id": "PAR-C8-22",
        "owner_fictional": "Riya Saxena",
        "floors": 4,
        "height_m": 12.8,
        "parcel_area_m2": 506.25,
        "footprint_m2": 195
      }
    },
    {
      "type": "Feature",
      "id": "PAR-C8-32",
      "geometry": {
        "type": "Polygon",
        "coordinates": [
          [
            [
              77.05372498715167,
              28.62160348544736
            ],
            [
              77.05372498715167,
              28.621401365432988
            ],
            [
              77.05395524047836,
              28.621401365432988
            ],
            [
              77.05395524047836,
              28.62160348544736
            ],
            [
              77.05372498715167,
              28.62160348544736
            ]
          ]
        ]
      },
      "properties": {
        "synthetic": true,
        "ulpin_demo": "11007510000343",
        "building_id": "BLD-0343",
        "parcel_id": "PAR-C8-32",
        "owner_fictional": "Sana Gill",
        "floors": 3,
        "height_m": 9.600000000000001,
        "parcel_area_m2": 506.25,
        "footprint_m2": 192
      }
    },
    {
      "type": "Feature",
      "id": "PAR-C8-42",
      "geometry": {
        "type": "Polygon",
        "coordinates": [
          [
            [
              77.05395524047836,
              28.62160348544736
            ],
            [
              77.05395524047836,
              28.621401365432988
            ],
            [
              77.05418549380504,
              28.621401365432988
            ],
            [
              77.05418549380504,
              28.62160348544736
            ],
            [
              77.05395524047836,
              28.62160348544736
            ]
          ]
        ]
      },
      "properties": {
        "synthetic": true,
        "ulpin_demo": "11007510000344",
        "building_id": "BLD-0344",
        "parcel_id": "PAR-C8-42",
        "owner_fictional": "Sana Gill",
        "floors": 6,
        "height_m": 19.200000000000003,
        "parcel_area_m2": 506.25,
        "footprint_m2": 182
      }
    },
    {
      "type": "Feature",
      "id": "PAR-C8-13",
      "geometry": {
        "type": "Polygon",
        "coordinates": [
          [
            [
              77.0532644804983,
              28.621401365432988
            ],
            [
              77.0532644804983,
              28.621199245418612
            ],
            [
              77.05349473382499,
              28.621199245418612
            ],
            [
              77.05349473382499,
              28.621401365432988
            ],
            [
              77.0532644804983,
              28.621401365432988
            ]
          ]
        ]
      },
      "properties": {
        "synthetic": true,
        "ulpin_demo": "11007510000345",
        "building_id": "BLD-0345",
        "parcel_id": "PAR-C8-13",
        "owner_fictional": "Kabir Nair",
        "floors": 4,
        "height_m": 12.8,
        "parcel_area_m2": 506.25,
        "footprint_m2": 270
      }
    },
    {
      "type": "Feature",
      "id": "PAR-C8-23",
      "geometry": {
        "type": "Polygon",
        "coordinates": [
          [
            [
              77.05349473382499,
              28.621401365432988
            ],
            [
              77.05349473382499,
              28.621199245418612
            ],
            [
              77.05372498715167,
              28.621199245418612
            ],
            [
              77.05372498715167,
              28.621401365432988
            ],
            [
              77.05349473382499,
              28.621401365432988
            ]
          ]
        ]
      },
      "properties": {
        "synthetic": true,
        "ulpin_demo": "11007510000346",
        "building_id": "BLD-0346",
        "parcel_id": "PAR-C8-23",
        "owner_fictional": "Nisha Anand",
        "floors": 5,
        "height_m": 16,
        "parcel_area_m2": 506.25,
        "footprint_m2": 224
      }
    },
    {
      "type": "Feature",
      "id": "PAR-C8-33",
      "geometry": {
        "type": "Polygon",
        "coordinates": [
          [
            [
              77.05372498715167,
              28.621401365432988
            ],
            [
              77.05372498715167,
              28.621199245418612
            ],
            [
              77.05395524047836,
              28.621199245418612
            ],
            [
              77.05395524047836,
              28.621401365432988
            ],
            [
              77.05372498715167,
              28.621401365432988
            ]
          ]
        ]
      },
      "properties": {
        "synthetic": true,
        "ulpin_demo": "11007510000347",
        "building_id": "BLD-0347",
        "parcel_id": "PAR-C8-33",
        "owner_fictional": "Tara Khanna",
        "floors": 3,
        "height_m": 9.600000000000001,
        "parcel_area_m2": 506.25,
        "footprint_m2": 224
      }
    },
    {
      "type": "Feature",
      "id": "PAR-C8-43",
      "geometry": {
        "type": "Polygon",
        "coordinates": [
          [
            [
              77.05395524047836,
              28.621401365432988
            ],
            [
              77.05395524047836,
              28.621199245418612
            ],
            [
              77.05418549380504,
              28.621199245418612
            ],
            [
              77.05418549380504,
              28.621401365432988
            ],
            [
              77.05395524047836,
              28.621401365432988
            ]
          ]
        ]
      },
      "properties": {
        "synthetic": true,
        "ulpin_demo": "11007510000348",
        "building_id": "BLD-0348",
        "parcel_id": "PAR-C8-43",
        "owner_fictional": "Arjun Sinha",
        "floors": 5,
        "height_m": 16,
        "parcel_area_m2": 506.25,
        "footprint_m2": 210
      }
    },
    {
      "type": "Feature",
      "id": "PAR-C8-14",
      "geometry": {
        "type": "Polygon",
        "coordinates": [
          [
            [
              77.0532644804983,
              28.621199245418612
            ],
            [
              77.0532644804983,
              28.62099712540424
            ],
            [
              77.05349473382499,
              28.62099712540424
            ],
            [
              77.05349473382499,
              28.621199245418612
            ],
            [
              77.0532644804983,
              28.621199245418612
            ]
          ]
        ]
      },
      "properties": {
        "synthetic": true,
        "ulpin_demo": "11007510000349",
        "building_id": "BLD-0349",
        "parcel_id": "PAR-C8-14",
        "owner_fictional": "Vihaan Joshi",
        "floors": 5,
        "height_m": 16,
        "parcel_area_m2": 506.25,
        "footprint_m2": 238
      }
    },
    {
      "type": "Feature",
      "id": "PAR-C8-24",
      "geometry": {
        "type": "Polygon",
        "coordinates": [
          [
            [
              77.05349473382499,
              28.621199245418612
            ],
            [
              77.05349473382499,
              28.62099712540424
            ],
            [
              77.05372498715167,
              28.62099712540424
            ],
            [
              77.05372498715167,
              28.621199245418612
            ],
            [
              77.05349473382499,
              28.621199245418612
            ]
          ]
        ]
      },
      "properties": {
        "synthetic": true,
        "ulpin_demo": "11007510000350",
        "building_id": "BLD-0350",
        "parcel_id": "PAR-C8-24",
        "owner_fictional": "Aarav Mehta",
        "floors": 3,
        "height_m": 9.600000000000001,
        "parcel_area_m2": 506.25,
        "footprint_m2": 225
      }
    },
    {
      "type": "Feature",
      "id": "PAR-C8-34",
      "geometry": {
        "type": "Polygon",
        "coordinates": [
          [
            [
              77.05372498715167,
              28.621199245418612
            ],
            [
              77.05372498715167,
              28.62099712540424
            ],
            [
              77.05395524047836,
              28.62099712540424
            ],
            [
              77.05395524047836,
              28.621199245418612
            ],
            [
              77.05372498715167,
              28.621199245418612
            ]
          ]
        ]
      },
      "properties": {
        "synthetic": true,
        "ulpin_demo": "11007510000351",
        "building_id": "BLD-0351",
        "parcel_id": "PAR-C8-34",
        "owner_fictional": "Arjun Sinha",
        "floors": 3,
        "height_m": 9.600000000000001,
        "parcel_area_m2": 506.25,
        "footprint_m2": 270
      }
    },
    {
      "type": "Feature",
      "id": "PAR-C8-44",
      "geometry": {
        "type": "Polygon",
        "coordinates": [
          [
            [
              77.05395524047836,
              28.621199245418612
            ],
            [
              77.05395524047836,
              28.62099712540424
            ],
            [
              77.05418549380504,
              28.62099712540424
            ],
            [
              77.05418549380504,
              28.621199245418612
            ],
            [
              77.05395524047836,
              28.621199245418612
            ]
          ]
        ]
      },
      "properties": {
        "synthetic": true,
        "ulpin_demo": "11007510000352",
        "building_id": "BLD-0352",
        "parcel_id": "PAR-C8-44",
        "owner_fictional": "Aarav Mehta",
        "floors": 3,
        "height_m": 9.600000000000001,
        "parcel_area_m2": 506.25,
        "footprint_m2": 289
      }
    },
    {
      "type": "Feature",
      "id": "PAR-D1-11",
      "geometry": {
        "type": "Polygon",
        "coordinates": [
          [
            [
              77.04581450619496,
              28.620871361839743
            ],
            [
              77.04581450619496,
              28.620669241825368
            ],
            [
              77.04604475952164,
              28.620669241825368
            ],
            [
              77.04604475952164,
              28.620871361839743
            ],
            [
              77.04581450619496,
              28.620871361839743
            ]
          ]
        ]
      },
      "properties": {
        "synthetic": true,
        "ulpin_demo": "11007510000353",
        "building_id": "BLD-0353",
        "parcel_id": "PAR-D1-11",
        "owner_fictional": "Dev Ahuja",
        "floors": 4,
        "height_m": 12.8,
        "parcel_area_m2": 506.25,
        "footprint_m2": 182
      }
    },
    {
      "type": "Feature",
      "id": "PAR-D1-21",
      "geometry": {
        "type": "Polygon",
        "coordinates": [
          [
            [
              77.04604475952164,
              28.620871361839743
            ],
            [
              77.04604475952164,
              28.620669241825368
            ],
            [
              77.04627501284833,
              28.620669241825368
            ],
            [
              77.04627501284833,
              28.620871361839743
            ],
            [
              77.04604475952164,
              28.620871361839743
            ]
          ]
        ]
      },
      "properties": {
        "synthetic": true,
        "ulpin_demo": "11007510000354",
        "building_id": "BLD-0354",
        "parcel_id": "PAR-D1-21",
        "owner_fictional": "Arjun Sinha",
        "floors": 5,
        "height_m": 16,
        "parcel_area_m2": 506.25,
        "footprint_m2": 270
      }
    },
    {
      "type": "Feature",
      "id": "PAR-D1-31",
      "geometry": {
        "type": "Polygon",
        "coordinates": [
          [
            [
              77.04627501284833,
              28.620871361839743
            ],
            [
              77.04627501284833,
              28.620669241825368
            ],
            [
              77.046505266175,
              28.620669241825368
            ],
            [
              77.046505266175,
              28.620871361839743
            ],
            [
              77.04627501284833,
              28.620871361839743
            ]
          ]
        ]
      },
      "properties": {
        "synthetic": true,
        "ulpin_demo": "11007510000355",
        "building_id": "BLD-0355",
        "parcel_id": "PAR-D1-31",
        "owner_fictional": "Diya Malhotra",
        "floors": 3,
        "height_m": 9.600000000000001,
        "parcel_area_m2": 506.25,
        "footprint_m2": 238
      }
    },
    {
      "type": "Feature",
      "id": "PAR-D1-41",
      "geometry": {
        "type": "Polygon",
        "coordinates": [
          [
            [
              77.046505266175,
              28.620871361839743
            ],
            [
              77.046505266175,
              28.620669241825368
            ],
            [
              77.0467355195017,
              28.620669241825368
            ],
            [
              77.0467355195017,
              28.620871361839743
            ],
            [
              77.046505266175,
              28.620871361839743
            ]
          ]
        ]
      },
      "properties": {
        "synthetic": true,
        "ulpin_demo": "11007510000356",
        "building_id": "BLD-0356",
        "parcel_id": "PAR-D1-41",
        "owner_fictional": "Vihaan Joshi",
        "floors": 6,
        "height_m": 19.200000000000003,
        "parcel_area_m2": 506.25,
        "footprint_m2": 195
      }
    },
    {
      "type": "Feature",
      "id": "PAR-D1-12",
      "geometry": {
        "type": "Polygon",
        "coordinates": [
          [
            [
              77.04581450619496,
              28.620669241825368
            ],
            [
              77.04581450619496,
              28.620467121810997
            ],
            [
              77.04604475952164,
              28.620467121810997
            ],
            [
              77.04604475952164,
              28.620669241825368
            ],
            [
              77.04581450619496,
              28.620669241825368
            ]
          ]
        ]
      },
      "properties": {
        "synthetic": true,
        "ulpin_demo": "11007510000357",
        "building_id": "BLD-0357",
        "parcel_id": "PAR-D1-12",
        "owner_fictional": "Kavya Sethi",
        "floors": 6,
        "height_m": 19.200000000000003,
        "parcel_area_m2": 506.25,
        "footprint_m2": 208
      }
    },
    {
      "type": "Feature",
      "id": "PAR-D1-22",
      "geometry": {
        "type": "Polygon",
        "coordinates": [
          [
            [
              77.04604475952164,
              28.620669241825368
            ],
            [
              77.04604475952164,
              28.620467121810997
            ],
            [
              77.04627501284833,
              28.620467121810997
            ],
            [
              77.04627501284833,
              28.620669241825368
            ],
            [
              77.04604475952164,
              28.620669241825368
            ]
          ]
        ]
      },
      "properties": {
        "synthetic": true,
        "ulpin_demo": "11007510000358",
        "building_id": "BLD-0358",
        "parcel_id": "PAR-D1-22",
        "owner_fictional": "Arjun Sinha",
        "floors": 3,
        "height_m": 9.600000000000001,
        "parcel_area_m2": 506.25,
        "footprint_m2": 240
      }
    },
    {
      "type": "Feature",
      "id": "PAR-D1-32",
      "geometry": {
        "type": "Polygon",
        "coordinates": [
          [
            [
              77.04627501284833,
              28.620669241825368
            ],
            [
              77.04627501284833,
              28.620467121810997
            ],
            [
              77.046505266175,
              28.620467121810997
            ],
            [
              77.046505266175,
              28.620669241825368
            ],
            [
              77.04627501284833,
              28.620669241825368
            ]
          ]
        ]
      },
      "properties": {
        "synthetic": true,
        "ulpin_demo": "11007510000359",
        "building_id": "BLD-0359",
        "parcel_id": "PAR-D1-32",
        "owner_fictional": "Riya Saxena",
        "floors": 4,
        "height_m": 12.8,
        "parcel_area_m2": 506.25,
        "footprint_m2": 168
      }
    },
    {
      "type": "Feature",
      "id": "PAR-D1-42",
      "geometry": {
        "type": "Polygon",
        "coordinates": [
          [
            [
              77.046505266175,
              28.620669241825368
            ],
            [
              77.046505266175,
              28.620467121810997
            ],
            [
              77.0467355195017,
              28.620467121810997
            ],
            [
              77.0467355195017,
              28.620669241825368
            ],
            [
              77.046505266175,
              28.620669241825368
            ]
          ]
        ]
      },
      "properties": {
        "synthetic": true,
        "ulpin_demo": "11007510000360",
        "building_id": "BLD-0360",
        "parcel_id": "PAR-D1-42",
        "owner_fictional": "Ananya Rao",
        "floors": 4,
        "height_m": 12.8,
        "parcel_area_m2": 506.25,
        "footprint_m2": 192
      }
    },
    {
      "type": "Feature",
      "id": "PAR-D1-13",
      "geometry": {
        "type": "Polygon",
        "coordinates": [
          [
            [
              77.04581450619496,
              28.620467121810997
            ],
            [
              77.04581450619496,
              28.620265001796625
            ],
            [
              77.04604475952164,
              28.620265001796625
            ],
            [
              77.04604475952164,
              28.620467121810997
            ],
            [
              77.04581450619496,
              28.620467121810997
            ]
          ]
        ]
      },
      "properties": {
        "synthetic": true,
        "ulpin_demo": "11007510000361",
        "building_id": "BLD-0361",
        "parcel_id": "PAR-D1-13",
        "owner_fictional": "Neel Kapoor",
        "floors": 6,
        "height_m": 19.200000000000003,
        "parcel_area_m2": 506.25,
        "footprint_m2": 224
      }
    },
    {
      "type": "Feature",
      "id": "PAR-D1-23",
      "geometry": {
        "type": "Polygon",
        "coordinates": [
          [
            [
              77.04604475952164,
              28.620467121810997
            ],
            [
              77.04604475952164,
              28.620265001796625
            ],
            [
              77.04627501284833,
              28.620265001796625
            ],
            [
              77.04627501284833,
              28.620467121810997
            ],
            [
              77.04604475952164,
              28.620467121810997
            ]
          ]
        ]
      },
      "properties": {
        "synthetic": true,
        "ulpin_demo": "11007510000362",
        "building_id": "BLD-0362",
        "parcel_id": "PAR-D1-23",
        "owner_fictional": "Kavya Sethi",
        "floors": 3,
        "height_m": 9.600000000000001,
        "parcel_area_m2": 506.25,
        "footprint_m2": 156
      }
    },
    {
      "type": "Feature",
      "id": "PAR-D1-33",
      "geometry": {
        "type": "Polygon",
        "coordinates": [
          [
            [
              77.04627501284833,
              28.620467121810997
            ],
            [
              77.04627501284833,
              28.620265001796625
            ],
            [
              77.046505266175,
              28.620265001796625
            ],
            [
              77.046505266175,
              28.620467121810997
            ],
            [
              77.04627501284833,
              28.620467121810997
            ]
          ]
        ]
      },
      "properties": {
        "synthetic": true,
        "ulpin_demo": "11007510000363",
        "building_id": "BLD-0363",
        "parcel_id": "PAR-D1-33",
        "owner_fictional": "Rohan Batra",
        "floors": 4,
        "height_m": 12.8,
        "parcel_area_m2": 506.25,
        "footprint_m2": 216
      }
    },
    {
      "type": "Feature",
      "id": "PAR-D1-43",
      "geometry": {
        "type": "Polygon",
        "coordinates": [
          [
            [
              77.046505266175,
              28.620467121810997
            ],
            [
              77.046505266175,
              28.620265001796625
            ],
            [
              77.0467355195017,
              28.620265001796625
            ],
            [
              77.0467355195017,
              28.620467121810997
            ],
            [
              77.046505266175,
              28.620467121810997
            ]
          ]
        ]
      },
      "properties": {
        "synthetic": true,
        "ulpin_demo": "11007510000364",
        "building_id": "BLD-0364",
        "parcel_id": "PAR-D1-43",
        "owner_fictional": "Rohan Batra",
        "floors": 5,
        "height_m": 16,
        "parcel_area_m2": 506.25,
        "footprint_m2": 234
      }
    },
    {
      "type": "Feature",
      "id": "PAR-D1-14",
      "geometry": {
        "type": "Polygon",
        "coordinates": [
          [
            [
              77.04581450619496,
              28.620265001796625
            ],
            [
              77.04581450619496,
              28.62006288178225
            ],
            [
              77.04604475952164,
              28.62006288178225
            ],
            [
              77.04604475952164,
              28.620265001796625
            ],
            [
              77.04581450619496,
              28.620265001796625
            ]
          ]
        ]
      },
      "properties": {
        "synthetic": true,
        "ulpin_demo": "11007510000365",
        "building_id": "BLD-0365",
        "parcel_id": "PAR-D1-14",
        "owner_fictional": "Meera Arora",
        "floors": 3,
        "height_m": 9.600000000000001,
        "parcel_area_m2": 506.25,
        "footprint_m2": 256
      }
    },
    {
      "type": "Feature",
      "id": "PAR-D1-24",
      "geometry": {
        "type": "Polygon",
        "coordinates": [
          [
            [
              77.04604475952164,
              28.620265001796625
            ],
            [
              77.04604475952164,
              28.62006288178225
            ],
            [
              77.04627501284833,
              28.62006288178225
            ],
            [
              77.04627501284833,
              28.620265001796625
            ],
            [
              77.04604475952164,
              28.620265001796625
            ]
          ]
        ]
      },
      "properties": {
        "synthetic": true,
        "ulpin_demo": "11007510000366",
        "building_id": "BLD-0366",
        "parcel_id": "PAR-D1-24",
        "owner_fictional": "Nisha Anand",
        "floors": 5,
        "height_m": 16,
        "parcel_area_m2": 506.25,
        "footprint_m2": 182
      }
    },
    {
      "type": "Feature",
      "id": "PAR-D1-34",
      "geometry": {
        "type": "Polygon",
        "coordinates": [
          [
            [
              77.04627501284833,
              28.620265001796625
            ],
            [
              77.04627501284833,
              28.62006288178225
            ],
            [
              77.046505266175,
              28.62006288178225
            ],
            [
              77.046505266175,
              28.620265001796625
            ],
            [
              77.04627501284833,
              28.620265001796625
            ]
          ]
        ]
      },
      "properties": {
        "synthetic": true,
        "ulpin_demo": "11007510000367",
        "building_id": "BLD-0367",
        "parcel_id": "PAR-D1-34",
        "owner_fictional": "Dev Ahuja",
        "floors": 6,
        "height_m": 19.200000000000003,
        "parcel_area_m2": 506.25,
        "footprint_m2": 180
      }
    },
    {
      "type": "Feature",
      "id": "PAR-D1-44",
      "geometry": {
        "type": "Polygon",
        "coordinates": [
          [
            [
              77.046505266175,
              28.620265001796625
            ],
            [
              77.046505266175,
              28.62006288178225
            ],
            [
              77.0467355195017,
              28.62006288178225
            ],
            [
              77.0467355195017,
              28.620265001796625
            ],
            [
              77.046505266175,
              28.620265001796625
            ]
          ]
        ]
      },
      "properties": {
        "synthetic": true,
        "ulpin_demo": "11007510000368",
        "building_id": "BLD-0368",
        "parcel_id": "PAR-D1-44",
        "owner_fictional": "Sana Gill",
        "floors": 6,
        "height_m": 19.200000000000003,
        "parcel_area_m2": 506.25,
        "footprint_m2": 289
      }
    },
    {
      "type": "Feature",
      "id": "PAR-D2-11",
      "geometry": {
        "type": "Polygon",
        "coordinates": [
          [
            [
              77.04687878823829,
              28.620871361839743
            ],
            [
              77.04687878823829,
              28.620669241825368
            ],
            [
              77.04710904156498,
              28.620669241825368
            ],
            [
              77.04710904156498,
              28.620871361839743
            ],
            [
              77.04687878823829,
              28.620871361839743
            ]
          ]
        ]
      },
      "properties": {
        "synthetic": true,
        "ulpin_demo": "11007510000369",
        "building_id": "BLD-0369",
        "parcel_id": "PAR-D2-11",
        "owner_fictional": "Dev Ahuja",
        "floors": 6,
        "height_m": 19.200000000000003,
        "parcel_area_m2": 506.25,
        "footprint_m2": 255
      }
    },
    {
      "type": "Feature",
      "id": "PAR-D2-21",
      "geometry": {
        "type": "Polygon",
        "coordinates": [
          [
            [
              77.04710904156498,
              28.620871361839743
            ],
            [
              77.04710904156498,
              28.620669241825368
            ],
            [
              77.04733929489166,
              28.620669241825368
            ],
            [
              77.04733929489166,
              28.620871361839743
            ],
            [
              77.04710904156498,
              28.620871361839743
            ]
          ]
        ]
      },
      "properties": {
        "synthetic": true,
        "ulpin_demo": "11007510000370",
        "building_id": "BLD-0370",
        "parcel_id": "PAR-D2-21",
        "owner_fictional": "Arjun Sinha",
        "floors": 3,
        "height_m": 9.600000000000001,
        "parcel_area_m2": 506.25,
        "footprint_m2": 169
      }
    },
    {
      "type": "Feature",
      "id": "PAR-D2-31",
      "geometry": {
        "type": "Polygon",
        "coordinates": [
          [
            [
              77.04733929489166,
              28.620871361839743
            ],
            [
              77.04733929489166,
              28.620669241825368
            ],
            [
              77.04756954821833,
              28.620669241825368
            ],
            [
              77.04756954821833,
              28.620871361839743
            ],
            [
              77.04733929489166,
              28.620871361839743
            ]
          ]
        ]
      },
      "properties": {
        "synthetic": true,
        "ulpin_demo": "11007510000371",
        "building_id": "BLD-0371",
        "parcel_id": "PAR-D2-31",
        "owner_fictional": "Arjun Sinha",
        "floors": 6,
        "height_m": 19.200000000000003,
        "parcel_area_m2": 506.25,
        "footprint_m2": 168
      }
    },
    {
      "type": "Feature",
      "id": "PAR-D2-41",
      "geometry": {
        "type": "Polygon",
        "coordinates": [
          [
            [
              77.04756954821833,
              28.620871361839743
            ],
            [
              77.04756954821833,
              28.620669241825368
            ],
            [
              77.04779980154503,
              28.620669241825368
            ],
            [
              77.04779980154503,
              28.620871361839743
            ],
            [
              77.04756954821833,
              28.620871361839743
            ]
          ]
        ]
      },
      "properties": {
        "synthetic": true,
        "ulpin_demo": "11007510000372",
        "building_id": "BLD-0372",
        "parcel_id": "PAR-D2-41",
        "owner_fictional": "Rohan Batra",
        "floors": 6,
        "height_m": 19.200000000000003,
        "parcel_area_m2": 506.25,
        "footprint_m2": 195
      }
    },
    {
      "type": "Feature",
      "id": "PAR-D2-12",
      "geometry": {
        "type": "Polygon",
        "coordinates": [
          [
            [
              77.04687878823829,
              28.620669241825368
            ],
            [
              77.04687878823829,
              28.620467121810997
            ],
            [
              77.04710904156498,
              28.620467121810997
            ],
            [
              77.04710904156498,
              28.620669241825368
            ],
            [
              77.04687878823829,
              28.620669241825368
            ]
          ]
        ]
      },
      "properties": {
        "synthetic": true,
        "ulpin_demo": "11007510000373",
        "building_id": "BLD-0373",
        "parcel_id": "PAR-D2-12",
        "owner_fictional": "Ananya Rao",
        "floors": 4,
        "height_m": 12.8,
        "parcel_area_m2": 506.25,
        "footprint_m2": 252
      }
    },
    {
      "type": "Feature",
      "id": "PAR-D2-22",
      "geometry": {
        "type": "Polygon",
        "coordinates": [
          [
            [
              77.04710904156498,
              28.620669241825368
            ],
            [
              77.04710904156498,
              28.620467121810997
            ],
            [
              77.04733929489166,
              28.620467121810997
            ],
            [
              77.04733929489166,
              28.620669241825368
            ],
            [
              77.04710904156498,
              28.620669241825368
            ]
          ]
        ]
      },
      "properties": {
        "synthetic": true,
        "ulpin_demo": "11007510000374",
        "building_id": "BLD-0374",
        "parcel_id": "PAR-D2-22",
        "owner_fictional": "Vihaan Joshi",
        "floors": 4,
        "height_m": 12.8,
        "parcel_area_m2": 506.25,
        "footprint_m2": 255
      }
    },
    {
      "type": "Feature",
      "id": "PAR-D2-32",
      "geometry": {
        "type": "Polygon",
        "coordinates": [
          [
            [
              77.04733929489166,
              28.620669241825368
            ],
            [
              77.04733929489166,
              28.620467121810997
            ],
            [
              77.04756954821833,
              28.620467121810997
            ],
            [
              77.04756954821833,
              28.620669241825368
            ],
            [
              77.04733929489166,
              28.620669241825368
            ]
          ]
        ]
      },
      "properties": {
        "synthetic": true,
        "ulpin_demo": "11007510000375",
        "building_id": "BLD-0375",
        "parcel_id": "PAR-D2-32",
        "owner_fictional": "Kabir Nair",
        "floors": 4,
        "height_m": 12.8,
        "parcel_area_m2": 506.25,
        "footprint_m2": 221
      }
    },
    {
      "type": "Feature",
      "id": "PAR-D2-42",
      "geometry": {
        "type": "Polygon",
        "coordinates": [
          [
            [
              77.04756954821833,
              28.620669241825368
            ],
            [
              77.04756954821833,
              28.620467121810997
            ],
            [
              77.04779980154503,
              28.620467121810997
            ],
            [
              77.04779980154503,
              28.620669241825368
            ],
            [
              77.04756954821833,
              28.620669241825368
            ]
          ]
        ]
      },
      "properties": {
        "synthetic": true,
        "ulpin_demo": "11007510000376",
        "building_id": "BLD-0376",
        "parcel_id": "PAR-D2-42",
        "owner_fictional": "Ishaan Verma",
        "floors": 4,
        "height_m": 12.8,
        "parcel_area_m2": 506.25,
        "footprint_m2": 195
      }
    },
    {
      "type": "Feature",
      "id": "PAR-D2-13",
      "geometry": {
        "type": "Polygon",
        "coordinates": [
          [
            [
              77.04687878823829,
              28.620467121810997
            ],
            [
              77.04687878823829,
              28.620265001796625
            ],
            [
              77.04710904156498,
              28.620265001796625
            ],
            [
              77.04710904156498,
              28.620467121810997
            ],
            [
              77.04687878823829,
              28.620467121810997
            ]
          ]
        ]
      },
      "properties": {
        "synthetic": true,
        "ulpin_demo": "11007510000377",
        "building_id": "BLD-0377",
        "parcel_id": "PAR-D2-13",
        "owner_fictional": "Meera Arora",
        "floors": 5,
        "height_m": 16,
        "parcel_area_m2": 506.25,
        "footprint_m2": 272
      }
    },
    {
      "type": "Feature",
      "id": "PAR-D2-23",
      "geometry": {
        "type": "Polygon",
        "coordinates": [
          [
            [
              77.04710904156498,
              28.620467121810997
            ],
            [
              77.04710904156498,
              28.620265001796625
            ],
            [
              77.04733929489166,
              28.620265001796625
            ],
            [
              77.04733929489166,
              28.620467121810997
            ],
            [
              77.04710904156498,
              28.620467121810997
            ]
          ]
        ]
      },
      "properties": {
        "synthetic": true,
        "ulpin_demo": "11007510000378",
        "building_id": "BLD-0378",
        "parcel_id": "PAR-D2-23",
        "owner_fictional": "Arjun Sinha",
        "floors": 3,
        "height_m": 9.600000000000001,
        "parcel_area_m2": 506.25,
        "footprint_m2": 168
      }
    },
    {
      "type": "Feature",
      "id": "PAR-D2-33",
      "geometry": {
        "type": "Polygon",
        "coordinates": [
          [
            [
              77.04733929489166,
              28.620467121810997
            ],
            [
              77.04733929489166,
              28.620265001796625
            ],
            [
              77.04756954821833,
              28.620265001796625
            ],
            [
              77.04756954821833,
              28.620467121810997
            ],
            [
              77.04733929489166,
              28.620467121810997
            ]
          ]
        ]
      },
      "properties": {
        "synthetic": true,
        "ulpin_demo": "11007510000379",
        "building_id": "BLD-0379",
        "parcel_id": "PAR-D2-33",
        "owner_fictional": "Ishaan Verma",
        "floors": 3,
        "height_m": 9.600000000000001,
        "parcel_area_m2": 506.25,
        "footprint_m2": 272
      }
    },
    {
      "type": "Feature",
      "id": "PAR-D2-43",
      "geometry": {
        "type": "Polygon",
        "coordinates": [
          [
            [
              77.04756954821833,
              28.620467121810997
            ],
            [
              77.04756954821833,
              28.620265001796625
            ],
            [
              77.04779980154503,
              28.620265001796625
            ],
            [
              77.04779980154503,
              28.620467121810997
            ],
            [
              77.04756954821833,
              28.620467121810997
            ]
          ]
        ]
      },
      "properties": {
        "synthetic": true,
        "ulpin_demo": "11007510000380",
        "building_id": "BLD-0380",
        "parcel_id": "PAR-D2-43",
        "owner_fictional": "Nisha Anand",
        "floors": 5,
        "height_m": 16,
        "parcel_area_m2": 506.25,
        "footprint_m2": 182
      }
    },
    {
      "type": "Feature",
      "id": "PAR-D2-14",
      "geometry": {
        "type": "Polygon",
        "coordinates": [
          [
            [
              77.04687878823829,
              28.620265001796625
            ],
            [
              77.04687878823829,
              28.62006288178225
            ],
            [
              77.04710904156498,
              28.62006288178225
            ],
            [
              77.04710904156498,
              28.620265001796625
            ],
            [
              77.04687878823829,
              28.620265001796625
            ]
          ]
        ]
      },
      "properties": {
        "synthetic": true,
        "ulpin_demo": "11007510000381",
        "building_id": "BLD-0381",
        "parcel_id": "PAR-D2-14",
        "owner_fictional": "Diya Malhotra",
        "floors": 4,
        "height_m": 12.8,
        "parcel_area_m2": 506.25,
        "footprint_m2": 204
      }
    },
    {
      "type": "Feature",
      "id": "PAR-D2-24",
      "geometry": {
        "type": "Polygon",
        "coordinates": [
          [
            [
              77.04710904156498,
              28.620265001796625
            ],
            [
              77.04710904156498,
              28.62006288178225
            ],
            [
              77.04733929489166,
              28.62006288178225
            ],
            [
              77.04733929489166,
              28.620265001796625
            ],
            [
              77.04710904156498,
              28.620265001796625
            ]
          ]
        ]
      },
      "properties": {
        "synthetic": true,
        "ulpin_demo": "11007510000382",
        "building_id": "BLD-0382",
        "parcel_id": "PAR-D2-24",
        "owner_fictional": "Tara Khanna",
        "floors": 6,
        "height_m": 19.200000000000003,
        "parcel_area_m2": 506.25,
        "footprint_m2": 255
      }
    },
    {
      "type": "Feature",
      "id": "PAR-D2-34",
      "geometry": {
        "type": "Polygon",
        "coordinates": [
          [
            [
              77.04733929489166,
              28.620265001796625
            ],
            [
              77.04733929489166,
              28.62006288178225
            ],
            [
              77.04756954821833,
              28.62006288178225
            ],
            [
              77.04756954821833,
              28.620265001796625
            ],
            [
              77.04733929489166,
              28.620265001796625
            ]
          ]
        ]
      },
      "properties": {
        "synthetic": true,
        "ulpin_demo": "11007510000383",
        "building_id": "BLD-0383",
        "parcel_id": "PAR-D2-34",
        "owner_fictional": "Ishaan Verma",
        "floors": 5,
        "height_m": 16,
        "parcel_area_m2": 506.25,
        "footprint_m2": 272
      }
    },
    {
      "type": "Feature",
      "id": "PAR-D2-44",
      "geometry": {
        "type": "Polygon",
        "coordinates": [
          [
            [
              77.04756954821833,
              28.620265001796625
            ],
            [
              77.04756954821833,
              28.62006288178225
            ],
            [
              77.04779980154503,
              28.62006288178225
            ],
            [
              77.04779980154503,
              28.620265001796625
            ],
            [
              77.04756954821833,
              28.620265001796625
            ]
          ]
        ]
      },
      "properties": {
        "synthetic": true,
        "ulpin_demo": "11007510000384",
        "building_id": "BLD-0384",
        "parcel_id": "PAR-D2-44",
        "owner_fictional": "Diya Malhotra",
        "floors": 5,
        "height_m": 16,
        "parcel_area_m2": 506.25,
        "footprint_m2": 225
      }
    },
    {
      "type": "Feature",
      "id": "PAR-D3-11",
      "geometry": {
        "type": "Polygon",
        "coordinates": [
          [
            [
              77.04794307028163,
              28.620871361839743
            ],
            [
              77.04794307028163,
              28.620669241825368
            ],
            [
              77.04817332360831,
              28.620669241825368
            ],
            [
              77.04817332360831,
              28.620871361839743
            ],
            [
              77.04794307028163,
              28.620871361839743
            ]
          ]
        ]
      },
      "properties": {
        "synthetic": true,
        "ulpin_demo": "11007510000385",
        "building_id": "BLD-0385",
        "parcel_id": "PAR-D3-11",
        "owner_fictional": "Neel Kapoor",
        "floors": 6,
        "height_m": 19.200000000000003,
        "parcel_area_m2": 506.25,
        "footprint_m2": 182
      }
    },
    {
      "type": "Feature",
      "id": "PAR-D3-21",
      "geometry": {
        "type": "Polygon",
        "coordinates": [
          [
            [
              77.04817332360831,
              28.620871361839743
            ],
            [
              77.04817332360831,
              28.620669241825368
            ],
            [
              77.04840357693499,
              28.620669241825368
            ],
            [
              77.04840357693499,
              28.620871361839743
            ],
            [
              77.04817332360831,
              28.620871361839743
            ]
          ]
        ]
      },
      "properties": {
        "synthetic": true,
        "ulpin_demo": "11007510000386",
        "building_id": "BLD-0386",
        "parcel_id": "PAR-D3-21",
        "owner_fictional": "Rohan Batra",
        "floors": 4,
        "height_m": 12.8,
        "parcel_area_m2": 506.25,
        "footprint_m2": 168
      }
    },
    {
      "type": "Feature",
      "id": "PAR-D3-31",
      "geometry": {
        "type": "Polygon",
        "coordinates": [
          [
            [
              77.04840357693499,
              28.620871361839743
            ],
            [
              77.04840357693499,
              28.620669241825368
            ],
            [
              77.04863383026168,
              28.620669241825368
            ],
            [
              77.04863383026168,
              28.620871361839743
            ],
            [
              77.04840357693499,
              28.620871361839743
            ]
          ]
        ]
      },
      "properties": {
        "synthetic": true,
        "ulpin_demo": "11007510000387",
        "building_id": "BLD-0387",
        "parcel_id": "PAR-D3-31",
        "owner_fictional": "Riya Saxena",
        "floors": 6,
        "height_m": 19.200000000000003,
        "parcel_area_m2": 506.25,
        "footprint_m2": 192
      }
    },
    {
      "type": "Feature",
      "id": "PAR-D3-41",
      "geometry": {
        "type": "Polygon",
        "coordinates": [
          [
            [
              77.04863383026168,
              28.620871361839743
            ],
            [
              77.04863383026168,
              28.620669241825368
            ],
            [
              77.04886408358836,
              28.620669241825368
            ],
            [
              77.04886408358836,
              28.620871361839743
            ],
            [
              77.04863383026168,
              28.620871361839743
            ]
          ]
        ]
      },
      "properties": {
        "synthetic": true,
        "ulpin_demo": "11007510000388",
        "building_id": "BLD-0388",
        "parcel_id": "PAR-D3-41",
        "owner_fictional": "Aarav Mehta",
        "floors": 6,
        "height_m": 19.200000000000003,
        "parcel_area_m2": 506.25,
        "footprint_m2": 252
      }
    },
    {
      "type": "Feature",
      "id": "PAR-D3-12",
      "geometry": {
        "type": "Polygon",
        "coordinates": [
          [
            [
              77.04794307028163,
              28.620669241825368
            ],
            [
              77.04794307028163,
              28.620467121810997
            ],
            [
              77.04817332360831,
              28.620467121810997
            ],
            [
              77.04817332360831,
              28.620669241825368
            ],
            [
              77.04794307028163,
              28.620669241825368
            ]
          ]
        ]
      },
      "properties": {
        "synthetic": true,
        "ulpin_demo": "11007510000389",
        "building_id": "BLD-0389",
        "parcel_id": "PAR-D3-12",
        "owner_fictional": "Riya Saxena",
        "floors": 6,
        "height_m": 19.200000000000003,
        "parcel_area_m2": 506.25,
        "footprint_m2": 234
      }
    },
    {
      "type": "Feature",
      "id": "PAR-D3-22",
      "geometry": {
        "type": "Polygon",
        "coordinates": [
          [
            [
              77.04817332360831,
              28.620669241825368
            ],
            [
              77.04817332360831,
              28.620467121810997
            ],
            [
              77.04840357693499,
              28.620467121810997
            ],
            [
              77.04840357693499,
              28.620669241825368
            ],
            [
              77.04817332360831,
              28.620669241825368
            ]
          ]
        ]
      },
      "properties": {
        "synthetic": true,
        "ulpin_demo": "11007510000390",
        "building_id": "BLD-0390",
        "parcel_id": "PAR-D3-22",
        "owner_fictional": "Meera Arora",
        "floors": 4,
        "height_m": 12.8,
        "parcel_area_m2": 506.25,
        "footprint_m2": 192
      }
    },
    {
      "type": "Feature",
      "id": "PAR-D3-32",
      "geometry": {
        "type": "Polygon",
        "coordinates": [
          [
            [
              77.04840357693499,
              28.620669241825368
            ],
            [
              77.04840357693499,
              28.620467121810997
            ],
            [
              77.04863383026168,
              28.620467121810997
            ],
            [
              77.04863383026168,
              28.620669241825368
            ],
            [
              77.04840357693499,
              28.620669241825368
            ]
          ]
        ]
      },
      "properties": {
        "synthetic": true,
        "ulpin_demo": "11007510000391",
        "building_id": "BLD-0391",
        "parcel_id": "PAR-D3-32",
        "owner_fictional": "Kavya Sethi",
        "floors": 5,
        "height_m": 16,
        "parcel_area_m2": 506.25,
        "footprint_m2": 225
      }
    },
    {
      "type": "Feature",
      "id": "PAR-D3-42",
      "geometry": {
        "type": "Polygon",
        "coordinates": [
          [
            [
              77.04863383026168,
              28.620669241825368
            ],
            [
              77.04863383026168,
              28.620467121810997
            ],
            [
              77.04886408358836,
              28.620467121810997
            ],
            [
              77.04886408358836,
              28.620669241825368
            ],
            [
              77.04863383026168,
              28.620669241825368
            ]
          ]
        ]
      },
      "properties": {
        "synthetic": true,
        "ulpin_demo": "11007510000392",
        "building_id": "BLD-0392",
        "parcel_id": "PAR-D3-42",
        "owner_fictional": "Neel Kapoor",
        "floors": 6,
        "height_m": 19.200000000000003,
        "parcel_area_m2": 506.25,
        "footprint_m2": 156
      }
    },
    {
      "type": "Feature",
      "id": "PAR-D3-13",
      "geometry": {
        "type": "Polygon",
        "coordinates": [
          [
            [
              77.04794307028163,
              28.620467121810997
            ],
            [
              77.04794307028163,
              28.620265001796625
            ],
            [
              77.04817332360831,
              28.620265001796625
            ],
            [
              77.04817332360831,
              28.620467121810997
            ],
            [
              77.04794307028163,
              28.620467121810997
            ]
          ]
        ]
      },
      "properties": {
        "synthetic": true,
        "ulpin_demo": "11007510000393",
        "building_id": "BLD-0393",
        "parcel_id": "PAR-D3-13",
        "owner_fictional": "Neel Kapoor",
        "floors": 6,
        "height_m": 19.200000000000003,
        "parcel_area_m2": 506.25,
        "footprint_m2": 169
      }
    },
    {
      "type": "Feature",
      "id": "PAR-D3-23",
      "geometry": {
        "type": "Polygon",
        "coordinates": [
          [
            [
              77.04817332360831,
              28.620467121810997
            ],
            [
              77.04817332360831,
              28.620265001796625
            ],
            [
              77.04840357693499,
              28.620265001796625
            ],
            [
              77.04840357693499,
              28.620467121810997
            ],
            [
              77.04817332360831,
              28.620467121810997
            ]
          ]
        ]
      },
      "properties": {
        "synthetic": true,
        "ulpin_demo": "11007510000394",
        "building_id": "BLD-0394",
        "parcel_id": "PAR-D3-23",
        "owner_fictional": "Vihaan Joshi",
        "floors": 3,
        "height_m": 9.600000000000001,
        "parcel_area_m2": 506.25,
        "footprint_m2": 255
      }
    },
    {
      "type": "Feature",
      "id": "PAR-D3-33",
      "geometry": {
        "type": "Polygon",
        "coordinates": [
          [
            [
              77.04840357693499,
              28.620467121810997
            ],
            [
              77.04840357693499,
              28.620265001796625
            ],
            [
              77.04863383026168,
              28.620265001796625
            ],
            [
              77.04863383026168,
              28.620467121810997
            ],
            [
              77.04840357693499,
              28.620467121810997
            ]
          ]
        ]
      },
      "properties": {
        "synthetic": true,
        "ulpin_demo": "11007510000395",
        "building_id": "BLD-0395",
        "parcel_id": "PAR-D3-33",
        "owner_fictional": "Diya Malhotra",
        "floors": 6,
        "height_m": 19.200000000000003,
        "parcel_area_m2": 506.25,
        "footprint_m2": 210
      }
    },
    {
      "type": "Feature",
      "id": "PAR-D3-43",
      "geometry": {
        "type": "Polygon",
        "coordinates": [
          [
            [
              77.04863383026168,
              28.620467121810997
            ],
            [
              77.04863383026168,
              28.620265001796625
            ],
            [
              77.04886408358836,
              28.620265001796625
            ],
            [
              77.04886408358836,
              28.620467121810997
            ],
            [
              77.04863383026168,
              28.620467121810997
            ]
          ]
        ]
      },
      "properties": {
        "synthetic": true,
        "ulpin_demo": "11007510000396",
        "building_id": "BLD-0396",
        "parcel_id": "PAR-D3-43",
        "owner_fictional": "Kavya Sethi",
        "floors": 4,
        "height_m": 12.8,
        "parcel_area_m2": 506.25,
        "footprint_m2": 234
      }
    },
    {
      "type": "Feature",
      "id": "PAR-D3-14",
      "geometry": {
        "type": "Polygon",
        "coordinates": [
          [
            [
              77.04794307028163,
              28.620265001796625
            ],
            [
              77.04794307028163,
              28.62006288178225
            ],
            [
              77.04817332360831,
              28.62006288178225
            ],
            [
              77.04817332360831,
              28.620265001796625
            ],
            [
              77.04794307028163,
              28.620265001796625
            ]
          ]
        ]
      },
      "properties": {
        "synthetic": true,
        "ulpin_demo": "11007510000397",
        "building_id": "BLD-0397",
        "parcel_id": "PAR-D3-14",
        "owner_fictional": "Ananya Rao",
        "floors": 4,
        "height_m": 12.8,
        "parcel_area_m2": 506.25,
        "footprint_m2": 196
      }
    },
    {
      "type": "Feature",
      "id": "PAR-D3-24",
      "geometry": {
        "type": "Polygon",
        "coordinates": [
          [
            [
              77.04817332360831,
              28.620265001796625
            ],
            [
              77.04817332360831,
              28.62006288178225
            ],
            [
              77.04840357693499,
              28.62006288178225
            ],
            [
              77.04840357693499,
              28.620265001796625
            ],
            [
              77.04817332360831,
              28.620265001796625
            ]
          ]
        ]
      },
      "properties": {
        "synthetic": true,
        "ulpin_demo": "11007510000398",
        "building_id": "BLD-0398",
        "parcel_id": "PAR-D3-24",
        "owner_fictional": "Meera Arora",
        "floors": 3,
        "height_m": 9.600000000000001,
        "parcel_area_m2": 506.25,
        "footprint_m2": 272
      }
    },
    {
      "type": "Feature",
      "id": "PAR-D3-34",
      "geometry": {
        "type": "Polygon",
        "coordinates": [
          [
            [
              77.04840357693499,
              28.620265001796625
            ],
            [
              77.04840357693499,
              28.62006288178225
            ],
            [
              77.04863383026168,
              28.62006288178225
            ],
            [
              77.04863383026168,
              28.620265001796625
            ],
            [
              77.04840357693499,
              28.620265001796625
            ]
          ]
        ]
      },
      "properties": {
        "synthetic": true,
        "ulpin_demo": "11007510000399",
        "building_id": "BLD-0399",
        "parcel_id": "PAR-D3-34",
        "owner_fictional": "Meera Arora",
        "floors": 3,
        "height_m": 9.600000000000001,
        "parcel_area_m2": 506.25,
        "footprint_m2": 288
      }
    },
    {
      "type": "Feature",
      "id": "PAR-D3-44",
      "geometry": {
        "type": "Polygon",
        "coordinates": [
          [
            [
              77.04863383026168,
              28.620265001796625
            ],
            [
              77.04863383026168,
              28.62006288178225
            ],
            [
              77.04886408358836,
              28.62006288178225
            ],
            [
              77.04886408358836,
              28.620265001796625
            ],
            [
              77.04863383026168,
              28.620265001796625
            ]
          ]
        ]
      },
      "properties": {
        "synthetic": true,
        "ulpin_demo": "11007510000400",
        "building_id": "BLD-0400",
        "parcel_id": "PAR-D3-44",
        "owner_fictional": "Dev Ahuja",
        "floors": 4,
        "height_m": 12.8,
        "parcel_area_m2": 506.25,
        "footprint_m2": 210
      }
    },
    {
      "type": "Feature",
      "id": "PAR-D5-11",
      "geometry": {
        "type": "Polygon",
        "coordinates": [
          [
            [
              77.0500716343683,
              28.620871361839743
            ],
            [
              77.0500716343683,
              28.620669241825368
            ],
            [
              77.05030188769499,
              28.620669241825368
            ],
            [
              77.05030188769499,
              28.620871361839743
            ],
            [
              77.0500716343683,
              28.620871361839743
            ]
          ]
        ]
      },
      "properties": {
        "synthetic": true,
        "ulpin_demo": "11007510000401",
        "building_id": "BLD-0401",
        "parcel_id": "PAR-D5-11",
        "owner_fictional": "Nisha Anand",
        "floors": 6,
        "height_m": 19.200000000000003,
        "parcel_area_m2": 506.25,
        "footprint_m2": 224
      }
    },
    {
      "type": "Feature",
      "id": "PAR-D5-21",
      "geometry": {
        "type": "Polygon",
        "coordinates": [
          [
            [
              77.05030188769499,
              28.620871361839743
            ],
            [
              77.05030188769499,
              28.620669241825368
            ],
            [
              77.05053214102166,
              28.620669241825368
            ],
            [
              77.05053214102166,
              28.620871361839743
            ],
            [
              77.05030188769499,
              28.620871361839743
            ]
          ]
        ]
      },
      "properties": {
        "synthetic": true,
        "ulpin_demo": "11007510000402",
        "building_id": "BLD-0402",
        "parcel_id": "PAR-D5-21",
        "owner_fictional": "Arjun Sinha",
        "floors": 6,
        "height_m": 19.200000000000003,
        "parcel_area_m2": 506.25,
        "footprint_m2": 288
      }
    },
    {
      "type": "Feature",
      "id": "PAR-D5-31",
      "geometry": {
        "type": "Polygon",
        "coordinates": [
          [
            [
              77.05053214102166,
              28.620871361839743
            ],
            [
              77.05053214102166,
              28.620669241825368
            ],
            [
              77.05076239434835,
              28.620669241825368
            ],
            [
              77.05076239434835,
              28.620871361839743
            ],
            [
              77.05053214102166,
              28.620871361839743
            ]
          ]
        ]
      },
      "properties": {
        "synthetic": true,
        "ulpin_demo": "11007510000403",
        "building_id": "BLD-0403",
        "parcel_id": "PAR-D5-31",
        "owner_fictional": "Tara Khanna",
        "floors": 6,
        "height_m": 19.200000000000003,
        "parcel_area_m2": 506.25,
        "footprint_m2": 234
      }
    },
    {
      "type": "Feature",
      "id": "PAR-D5-41",
      "geometry": {
        "type": "Polygon",
        "coordinates": [
          [
            [
              77.05076239434835,
              28.620871361839743
            ],
            [
              77.05076239434835,
              28.620669241825368
            ],
            [
              77.05099264767503,
              28.620669241825368
            ],
            [
              77.05099264767503,
              28.620871361839743
            ],
            [
              77.05076239434835,
              28.620871361839743
            ]
          ]
        ]
      },
      "properties": {
        "synthetic": true,
        "ulpin_demo": "11007510000404",
        "building_id": "BLD-0404",
        "parcel_id": "PAR-D5-41",
        "owner_fictional": "Rohan Batra",
        "floors": 4,
        "height_m": 12.8,
        "parcel_area_m2": 506.25,
        "footprint_m2": 255
      }
    },
    {
      "type": "Feature",
      "id": "PAR-D5-12",
      "geometry": {
        "type": "Polygon",
        "coordinates": [
          [
            [
              77.0500716343683,
              28.620669241825368
            ],
            [
              77.0500716343683,
              28.620467121810997
            ],
            [
              77.05030188769499,
              28.620467121810997
            ],
            [
              77.05030188769499,
              28.620669241825368
            ],
            [
              77.0500716343683,
              28.620669241825368
            ]
          ]
        ]
      },
      "properties": {
        "synthetic": true,
        "ulpin_demo": "11007510000405",
        "building_id": "BLD-0405",
        "parcel_id": "PAR-D5-12",
        "owner_fictional": "Sana Gill",
        "floors": 5,
        "height_m": 16,
        "parcel_area_m2": 506.25,
        "footprint_m2": 221
      }
    },
    {
      "type": "Feature",
      "id": "PAR-D5-22",
      "geometry": {
        "type": "Polygon",
        "coordinates": [
          [
            [
              77.05030188769499,
              28.620669241825368
            ],
            [
              77.05030188769499,
              28.620467121810997
            ],
            [
              77.05053214102166,
              28.620467121810997
            ],
            [
              77.05053214102166,
              28.620669241825368
            ],
            [
              77.05030188769499,
              28.620669241825368
            ]
          ]
        ]
      },
      "properties": {
        "synthetic": true,
        "ulpin_demo": "11007510000406",
        "building_id": "BLD-0406",
        "parcel_id": "PAR-D5-22",
        "owner_fictional": "Rohan Batra",
        "floors": 4,
        "height_m": 12.8,
        "parcel_area_m2": 506.25,
        "footprint_m2": 210
      }
    },
    {
      "type": "Feature",
      "id": "PAR-D5-32",
      "geometry": {
        "type": "Polygon",
        "coordinates": [
          [
            [
              77.05053214102166,
              28.620669241825368
            ],
            [
              77.05053214102166,
              28.620467121810997
            ],
            [
              77.05076239434835,
              28.620467121810997
            ],
            [
              77.05076239434835,
              28.620669241825368
            ],
            [
              77.05053214102166,
              28.620669241825368
            ]
          ]
        ]
      },
      "properties": {
        "synthetic": true,
        "ulpin_demo": "11007510000407",
        "building_id": "BLD-0407",
        "parcel_id": "PAR-D5-32",
        "owner_fictional": "Riya Saxena",
        "floors": 5,
        "height_m": 16,
        "parcel_area_m2": 506.25,
        "footprint_m2": 288
      }
    },
    {
      "type": "Feature",
      "id": "PAR-D5-42",
      "geometry": {
        "type": "Polygon",
        "coordinates": [
          [
            [
              77.05076239434835,
              28.620669241825368
            ],
            [
              77.05076239434835,
              28.620467121810997
            ],
            [
              77.05099264767503,
              28.620467121810997
            ],
            [
              77.05099264767503,
              28.620669241825368
            ],
            [
              77.05076239434835,
              28.620669241825368
            ]
          ]
        ]
      },
      "properties": {
        "synthetic": true,
        "ulpin_demo": "11007510000408",
        "building_id": "BLD-0408",
        "parcel_id": "PAR-D5-42",
        "owner_fictional": "Vihaan Joshi",
        "floors": 5,
        "height_m": 16,
        "parcel_area_m2": 506.25,
        "footprint_m2": 289
      }
    },
    {
      "type": "Feature",
      "id": "PAR-D5-13",
      "geometry": {
        "type": "Polygon",
        "coordinates": [
          [
            [
              77.0500716343683,
              28.620467121810997
            ],
            [
              77.0500716343683,
              28.620265001796625
            ],
            [
              77.05030188769499,
              28.620265001796625
            ],
            [
              77.05030188769499,
              28.620467121810997
            ],
            [
              77.0500716343683,
              28.620467121810997
            ]
          ]
        ]
      },
      "properties": {
        "synthetic": true,
        "ulpin_demo": "11007510000409",
        "building_id": "BLD-0409",
        "parcel_id": "PAR-D5-13",
        "owner_fictional": "Arjun Sinha",
        "floors": 5,
        "height_m": 16,
        "parcel_area_m2": 506.25,
        "footprint_m2": 192
      }
    },
    {
      "type": "Feature",
      "id": "PAR-D5-23",
      "geometry": {
        "type": "Polygon",
        "coordinates": [
          [
            [
              77.05030188769499,
              28.620467121810997
            ],
            [
              77.05030188769499,
              28.620265001796625
            ],
            [
              77.05053214102166,
              28.620265001796625
            ],
            [
              77.05053214102166,
              28.620467121810997
            ],
            [
              77.05030188769499,
              28.620467121810997
            ]
          ]
        ]
      },
      "properties": {
        "synthetic": true,
        "ulpin_demo": "11007510000410",
        "building_id": "BLD-0410",
        "parcel_id": "PAR-D5-23",
        "owner_fictional": "Rohan Batra",
        "floors": 6,
        "height_m": 19.200000000000003,
        "parcel_area_m2": 506.25,
        "footprint_m2": 238
      }
    },
    {
      "type": "Feature",
      "id": "PAR-D5-33",
      "geometry": {
        "type": "Polygon",
        "coordinates": [
          [
            [
              77.05053214102166,
              28.620467121810997
            ],
            [
              77.05053214102166,
              28.620265001796625
            ],
            [
              77.05076239434835,
              28.620265001796625
            ],
            [
              77.05076239434835,
              28.620467121810997
            ],
            [
              77.05053214102166,
              28.620467121810997
            ]
          ]
        ]
      },
      "properties": {
        "synthetic": true,
        "ulpin_demo": "11007510000411",
        "building_id": "BLD-0411",
        "parcel_id": "PAR-D5-33",
        "owner_fictional": "Rohan Batra",
        "floors": 4,
        "height_m": 12.8,
        "parcel_area_m2": 506.25,
        "footprint_m2": 234
      }
    },
    {
      "type": "Feature",
      "id": "PAR-D5-43",
      "geometry": {
        "type": "Polygon",
        "coordinates": [
          [
            [
              77.05076239434835,
              28.620467121810997
            ],
            [
              77.05076239434835,
              28.620265001796625
            ],
            [
              77.05099264767503,
              28.620265001796625
            ],
            [
              77.05099264767503,
              28.620467121810997
            ],
            [
              77.05076239434835,
              28.620467121810997
            ]
          ]
        ]
      },
      "properties": {
        "synthetic": true,
        "ulpin_demo": "11007510000412",
        "building_id": "BLD-0412",
        "parcel_id": "PAR-D5-43",
        "owner_fictional": "Aarav Mehta",
        "floors": 5,
        "height_m": 16,
        "parcel_area_m2": 506.25,
        "footprint_m2": 238
      }
    },
    {
      "type": "Feature",
      "id": "PAR-D5-14",
      "geometry": {
        "type": "Polygon",
        "coordinates": [
          [
            [
              77.0500716343683,
              28.620265001796625
            ],
            [
              77.0500716343683,
              28.62006288178225
            ],
            [
              77.05030188769499,
              28.62006288178225
            ],
            [
              77.05030188769499,
              28.620265001796625
            ],
            [
              77.0500716343683,
              28.620265001796625
            ]
          ]
        ]
      },
      "properties": {
        "synthetic": true,
        "ulpin_demo": "11007500003527",
        "building_id": "BLD-0413",
        "parcel_id": "PAR-D5-14",
        "owner_fictional": "Aarav Mehta",
        "floors": 5,
        "height_m": 16,
        "parcel_area_m2": 506.25,
        "footprint_m2": 288
      }
    },
    {
      "type": "Feature",
      "id": "PAR-D5-24",
      "geometry": {
        "type": "Polygon",
        "coordinates": [
          [
            [
              77.05030188769499,
              28.620265001796625
            ],
            [
              77.05030188769499,
              28.62006288178225
            ],
            [
              77.05053214102166,
              28.62006288178225
            ],
            [
              77.05053214102166,
              28.620265001796625
            ],
            [
              77.05030188769499,
              28.620265001796625
            ]
          ]
        ]
      },
      "properties": {
        "synthetic": true,
        "ulpin_demo": "11007510000414",
        "building_id": "BLD-0414",
        "parcel_id": "PAR-D5-24",
        "owner_fictional": "Ishaan Verma",
        "floors": 5,
        "height_m": 16,
        "parcel_area_m2": 506.25,
        "footprint_m2": 234
      }
    },
    {
      "type": "Feature",
      "id": "PAR-D5-34",
      "geometry": {
        "type": "Polygon",
        "coordinates": [
          [
            [
              77.05053214102166,
              28.620265001796625
            ],
            [
              77.05053214102166,
              28.62006288178225
            ],
            [
              77.05076239434835,
              28.62006288178225
            ],
            [
              77.05076239434835,
              28.620265001796625
            ],
            [
              77.05053214102166,
              28.620265001796625
            ]
          ]
        ]
      },
      "properties": {
        "synthetic": true,
        "ulpin_demo": "11007510000415",
        "building_id": "BLD-0415",
        "parcel_id": "PAR-D5-34",
        "owner_fictional": "Arjun Sinha",
        "floors": 6,
        "height_m": 19.200000000000003,
        "parcel_area_m2": 506.25,
        "footprint_m2": 240
      }
    },
    {
      "type": "Feature",
      "id": "PAR-D5-44",
      "geometry": {
        "type": "Polygon",
        "coordinates": [
          [
            [
              77.05076239434835,
              28.620265001796625
            ],
            [
              77.05076239434835,
              28.62006288178225
            ],
            [
              77.05099264767503,
              28.62006288178225
            ],
            [
              77.05099264767503,
              28.620265001796625
            ],
            [
              77.05076239434835,
              28.620265001796625
            ]
          ]
        ]
      },
      "properties": {
        "synthetic": true,
        "ulpin_demo": "11007510000416",
        "building_id": "BLD-0416",
        "parcel_id": "PAR-D5-44",
        "owner_fictional": "Ananya Rao",
        "floors": 6,
        "height_m": 19.200000000000003,
        "parcel_area_m2": 506.25,
        "footprint_m2": 238
      }
    },
    {
      "type": "Feature",
      "id": "PAR-D6-11",
      "geometry": {
        "type": "Polygon",
        "coordinates": [
          [
            [
              77.05113591641164,
              28.620871361839743
            ],
            [
              77.05113591641164,
              28.620669241825368
            ],
            [
              77.05136616973832,
              28.620669241825368
            ],
            [
              77.05136616973832,
              28.620871361839743
            ],
            [
              77.05113591641164,
              28.620871361839743
            ]
          ]
        ]
      },
      "properties": {
        "synthetic": true,
        "ulpin_demo": "11007510000417",
        "building_id": "BLD-0417",
        "parcel_id": "PAR-D6-11",
        "owner_fictional": "Kabir Nair",
        "floors": 5,
        "height_m": 16,
        "parcel_area_m2": 506.25,
        "footprint_m2": 272
      }
    },
    {
      "type": "Feature",
      "id": "PAR-D6-21",
      "geometry": {
        "type": "Polygon",
        "coordinates": [
          [
            [
              77.05136616973832,
              28.620871361839743
            ],
            [
              77.05136616973832,
              28.620669241825368
            ],
            [
              77.051596423065,
              28.620669241825368
            ],
            [
              77.051596423065,
              28.620871361839743
            ],
            [
              77.05136616973832,
              28.620871361839743
            ]
          ]
        ]
      },
      "properties": {
        "synthetic": true,
        "ulpin_demo": "11007510000418",
        "building_id": "BLD-0418",
        "parcel_id": "PAR-D6-21",
        "owner_fictional": "Ishaan Verma",
        "floors": 3,
        "height_m": 9.600000000000001,
        "parcel_area_m2": 506.25,
        "footprint_m2": 234
      }
    },
    {
      "type": "Feature",
      "id": "PAR-D6-31",
      "geometry": {
        "type": "Polygon",
        "coordinates": [
          [
            [
              77.051596423065,
              28.620871361839743
            ],
            [
              77.051596423065,
              28.620669241825368
            ],
            [
              77.05182667639168,
              28.620669241825368
            ],
            [
              77.05182667639168,
              28.620871361839743
            ],
            [
              77.051596423065,
              28.620871361839743
            ]
          ]
        ]
      },
      "properties": {
        "synthetic": true,
        "ulpin_demo": "11007510000419",
        "building_id": "BLD-0419",
        "parcel_id": "PAR-D6-31",
        "owner_fictional": "Tara Khanna",
        "floors": 3,
        "height_m": 9.600000000000001,
        "parcel_area_m2": 506.25,
        "footprint_m2": 195
      }
    },
    {
      "type": "Feature",
      "id": "PAR-D6-41",
      "geometry": {
        "type": "Polygon",
        "coordinates": [
          [
            [
              77.05182667639168,
              28.620871361839743
            ],
            [
              77.05182667639168,
              28.620669241825368
            ],
            [
              77.05205692971836,
              28.620669241825368
            ],
            [
              77.05205692971836,
              28.620871361839743
            ],
            [
              77.05182667639168,
              28.620871361839743
            ]
          ]
        ]
      },
      "properties": {
        "synthetic": true,
        "ulpin_demo": "11007510000420",
        "building_id": "BLD-0420",
        "parcel_id": "PAR-D6-41",
        "owner_fictional": "Ananya Rao",
        "floors": 4,
        "height_m": 12.8,
        "parcel_area_m2": 506.25,
        "footprint_m2": 288
      }
    },
    {
      "type": "Feature",
      "id": "PAR-D6-12",
      "geometry": {
        "type": "Polygon",
        "coordinates": [
          [
            [
              77.05113591641164,
              28.620669241825368
            ],
            [
              77.05113591641164,
              28.620467121810997
            ],
            [
              77.05136616973832,
              28.620467121810997
            ],
            [
              77.05136616973832,
              28.620669241825368
            ],
            [
              77.05113591641164,
              28.620669241825368
            ]
          ]
        ]
      },
      "properties": {
        "synthetic": true,
        "ulpin_demo": "11007510000421",
        "building_id": "BLD-0421",
        "parcel_id": "PAR-D6-12",
        "owner_fictional": "Kavya Sethi",
        "floors": 3,
        "height_m": 9.600000000000001,
        "parcel_area_m2": 506.25,
        "footprint_m2": 156
      }
    },
    {
      "type": "Feature",
      "id": "PAR-D6-22",
      "geometry": {
        "type": "Polygon",
        "coordinates": [
          [
            [
              77.05136616973832,
              28.620669241825368
            ],
            [
              77.05136616973832,
              28.620467121810997
            ],
            [
              77.051596423065,
              28.620467121810997
            ],
            [
              77.051596423065,
              28.620669241825368
            ],
            [
              77.05136616973832,
              28.620669241825368
            ]
          ]
        ]
      },
      "properties": {
        "synthetic": true,
        "ulpin_demo": "11007510000422",
        "building_id": "BLD-0422",
        "parcel_id": "PAR-D6-22",
        "owner_fictional": "Kabir Nair",
        "floors": 4,
        "height_m": 12.8,
        "parcel_area_m2": 506.25,
        "footprint_m2": 208
      }
    },
    {
      "type": "Feature",
      "id": "PAR-D6-32",
      "geometry": {
        "type": "Polygon",
        "coordinates": [
          [
            [
              77.051596423065,
              28.620669241825368
            ],
            [
              77.051596423065,
              28.620467121810997
            ],
            [
              77.05182667639168,
              28.620467121810997
            ],
            [
              77.05182667639168,
              28.620669241825368
            ],
            [
              77.051596423065,
              28.620669241825368
            ]
          ]
        ]
      },
      "properties": {
        "synthetic": true,
        "ulpin_demo": "11007510000423",
        "building_id": "BLD-0423",
        "parcel_id": "PAR-D6-32",
        "owner_fictional": "Riya Saxena",
        "floors": 6,
        "height_m": 19.200000000000003,
        "parcel_area_m2": 506.25,
        "footprint_m2": 208
      }
    },
    {
      "type": "Feature",
      "id": "PAR-D6-42",
      "geometry": {
        "type": "Polygon",
        "coordinates": [
          [
            [
              77.05182667639168,
              28.620669241825368
            ],
            [
              77.05182667639168,
              28.620467121810997
            ],
            [
              77.05205692971836,
              28.620467121810997
            ],
            [
              77.05205692971836,
              28.620669241825368
            ],
            [
              77.05182667639168,
              28.620669241825368
            ]
          ]
        ]
      },
      "properties": {
        "synthetic": true,
        "ulpin_demo": "11007510000424",
        "building_id": "BLD-0424",
        "parcel_id": "PAR-D6-42",
        "owner_fictional": "Vihaan Joshi",
        "floors": 3,
        "height_m": 9.600000000000001,
        "parcel_area_m2": 506.25,
        "footprint_m2": 240
      }
    },
    {
      "type": "Feature",
      "id": "PAR-D6-13",
      "geometry": {
        "type": "Polygon",
        "coordinates": [
          [
            [
              77.05113591641164,
              28.620467121810997
            ],
            [
              77.05113591641164,
              28.620265001796625
            ],
            [
              77.05136616973832,
              28.620265001796625
            ],
            [
              77.05136616973832,
              28.620467121810997
            ],
            [
              77.05113591641164,
              28.620467121810997
            ]
          ]
        ]
      },
      "properties": {
        "synthetic": true,
        "ulpin_demo": "11007510000425",
        "building_id": "BLD-0425",
        "parcel_id": "PAR-D6-13",
        "owner_fictional": "Ananya Rao",
        "floors": 4,
        "height_m": 12.8,
        "parcel_area_m2": 506.25,
        "footprint_m2": 221
      }
    },
    {
      "type": "Feature",
      "id": "PAR-D6-23",
      "geometry": {
        "type": "Polygon",
        "coordinates": [
          [
            [
              77.05136616973832,
              28.620467121810997
            ],
            [
              77.05136616973832,
              28.620265001796625
            ],
            [
              77.051596423065,
              28.620265001796625
            ],
            [
              77.051596423065,
              28.620467121810997
            ],
            [
              77.05136616973832,
              28.620467121810997
            ]
          ]
        ]
      },
      "properties": {
        "synthetic": true,
        "ulpin_demo": "11007510000426",
        "building_id": "BLD-0426",
        "parcel_id": "PAR-D6-23",
        "owner_fictional": "Dev Ahuja",
        "floors": 5,
        "height_m": 16,
        "parcel_area_m2": 506.25,
        "footprint_m2": 238
      }
    },
    {
      "type": "Feature",
      "id": "PAR-D6-33",
      "geometry": {
        "type": "Polygon",
        "coordinates": [
          [
            [
              77.051596423065,
              28.620467121810997
            ],
            [
              77.051596423065,
              28.620265001796625
            ],
            [
              77.05182667639168,
              28.620265001796625
            ],
            [
              77.05182667639168,
              28.620467121810997
            ],
            [
              77.051596423065,
              28.620467121810997
            ]
          ]
        ]
      },
      "properties": {
        "synthetic": true,
        "ulpin_demo": "11007510000427",
        "building_id": "BLD-0427",
        "parcel_id": "PAR-D6-33",
        "owner_fictional": "Aarav Mehta",
        "floors": 5,
        "height_m": 16,
        "parcel_area_m2": 506.25,
        "footprint_m2": 156
      }
    },
    {
      "type": "Feature",
      "id": "PAR-D6-43",
      "geometry": {
        "type": "Polygon",
        "coordinates": [
          [
            [
              77.05182667639168,
              28.620467121810997
            ],
            [
              77.05182667639168,
              28.620265001796625
            ],
            [
              77.05205692971836,
              28.620265001796625
            ],
            [
              77.05205692971836,
              28.620467121810997
            ],
            [
              77.05182667639168,
              28.620467121810997
            ]
          ]
        ]
      },
      "properties": {
        "synthetic": true,
        "ulpin_demo": "11007510000428",
        "building_id": "BLD-0428",
        "parcel_id": "PAR-D6-43",
        "owner_fictional": "Nisha Anand",
        "floors": 4,
        "height_m": 12.8,
        "parcel_area_m2": 506.25,
        "footprint_m2": 180
      }
    },
    {
      "type": "Feature",
      "id": "PAR-D6-14",
      "geometry": {
        "type": "Polygon",
        "coordinates": [
          [
            [
              77.05113591641164,
              28.620265001796625
            ],
            [
              77.05113591641164,
              28.62006288178225
            ],
            [
              77.05136616973832,
              28.62006288178225
            ],
            [
              77.05136616973832,
              28.620265001796625
            ],
            [
              77.05113591641164,
              28.620265001796625
            ]
          ]
        ]
      },
      "properties": {
        "synthetic": true,
        "ulpin_demo": "11007510000429",
        "building_id": "BLD-0429",
        "parcel_id": "PAR-D6-14",
        "owner_fictional": "Ishaan Verma",
        "floors": 5,
        "height_m": 16,
        "parcel_area_m2": 506.25,
        "footprint_m2": 255
      }
    },
    {
      "type": "Feature",
      "id": "PAR-D6-24",
      "geometry": {
        "type": "Polygon",
        "coordinates": [
          [
            [
              77.05136616973832,
              28.620265001796625
            ],
            [
              77.05136616973832,
              28.62006288178225
            ],
            [
              77.051596423065,
              28.62006288178225
            ],
            [
              77.051596423065,
              28.620265001796625
            ],
            [
              77.05136616973832,
              28.620265001796625
            ]
          ]
        ]
      },
      "properties": {
        "synthetic": true,
        "ulpin_demo": "11007510000430",
        "building_id": "BLD-0430",
        "parcel_id": "PAR-D6-24",
        "owner_fictional": "Neel Kapoor",
        "floors": 3,
        "height_m": 9.600000000000001,
        "parcel_area_m2": 506.25,
        "footprint_m2": 289
      }
    },
    {
      "type": "Feature",
      "id": "PAR-D6-34",
      "geometry": {
        "type": "Polygon",
        "coordinates": [
          [
            [
              77.051596423065,
              28.620265001796625
            ],
            [
              77.051596423065,
              28.62006288178225
            ],
            [
              77.05182667639168,
              28.62006288178225
            ],
            [
              77.05182667639168,
              28.620265001796625
            ],
            [
              77.051596423065,
              28.620265001796625
            ]
          ]
        ]
      },
      "properties": {
        "synthetic": true,
        "ulpin_demo": "11007510000431",
        "building_id": "BLD-0431",
        "parcel_id": "PAR-D6-34",
        "owner_fictional": "Arjun Sinha",
        "floors": 6,
        "height_m": 19.200000000000003,
        "parcel_area_m2": 506.25,
        "footprint_m2": 210
      }
    },
    {
      "type": "Feature",
      "id": "PAR-D6-44",
      "geometry": {
        "type": "Polygon",
        "coordinates": [
          [
            [
              77.05182667639168,
              28.620265001796625
            ],
            [
              77.05182667639168,
              28.62006288178225
            ],
            [
              77.05205692971836,
              28.62006288178225
            ],
            [
              77.05205692971836,
              28.620265001796625
            ],
            [
              77.05182667639168,
              28.620265001796625
            ]
          ]
        ]
      },
      "properties": {
        "synthetic": true,
        "ulpin_demo": "11007510000432",
        "building_id": "BLD-0432",
        "parcel_id": "PAR-D6-44",
        "owner_fictional": "Sana Gill",
        "floors": 4,
        "height_m": 12.8,
        "parcel_area_m2": 506.25,
        "footprint_m2": 204
      }
    },
    {
      "type": "Feature",
      "id": "PAR-D7-11",
      "geometry": {
        "type": "Polygon",
        "coordinates": [
          [
            [
              77.05220019845497,
              28.620871361839743
            ],
            [
              77.05220019845497,
              28.620669241825368
            ],
            [
              77.05243045178166,
              28.620669241825368
            ],
            [
              77.05243045178166,
              28.620871361839743
            ],
            [
              77.05220019845497,
              28.620871361839743
            ]
          ]
        ]
      },
      "properties": {
        "synthetic": true,
        "ulpin_demo": "11007510000433",
        "building_id": "BLD-0433",
        "parcel_id": "PAR-D7-11",
        "owner_fictional": "Vihaan Joshi",
        "floors": 5,
        "height_m": 16,
        "parcel_area_m2": 506.25,
        "footprint_m2": 208
      }
    },
    {
      "type": "Feature",
      "id": "PAR-D7-21",
      "geometry": {
        "type": "Polygon",
        "coordinates": [
          [
            [
              77.05243045178166,
              28.620871361839743
            ],
            [
              77.05243045178166,
              28.620669241825368
            ],
            [
              77.05266070510834,
              28.620669241825368
            ],
            [
              77.05266070510834,
              28.620871361839743
            ],
            [
              77.05243045178166,
              28.620871361839743
            ]
          ]
        ]
      },
      "properties": {
        "synthetic": true,
        "ulpin_demo": "11007510000434",
        "building_id": "BLD-0434",
        "parcel_id": "PAR-D7-21",
        "owner_fictional": "Kabir Nair",
        "floors": 4,
        "height_m": 12.8,
        "parcel_area_m2": 506.25,
        "footprint_m2": 288
      }
    },
    {
      "type": "Feature",
      "id": "PAR-D7-31",
      "geometry": {
        "type": "Polygon",
        "coordinates": [
          [
            [
              77.05266070510834,
              28.620871361839743
            ],
            [
              77.05266070510834,
              28.620669241825368
            ],
            [
              77.05289095843501,
              28.620669241825368
            ],
            [
              77.05289095843501,
              28.620871361839743
            ],
            [
              77.05266070510834,
              28.620871361839743
            ]
          ]
        ]
      },
      "properties": {
        "synthetic": true,
        "ulpin_demo": "11007510000435",
        "building_id": "BLD-0435",
        "parcel_id": "PAR-D7-31",
        "owner_fictional": "Sana Gill",
        "floors": 3,
        "height_m": 9.600000000000001,
        "parcel_area_m2": 506.25,
        "footprint_m2": 255
      }
    },
    {
      "type": "Feature",
      "id": "PAR-D7-41",
      "geometry": {
        "type": "Polygon",
        "coordinates": [
          [
            [
              77.05289095843501,
              28.620871361839743
            ],
            [
              77.05289095843501,
              28.620669241825368
            ],
            [
              77.0531212117617,
              28.620669241825368
            ],
            [
              77.0531212117617,
              28.620871361839743
            ],
            [
              77.05289095843501,
              28.620871361839743
            ]
          ]
        ]
      },
      "properties": {
        "synthetic": true,
        "ulpin_demo": "11007510000436",
        "building_id": "BLD-0436",
        "parcel_id": "PAR-D7-41",
        "owner_fictional": "Kabir Nair",
        "floors": 5,
        "height_m": 16,
        "parcel_area_m2": 506.25,
        "footprint_m2": 255
      }
    },
    {
      "type": "Feature",
      "id": "PAR-D7-12",
      "geometry": {
        "type": "Polygon",
        "coordinates": [
          [
            [
              77.05220019845497,
              28.620669241825368
            ],
            [
              77.05220019845497,
              28.620467121810997
            ],
            [
              77.05243045178166,
              28.620467121810997
            ],
            [
              77.05243045178166,
              28.620669241825368
            ],
            [
              77.05220019845497,
              28.620669241825368
            ]
          ]
        ]
      },
      "properties": {
        "synthetic": true,
        "ulpin_demo": "11007510000437",
        "building_id": "BLD-0437",
        "parcel_id": "PAR-D7-12",
        "owner_fictional": "Sana Gill",
        "floors": 3,
        "height_m": 9.600000000000001,
        "parcel_area_m2": 506.25,
        "footprint_m2": 256
      }
    },
    {
      "type": "Feature",
      "id": "PAR-D7-22",
      "geometry": {
        "type": "Polygon",
        "coordinates": [
          [
            [
              77.05243045178166,
              28.620669241825368
            ],
            [
              77.05243045178166,
              28.620467121810997
            ],
            [
              77.05266070510834,
              28.620467121810997
            ],
            [
              77.05266070510834,
              28.620669241825368
            ],
            [
              77.05243045178166,
              28.620669241825368
            ]
          ]
        ]
      },
      "properties": {
        "synthetic": true,
        "ulpin_demo": "11007510000438",
        "building_id": "BLD-0438",
        "parcel_id": "PAR-D7-22",
        "owner_fictional": "Kabir Nair",
        "floors": 4,
        "height_m": 12.8,
        "parcel_area_m2": 506.25,
        "footprint_m2": 240
      }
    },
    {
      "type": "Feature",
      "id": "PAR-D7-32",
      "geometry": {
        "type": "Polygon",
        "coordinates": [
          [
            [
              77.05266070510834,
              28.620669241825368
            ],
            [
              77.05266070510834,
              28.620467121810997
            ],
            [
              77.05289095843501,
              28.620467121810997
            ],
            [
              77.05289095843501,
              28.620669241825368
            ],
            [
              77.05266070510834,
              28.620669241825368
            ]
          ]
        ]
      },
      "properties": {
        "synthetic": true,
        "ulpin_demo": "11007510000439",
        "building_id": "BLD-0439",
        "parcel_id": "PAR-D7-32",
        "owner_fictional": "Kabir Nair",
        "floors": 5,
        "height_m": 16,
        "parcel_area_m2": 506.25,
        "footprint_m2": 255
      }
    },
    {
      "type": "Feature",
      "id": "PAR-D7-42",
      "geometry": {
        "type": "Polygon",
        "coordinates": [
          [
            [
              77.05289095843501,
              28.620669241825368
            ],
            [
              77.05289095843501,
              28.620467121810997
            ],
            [
              77.0531212117617,
              28.620467121810997
            ],
            [
              77.0531212117617,
              28.620669241825368
            ],
            [
              77.05289095843501,
              28.620669241825368
            ]
          ]
        ]
      },
      "properties": {
        "synthetic": true,
        "ulpin_demo": "11007510000440",
        "building_id": "BLD-0440",
        "parcel_id": "PAR-D7-42",
        "owner_fictional": "Neel Kapoor",
        "floors": 5,
        "height_m": 16,
        "parcel_area_m2": 506.25,
        "footprint_m2": 216
      }
    },
    {
      "type": "Feature",
      "id": "PAR-D7-13",
      "geometry": {
        "type": "Polygon",
        "coordinates": [
          [
            [
              77.05220019845497,
              28.620467121810997
            ],
            [
              77.05220019845497,
              28.620265001796625
            ],
            [
              77.05243045178166,
              28.620265001796625
            ],
            [
              77.05243045178166,
              28.620467121810997
            ],
            [
              77.05220019845497,
              28.620467121810997
            ]
          ]
        ]
      },
      "properties": {
        "synthetic": true,
        "ulpin_demo": "11007510000441",
        "building_id": "BLD-0441",
        "parcel_id": "PAR-D7-13",
        "owner_fictional": "Ananya Rao",
        "floors": 4,
        "height_m": 12.8,
        "parcel_area_m2": 506.25,
        "footprint_m2": 156
      }
    },
    {
      "type": "Feature",
      "id": "PAR-D7-23",
      "geometry": {
        "type": "Polygon",
        "coordinates": [
          [
            [
              77.05243045178166,
              28.620467121810997
            ],
            [
              77.05243045178166,
              28.620265001796625
            ],
            [
              77.05266070510834,
              28.620265001796625
            ],
            [
              77.05266070510834,
              28.620467121810997
            ],
            [
              77.05243045178166,
              28.620467121810997
            ]
          ]
        ]
      },
      "properties": {
        "synthetic": true,
        "ulpin_demo": "11007510000442",
        "building_id": "BLD-0442",
        "parcel_id": "PAR-D7-23",
        "owner_fictional": "Kavya Sethi",
        "floors": 5,
        "height_m": 16,
        "parcel_area_m2": 506.25,
        "footprint_m2": 156
      }
    },
    {
      "type": "Feature",
      "id": "PAR-D7-33",
      "geometry": {
        "type": "Polygon",
        "coordinates": [
          [
            [
              77.05266070510834,
              28.620467121810997
            ],
            [
              77.05266070510834,
              28.620265001796625
            ],
            [
              77.05289095843501,
              28.620265001796625
            ],
            [
              77.05289095843501,
              28.620467121810997
            ],
            [
              77.05266070510834,
              28.620467121810997
            ]
          ]
        ]
      },
      "properties": {
        "synthetic": true,
        "ulpin_demo": "11007510000443",
        "building_id": "BLD-0443",
        "parcel_id": "PAR-D7-33",
        "owner_fictional": "Ananya Rao",
        "floors": 6,
        "height_m": 19.200000000000003,
        "parcel_area_m2": 506.25,
        "footprint_m2": 225
      }
    },
    {
      "type": "Feature",
      "id": "PAR-D7-43",
      "geometry": {
        "type": "Polygon",
        "coordinates": [
          [
            [
              77.05289095843501,
              28.620467121810997
            ],
            [
              77.05289095843501,
              28.620265001796625
            ],
            [
              77.0531212117617,
              28.620265001796625
            ],
            [
              77.0531212117617,
              28.620467121810997
            ],
            [
              77.05289095843501,
              28.620467121810997
            ]
          ]
        ]
      },
      "properties": {
        "synthetic": true,
        "ulpin_demo": "11007510000444",
        "building_id": "BLD-0444",
        "parcel_id": "PAR-D7-43",
        "owner_fictional": "Rohan Batra",
        "floors": 6,
        "height_m": 19.200000000000003,
        "parcel_area_m2": 506.25,
        "footprint_m2": 221
      }
    },
    {
      "type": "Feature",
      "id": "PAR-D7-14",
      "geometry": {
        "type": "Polygon",
        "coordinates": [
          [
            [
              77.05220019845497,
              28.620265001796625
            ],
            [
              77.05220019845497,
              28.62006288178225
            ],
            [
              77.05243045178166,
              28.62006288178225
            ],
            [
              77.05243045178166,
              28.620265001796625
            ],
            [
              77.05220019845497,
              28.620265001796625
            ]
          ]
        ]
      },
      "properties": {
        "synthetic": true,
        "ulpin_demo": "11007510000445",
        "building_id": "BLD-0445",
        "parcel_id": "PAR-D7-14",
        "owner_fictional": "Sana Gill",
        "floors": 5,
        "height_m": 16,
        "parcel_area_m2": 506.25,
        "footprint_m2": 234
      }
    },
    {
      "type": "Feature",
      "id": "PAR-D7-24",
      "geometry": {
        "type": "Polygon",
        "coordinates": [
          [
            [
              77.05243045178166,
              28.620265001796625
            ],
            [
              77.05243045178166,
              28.62006288178225
            ],
            [
              77.05266070510834,
              28.62006288178225
            ],
            [
              77.05266070510834,
              28.620265001796625
            ],
            [
              77.05243045178166,
              28.620265001796625
            ]
          ]
        ]
      },
      "properties": {
        "synthetic": true,
        "ulpin_demo": "11007510000446",
        "building_id": "BLD-0446",
        "parcel_id": "PAR-D7-24",
        "owner_fictional": "Neel Kapoor",
        "floors": 4,
        "height_m": 12.8,
        "parcel_area_m2": 506.25,
        "footprint_m2": 210
      }
    },
    {
      "type": "Feature",
      "id": "PAR-D7-34",
      "geometry": {
        "type": "Polygon",
        "coordinates": [
          [
            [
              77.05266070510834,
              28.620265001796625
            ],
            [
              77.05266070510834,
              28.62006288178225
            ],
            [
              77.05289095843501,
              28.62006288178225
            ],
            [
              77.05289095843501,
              28.620265001796625
            ],
            [
              77.05266070510834,
              28.620265001796625
            ]
          ]
        ]
      },
      "properties": {
        "synthetic": true,
        "ulpin_demo": "11007510000447",
        "building_id": "BLD-0447",
        "parcel_id": "PAR-D7-34",
        "owner_fictional": "Ishaan Verma",
        "floors": 6,
        "height_m": 19.200000000000003,
        "parcel_area_m2": 506.25,
        "footprint_m2": 156
      }
    },
    {
      "type": "Feature",
      "id": "PAR-D7-44",
      "geometry": {
        "type": "Polygon",
        "coordinates": [
          [
            [
              77.05289095843501,
              28.620265001796625
            ],
            [
              77.05289095843501,
              28.62006288178225
            ],
            [
              77.0531212117617,
              28.62006288178225
            ],
            [
              77.0531212117617,
              28.620265001796625
            ],
            [
              77.05289095843501,
              28.620265001796625
            ]
          ]
        ]
      },
      "properties": {
        "synthetic": true,
        "ulpin_demo": "11007510000448",
        "building_id": "BLD-0448",
        "parcel_id": "PAR-D7-44",
        "owner_fictional": "Riya Saxena",
        "floors": 5,
        "height_m": 16,
        "parcel_area_m2": 506.25,
        "footprint_m2": 221
      }
    },
    {
      "type": "Feature",
      "id": "PAR-D8-11",
      "geometry": {
        "type": "Polygon",
        "coordinates": [
          [
            [
              77.0532644804983,
              28.620871361839743
            ],
            [
              77.0532644804983,
              28.620669241825368
            ],
            [
              77.05349473382499,
              28.620669241825368
            ],
            [
              77.05349473382499,
              28.620871361839743
            ],
            [
              77.0532644804983,
              28.620871361839743
            ]
          ]
        ]
      },
      "properties": {
        "synthetic": true,
        "ulpin_demo": "11007510000449",
        "building_id": "BLD-0449",
        "parcel_id": "PAR-D8-11",
        "owner_fictional": "Nisha Anand",
        "floors": 5,
        "height_m": 16,
        "parcel_area_m2": 506.25,
        "footprint_m2": 182
      }
    },
    {
      "type": "Feature",
      "id": "PAR-D8-21",
      "geometry": {
        "type": "Polygon",
        "coordinates": [
          [
            [
              77.05349473382499,
              28.620871361839743
            ],
            [
              77.05349473382499,
              28.620669241825368
            ],
            [
              77.05372498715167,
              28.620669241825368
            ],
            [
              77.05372498715167,
              28.620871361839743
            ],
            [
              77.05349473382499,
              28.620871361839743
            ]
          ]
        ]
      },
      "properties": {
        "synthetic": true,
        "ulpin_demo": "11007510000450",
        "building_id": "BLD-0450",
        "parcel_id": "PAR-D8-21",
        "owner_fictional": "Kabir Nair",
        "floors": 5,
        "height_m": 16,
        "parcel_area_m2": 506.25,
        "footprint_m2": 240
      }
    },
    {
      "type": "Feature",
      "id": "PAR-D8-31",
      "geometry": {
        "type": "Polygon",
        "coordinates": [
          [
            [
              77.05372498715167,
              28.620871361839743
            ],
            [
              77.05372498715167,
              28.620669241825368
            ],
            [
              77.05395524047836,
              28.620669241825368
            ],
            [
              77.05395524047836,
              28.620871361839743
            ],
            [
              77.05372498715167,
              28.620871361839743
            ]
          ]
        ]
      },
      "properties": {
        "synthetic": true,
        "ulpin_demo": "11007510000451",
        "building_id": "BLD-0451",
        "parcel_id": "PAR-D8-31",
        "owner_fictional": "Arjun Sinha",
        "floors": 3,
        "height_m": 9.600000000000001,
        "parcel_area_m2": 506.25,
        "footprint_m2": 289
      }
    },
    {
      "type": "Feature",
      "id": "PAR-D8-41",
      "geometry": {
        "type": "Polygon",
        "coordinates": [
          [
            [
              77.05395524047836,
              28.620871361839743
            ],
            [
              77.05395524047836,
              28.620669241825368
            ],
            [
              77.05418549380504,
              28.620669241825368
            ],
            [
              77.05418549380504,
              28.620871361839743
            ],
            [
              77.05395524047836,
              28.620871361839743
            ]
          ]
        ]
      },
      "properties": {
        "synthetic": true,
        "ulpin_demo": "11007510000452",
        "building_id": "BLD-0452",
        "parcel_id": "PAR-D8-41",
        "owner_fictional": "Vihaan Joshi",
        "floors": 3,
        "height_m": 9.600000000000001,
        "parcel_area_m2": 506.25,
        "footprint_m2": 182
      }
    },
    {
      "type": "Feature",
      "id": "PAR-D8-12",
      "geometry": {
        "type": "Polygon",
        "coordinates": [
          [
            [
              77.0532644804983,
              28.620669241825368
            ],
            [
              77.0532644804983,
              28.620467121810997
            ],
            [
              77.05349473382499,
              28.620467121810997
            ],
            [
              77.05349473382499,
              28.620669241825368
            ],
            [
              77.0532644804983,
              28.620669241825368
            ]
          ]
        ]
      },
      "properties": {
        "synthetic": true,
        "ulpin_demo": "11007510000453",
        "building_id": "BLD-0453",
        "parcel_id": "PAR-D8-12",
        "owner_fictional": "Tara Khanna",
        "floors": 6,
        "height_m": 19.200000000000003,
        "parcel_area_m2": 506.25,
        "footprint_m2": 306
      }
    },
    {
      "type": "Feature",
      "id": "PAR-D8-22",
      "geometry": {
        "type": "Polygon",
        "coordinates": [
          [
            [
              77.05349473382499,
              28.620669241825368
            ],
            [
              77.05349473382499,
              28.620467121810997
            ],
            [
              77.05372498715167,
              28.620467121810997
            ],
            [
              77.05372498715167,
              28.620669241825368
            ],
            [
              77.05349473382499,
              28.620669241825368
            ]
          ]
        ]
      },
      "properties": {
        "synthetic": true,
        "ulpin_demo": "11007510000454",
        "building_id": "BLD-0454",
        "parcel_id": "PAR-D8-22",
        "owner_fictional": "Meera Arora",
        "floors": 4,
        "height_m": 12.8,
        "parcel_area_m2": 506.25,
        "footprint_m2": 225
      }
    },
    {
      "type": "Feature",
      "id": "PAR-D8-32",
      "geometry": {
        "type": "Polygon",
        "coordinates": [
          [
            [
              77.05372498715167,
              28.620669241825368
            ],
            [
              77.05372498715167,
              28.620467121810997
            ],
            [
              77.05395524047836,
              28.620467121810997
            ],
            [
              77.05395524047836,
              28.620669241825368
            ],
            [
              77.05372498715167,
              28.620669241825368
            ]
          ]
        ]
      },
      "properties": {
        "synthetic": true,
        "ulpin_demo": "11007510000455",
        "building_id": "BLD-0455",
        "parcel_id": "PAR-D8-32",
        "owner_fictional": "Meera Arora",
        "floors": 6,
        "height_m": 19.200000000000003,
        "parcel_area_m2": 506.25,
        "footprint_m2": 208
      }
    },
    {
      "type": "Feature",
      "id": "PAR-D8-42",
      "geometry": {
        "type": "Polygon",
        "coordinates": [
          [
            [
              77.05395524047836,
              28.620669241825368
            ],
            [
              77.05395524047836,
              28.620467121810997
            ],
            [
              77.05418549380504,
              28.620467121810997
            ],
            [
              77.05418549380504,
              28.620669241825368
            ],
            [
              77.05395524047836,
              28.620669241825368
            ]
          ]
        ]
      },
      "properties": {
        "synthetic": true,
        "ulpin_demo": "11007510000456",
        "building_id": "BLD-0456",
        "parcel_id": "PAR-D8-42",
        "owner_fictional": "Vihaan Joshi",
        "floors": 3,
        "height_m": 9.600000000000001,
        "parcel_area_m2": 506.25,
        "footprint_m2": 224
      }
    },
    {
      "type": "Feature",
      "id": "PAR-D8-13",
      "geometry": {
        "type": "Polygon",
        "coordinates": [
          [
            [
              77.0532644804983,
              28.620467121810997
            ],
            [
              77.0532644804983,
              28.620265001796625
            ],
            [
              77.05349473382499,
              28.620265001796625
            ],
            [
              77.05349473382499,
              28.620467121810997
            ],
            [
              77.0532644804983,
              28.620467121810997
            ]
          ]
        ]
      },
      "properties": {
        "synthetic": true,
        "ulpin_demo": "11007510000457",
        "building_id": "BLD-0457",
        "parcel_id": "PAR-D8-13",
        "owner_fictional": "Rohan Batra",
        "floors": 4,
        "height_m": 12.8,
        "parcel_area_m2": 506.25,
        "footprint_m2": 180
      }
    },
    {
      "type": "Feature",
      "id": "PAR-D8-23",
      "geometry": {
        "type": "Polygon",
        "coordinates": [
          [
            [
              77.05349473382499,
              28.620467121810997
            ],
            [
              77.05349473382499,
              28.620265001796625
            ],
            [
              77.05372498715167,
              28.620265001796625
            ],
            [
              77.05372498715167,
              28.620467121810997
            ],
            [
              77.05349473382499,
              28.620467121810997
            ]
          ]
        ]
      },
      "properties": {
        "synthetic": true,
        "ulpin_demo": "11007510000458",
        "building_id": "BLD-0458",
        "parcel_id": "PAR-D8-23",
        "owner_fictional": "Kavya Sethi",
        "floors": 6,
        "height_m": 19.200000000000003,
        "parcel_area_m2": 506.25,
        "footprint_m2": 169
      }
    },
    {
      "type": "Feature",
      "id": "PAR-D8-33",
      "geometry": {
        "type": "Polygon",
        "coordinates": [
          [
            [
              77.05372498715167,
              28.620467121810997
            ],
            [
              77.05372498715167,
              28.620265001796625
            ],
            [
              77.05395524047836,
              28.620265001796625
            ],
            [
              77.05395524047836,
              28.620467121810997
            ],
            [
              77.05372498715167,
              28.620467121810997
            ]
          ]
        ]
      },
      "properties": {
        "synthetic": true,
        "ulpin_demo": "11007510000459",
        "building_id": "BLD-0459",
        "parcel_id": "PAR-D8-33",
        "owner_fictional": "Tara Khanna",
        "floors": 3,
        "height_m": 9.600000000000001,
        "parcel_area_m2": 506.25,
        "footprint_m2": 272
      }
    },
    {
      "type": "Feature",
      "id": "PAR-D8-43",
      "geometry": {
        "type": "Polygon",
        "coordinates": [
          [
            [
              77.05395524047836,
              28.620467121810997
            ],
            [
              77.05395524047836,
              28.620265001796625
            ],
            [
              77.05418549380504,
              28.620265001796625
            ],
            [
              77.05418549380504,
              28.620467121810997
            ],
            [
              77.05395524047836,
              28.620467121810997
            ]
          ]
        ]
      },
      "properties": {
        "synthetic": true,
        "ulpin_demo": "11007510000460",
        "building_id": "BLD-0460",
        "parcel_id": "PAR-D8-43",
        "owner_fictional": "Meera Arora",
        "floors": 3,
        "height_m": 9.600000000000001,
        "parcel_area_m2": 506.25,
        "footprint_m2": 288
      }
    },
    {
      "type": "Feature",
      "id": "PAR-D8-14",
      "geometry": {
        "type": "Polygon",
        "coordinates": [
          [
            [
              77.0532644804983,
              28.620265001796625
            ],
            [
              77.0532644804983,
              28.62006288178225
            ],
            [
              77.05349473382499,
              28.62006288178225
            ],
            [
              77.05349473382499,
              28.620265001796625
            ],
            [
              77.0532644804983,
              28.620265001796625
            ]
          ]
        ]
      },
      "properties": {
        "synthetic": true,
        "ulpin_demo": "11007510000461",
        "building_id": "BLD-0461",
        "parcel_id": "PAR-D8-14",
        "owner_fictional": "Neel Kapoor",
        "floors": 3,
        "height_m": 9.600000000000001,
        "parcel_area_m2": 506.25,
        "footprint_m2": 208
      }
    },
    {
      "type": "Feature",
      "id": "PAR-D8-24",
      "geometry": {
        "type": "Polygon",
        "coordinates": [
          [
            [
              77.05349473382499,
              28.620265001796625
            ],
            [
              77.05349473382499,
              28.62006288178225
            ],
            [
              77.05372498715167,
              28.62006288178225
            ],
            [
              77.05372498715167,
              28.620265001796625
            ],
            [
              77.05349473382499,
              28.620265001796625
            ]
          ]
        ]
      },
      "properties": {
        "synthetic": true,
        "ulpin_demo": "11007510000462",
        "building_id": "BLD-0462",
        "parcel_id": "PAR-D8-24",
        "owner_fictional": "Aarav Mehta",
        "floors": 4,
        "height_m": 12.8,
        "parcel_area_m2": 506.25,
        "footprint_m2": 210
      }
    },
    {
      "type": "Feature",
      "id": "PAR-D8-34",
      "geometry": {
        "type": "Polygon",
        "coordinates": [
          [
            [
              77.05372498715167,
              28.620265001796625
            ],
            [
              77.05372498715167,
              28.62006288178225
            ],
            [
              77.05395524047836,
              28.62006288178225
            ],
            [
              77.05395524047836,
              28.620265001796625
            ],
            [
              77.05372498715167,
              28.620265001796625
            ]
          ]
        ]
      },
      "properties": {
        "synthetic": true,
        "ulpin_demo": "11007510000463",
        "building_id": "BLD-0463",
        "parcel_id": "PAR-D8-34",
        "owner_fictional": "Diya Malhotra",
        "floors": 3,
        "height_m": 9.600000000000001,
        "parcel_area_m2": 506.25,
        "footprint_m2": 168
      }
    },
    {
      "type": "Feature",
      "id": "PAR-D8-44",
      "geometry": {
        "type": "Polygon",
        "coordinates": [
          [
            [
              77.05395524047836,
              28.620265001796625
            ],
            [
              77.05395524047836,
              28.62006288178225
            ],
            [
              77.05418549380504,
              28.62006288178225
            ],
            [
              77.05418549380504,
              28.620265001796625
            ],
            [
              77.05395524047836,
              28.620265001796625
            ]
          ]
        ]
      },
      "properties": {
        "synthetic": true,
        "ulpin_demo": "11007510000464",
        "building_id": "BLD-0464",
        "parcel_id": "PAR-D8-44",
        "owner_fictional": "Diya Malhotra",
        "floors": 4,
        "height_m": 12.8,
        "parcel_area_m2": 506.25,
        "footprint_m2": 182
      }
    },
    {
      "type": "Feature",
      "id": "PAR-E1-11",
      "geometry": {
        "type": "Polygon",
        "coordinates": [
          [
            [
              77.04581450619496,
              28.619937118217752
            ],
            [
              77.04581450619496,
              28.619734998203377
            ],
            [
              77.04604475952164,
              28.619734998203377
            ],
            [
              77.04604475952164,
              28.619937118217752
            ],
            [
              77.04581450619496,
              28.619937118217752
            ]
          ]
        ]
      },
      "properties": {
        "synthetic": true,
        "ulpin_demo": "11007510000465",
        "building_id": "BLD-0465",
        "parcel_id": "PAR-E1-11",
        "owner_fictional": "Dev Ahuja",
        "floors": 6,
        "height_m": 19.200000000000003,
        "parcel_area_m2": 506.25,
        "footprint_m2": 182
      }
    },
    {
      "type": "Feature",
      "id": "PAR-E1-21",
      "geometry": {
        "type": "Polygon",
        "coordinates": [
          [
            [
              77.04604475952164,
              28.619937118217752
            ],
            [
              77.04604475952164,
              28.619734998203377
            ],
            [
              77.04627501284833,
              28.619734998203377
            ],
            [
              77.04627501284833,
              28.619937118217752
            ],
            [
              77.04604475952164,
              28.619937118217752
            ]
          ]
        ]
      },
      "properties": {
        "synthetic": true,
        "ulpin_demo": "11007510000466",
        "building_id": "BLD-0466",
        "parcel_id": "PAR-E1-21",
        "owner_fictional": "Kavya Sethi",
        "floors": 4,
        "height_m": 12.8,
        "parcel_area_m2": 506.25,
        "footprint_m2": 195
      }
    },
    {
      "type": "Feature",
      "id": "PAR-E1-31",
      "geometry": {
        "type": "Polygon",
        "coordinates": [
          [
            [
              77.04627501284833,
              28.619937118217752
            ],
            [
              77.04627501284833,
              28.619734998203377
            ],
            [
              77.046505266175,
              28.619734998203377
            ],
            [
              77.046505266175,
              28.619937118217752
            ],
            [
              77.04627501284833,
              28.619937118217752
            ]
          ]
        ]
      },
      "properties": {
        "synthetic": true,
        "ulpin_demo": "11007510000467",
        "building_id": "BLD-0467",
        "parcel_id": "PAR-E1-31",
        "owner_fictional": "Neel Kapoor",
        "floors": 6,
        "height_m": 19.200000000000003,
        "parcel_area_m2": 506.25,
        "footprint_m2": 225
      }
    },
    {
      "type": "Feature",
      "id": "PAR-E1-41",
      "geometry": {
        "type": "Polygon",
        "coordinates": [
          [
            [
              77.046505266175,
              28.619937118217752
            ],
            [
              77.046505266175,
              28.619734998203377
            ],
            [
              77.0467355195017,
              28.619734998203377
            ],
            [
              77.0467355195017,
              28.619937118217752
            ],
            [
              77.046505266175,
              28.619937118217752
            ]
          ]
        ]
      },
      "properties": {
        "synthetic": true,
        "ulpin_demo": "11007510000468",
        "building_id": "BLD-0468",
        "parcel_id": "PAR-E1-41",
        "owner_fictional": "Neel Kapoor",
        "floors": 5,
        "height_m": 16,
        "parcel_area_m2": 506.25,
        "footprint_m2": 180
      }
    },
    {
      "type": "Feature",
      "id": "PAR-E1-12",
      "geometry": {
        "type": "Polygon",
        "coordinates": [
          [
            [
              77.04581450619496,
              28.619734998203377
            ],
            [
              77.04581450619496,
              28.619532878189005
            ],
            [
              77.04604475952164,
              28.619532878189005
            ],
            [
              77.04604475952164,
              28.619734998203377
            ],
            [
              77.04581450619496,
              28.619734998203377
            ]
          ]
        ]
      },
      "properties": {
        "synthetic": true,
        "ulpin_demo": "11007510000469",
        "building_id": "BLD-0469",
        "parcel_id": "PAR-E1-12",
        "owner_fictional": "Diya Malhotra",
        "floors": 5,
        "height_m": 16,
        "parcel_area_m2": 506.25,
        "footprint_m2": 272
      }
    },
    {
      "type": "Feature",
      "id": "PAR-E1-22",
      "geometry": {
        "type": "Polygon",
        "coordinates": [
          [
            [
              77.04604475952164,
              28.619734998203377
            ],
            [
              77.04604475952164,
              28.619532878189005
            ],
            [
              77.04627501284833,
              28.619532878189005
            ],
            [
              77.04627501284833,
              28.619734998203377
            ],
            [
              77.04604475952164,
              28.619734998203377
            ]
          ]
        ]
      },
      "properties": {
        "synthetic": true,
        "ulpin_demo": "11007510000470",
        "building_id": "BLD-0470",
        "parcel_id": "PAR-E1-22",
        "owner_fictional": "Kavya Sethi",
        "floors": 4,
        "height_m": 12.8,
        "parcel_area_m2": 506.25,
        "footprint_m2": 221
      }
    },
    {
      "type": "Feature",
      "id": "PAR-E1-32",
      "geometry": {
        "type": "Polygon",
        "coordinates": [
          [
            [
              77.04627501284833,
              28.619734998203377
            ],
            [
              77.04627501284833,
              28.619532878189005
            ],
            [
              77.046505266175,
              28.619532878189005
            ],
            [
              77.046505266175,
              28.619734998203377
            ],
            [
              77.04627501284833,
              28.619734998203377
            ]
          ]
        ]
      },
      "properties": {
        "synthetic": true,
        "ulpin_demo": "11007510000471",
        "building_id": "BLD-0471",
        "parcel_id": "PAR-E1-32",
        "owner_fictional": "Meera Arora",
        "floors": 5,
        "height_m": 16,
        "parcel_area_m2": 506.25,
        "footprint_m2": 288
      }
    },
    {
      "type": "Feature",
      "id": "PAR-E1-42",
      "geometry": {
        "type": "Polygon",
        "coordinates": [
          [
            [
              77.046505266175,
              28.619734998203377
            ],
            [
              77.046505266175,
              28.619532878189005
            ],
            [
              77.0467355195017,
              28.619532878189005
            ],
            [
              77.0467355195017,
              28.619734998203377
            ],
            [
              77.046505266175,
              28.619734998203377
            ]
          ]
        ]
      },
      "properties": {
        "synthetic": true,
        "ulpin_demo": "11007510000472",
        "building_id": "BLD-0472",
        "parcel_id": "PAR-E1-42",
        "owner_fictional": "Diya Malhotra",
        "floors": 3,
        "height_m": 9.600000000000001,
        "parcel_area_m2": 506.25,
        "footprint_m2": 256
      }
    },
    {
      "type": "Feature",
      "id": "PAR-E1-13",
      "geometry": {
        "type": "Polygon",
        "coordinates": [
          [
            [
              77.04581450619496,
              28.619532878189005
            ],
            [
              77.04581450619496,
              28.619330758174634
            ],
            [
              77.04604475952164,
              28.619330758174634
            ],
            [
              77.04604475952164,
              28.619532878189005
            ],
            [
              77.04581450619496,
              28.619532878189005
            ]
          ]
        ]
      },
      "properties": {
        "synthetic": true,
        "ulpin_demo": "11007510000473",
        "building_id": "BLD-0473",
        "parcel_id": "PAR-E1-13",
        "owner_fictional": "Rohan Batra",
        "floors": 6,
        "height_m": 19.200000000000003,
        "parcel_area_m2": 506.25,
        "footprint_m2": 256
      }
    },
    {
      "type": "Feature",
      "id": "PAR-E1-23",
      "geometry": {
        "type": "Polygon",
        "coordinates": [
          [
            [
              77.04604475952164,
              28.619532878189005
            ],
            [
              77.04604475952164,
              28.619330758174634
            ],
            [
              77.04627501284833,
              28.619330758174634
            ],
            [
              77.04627501284833,
              28.619532878189005
            ],
            [
              77.04604475952164,
              28.619532878189005
            ]
          ]
        ]
      },
      "properties": {
        "synthetic": true,
        "ulpin_demo": "11007510000474",
        "building_id": "BLD-0474",
        "parcel_id": "PAR-E1-23",
        "owner_fictional": "Rohan Batra",
        "floors": 5,
        "height_m": 16,
        "parcel_area_m2": 506.25,
        "footprint_m2": 234
      }
    },
    {
      "type": "Feature",
      "id": "PAR-E1-33",
      "geometry": {
        "type": "Polygon",
        "coordinates": [
          [
            [
              77.04627501284833,
              28.619532878189005
            ],
            [
              77.04627501284833,
              28.619330758174634
            ],
            [
              77.046505266175,
              28.619330758174634
            ],
            [
              77.046505266175,
              28.619532878189005
            ],
            [
              77.04627501284833,
              28.619532878189005
            ]
          ]
        ]
      },
      "properties": {
        "synthetic": true,
        "ulpin_demo": "11007510000475",
        "building_id": "BLD-0475",
        "parcel_id": "PAR-E1-33",
        "owner_fictional": "Riya Saxena",
        "floors": 5,
        "height_m": 16,
        "parcel_area_m2": 506.25,
        "footprint_m2": 210
      }
    },
    {
      "type": "Feature",
      "id": "PAR-E1-43",
      "geometry": {
        "type": "Polygon",
        "coordinates": [
          [
            [
              77.046505266175,
              28.619532878189005
            ],
            [
              77.046505266175,
              28.619330758174634
            ],
            [
              77.0467355195017,
              28.619330758174634
            ],
            [
              77.0467355195017,
              28.619532878189005
            ],
            [
              77.046505266175,
              28.619532878189005
            ]
          ]
        ]
      },
      "properties": {
        "synthetic": true,
        "ulpin_demo": "11007510000476",
        "building_id": "BLD-0476",
        "parcel_id": "PAR-E1-43",
        "owner_fictional": "Kabir Nair",
        "floors": 4,
        "height_m": 12.8,
        "parcel_area_m2": 506.25,
        "footprint_m2": 256
      }
    },
    {
      "type": "Feature",
      "id": "PAR-E1-14",
      "geometry": {
        "type": "Polygon",
        "coordinates": [
          [
            [
              77.04581450619496,
              28.619330758174634
            ],
            [
              77.04581450619496,
              28.61912863816026
            ],
            [
              77.04604475952164,
              28.61912863816026
            ],
            [
              77.04604475952164,
              28.619330758174634
            ],
            [
              77.04581450619496,
              28.619330758174634
            ]
          ]
        ]
      },
      "properties": {
        "synthetic": true,
        "ulpin_demo": "11007510000477",
        "building_id": "BLD-0477",
        "parcel_id": "PAR-E1-14",
        "owner_fictional": "Arjun Sinha",
        "floors": 4,
        "height_m": 12.8,
        "parcel_area_m2": 506.25,
        "footprint_m2": 221
      }
    },
    {
      "type": "Feature",
      "id": "PAR-E1-24",
      "geometry": {
        "type": "Polygon",
        "coordinates": [
          [
            [
              77.04604475952164,
              28.619330758174634
            ],
            [
              77.04604475952164,
              28.61912863816026
            ],
            [
              77.04627501284833,
              28.61912863816026
            ],
            [
              77.04627501284833,
              28.619330758174634
            ],
            [
              77.04604475952164,
              28.619330758174634
            ]
          ]
        ]
      },
      "properties": {
        "synthetic": true,
        "ulpin_demo": "11007510000478",
        "building_id": "BLD-0478",
        "parcel_id": "PAR-E1-24",
        "owner_fictional": "Neel Kapoor",
        "floors": 5,
        "height_m": 16,
        "parcel_area_m2": 506.25,
        "footprint_m2": 210
      }
    },
    {
      "type": "Feature",
      "id": "PAR-E1-34",
      "geometry": {
        "type": "Polygon",
        "coordinates": [
          [
            [
              77.04627501284833,
              28.619330758174634
            ],
            [
              77.04627501284833,
              28.61912863816026
            ],
            [
              77.046505266175,
              28.61912863816026
            ],
            [
              77.046505266175,
              28.619330758174634
            ],
            [
              77.04627501284833,
              28.619330758174634
            ]
          ]
        ]
      },
      "properties": {
        "synthetic": true,
        "ulpin_demo": "11007510000479",
        "building_id": "BLD-0479",
        "parcel_id": "PAR-E1-34",
        "owner_fictional": "Aarav Mehta",
        "floors": 4,
        "height_m": 12.8,
        "parcel_area_m2": 506.25,
        "footprint_m2": 182
      }
    },
    {
      "type": "Feature",
      "id": "PAR-E1-44",
      "geometry": {
        "type": "Polygon",
        "coordinates": [
          [
            [
              77.046505266175,
              28.619330758174634
            ],
            [
              77.046505266175,
              28.61912863816026
            ],
            [
              77.0467355195017,
              28.61912863816026
            ],
            [
              77.0467355195017,
              28.619330758174634
            ],
            [
              77.046505266175,
              28.619330758174634
            ]
          ]
        ]
      },
      "properties": {
        "synthetic": true,
        "ulpin_demo": "11007510000480",
        "building_id": "BLD-0480",
        "parcel_id": "PAR-E1-44",
        "owner_fictional": "Dev Ahuja",
        "floors": 3,
        "height_m": 9.600000000000001,
        "parcel_area_m2": 506.25,
        "footprint_m2": 289
      }
    },
    {
      "type": "Feature",
      "id": "PAR-E2-11",
      "geometry": {
        "type": "Polygon",
        "coordinates": [
          [
            [
              77.04687878823829,
              28.619937118217752
            ],
            [
              77.04687878823829,
              28.619734998203377
            ],
            [
              77.04710904156498,
              28.619734998203377
            ],
            [
              77.04710904156498,
              28.619937118217752
            ],
            [
              77.04687878823829,
              28.619937118217752
            ]
          ]
        ]
      },
      "properties": {
        "synthetic": true,
        "ulpin_demo": "11007510000481",
        "building_id": "BLD-0481",
        "parcel_id": "PAR-E2-11",
        "owner_fictional": "Nisha Anand",
        "floors": 3,
        "height_m": 9.600000000000001,
        "parcel_area_m2": 506.25,
        "footprint_m2": 238
      }
    },
    {
      "type": "Feature",
      "id": "PAR-E2-21",
      "geometry": {
        "type": "Polygon",
        "coordinates": [
          [
            [
              77.04710904156498,
              28.619937118217752
            ],
            [
              77.04710904156498,
              28.619734998203377
            ],
            [
              77.04733929489166,
              28.619734998203377
            ],
            [
              77.04733929489166,
              28.619937118217752
            ],
            [
              77.04710904156498,
              28.619937118217752
            ]
          ]
        ]
      },
      "properties": {
        "synthetic": true,
        "ulpin_demo": "11007510000482",
        "building_id": "BLD-0482",
        "parcel_id": "PAR-E2-21",
        "owner_fictional": "Ishaan Verma",
        "floors": 4,
        "height_m": 12.8,
        "parcel_area_m2": 506.25,
        "footprint_m2": 210
      }
    },
    {
      "type": "Feature",
      "id": "PAR-E2-31",
      "geometry": {
        "type": "Polygon",
        "coordinates": [
          [
            [
              77.04733929489166,
              28.619937118217752
            ],
            [
              77.04733929489166,
              28.619734998203377
            ],
            [
              77.04756954821833,
              28.619734998203377
            ],
            [
              77.04756954821833,
              28.619937118217752
            ],
            [
              77.04733929489166,
              28.619937118217752
            ]
          ]
        ]
      },
      "properties": {
        "synthetic": true,
        "ulpin_demo": "11007510000483",
        "building_id": "BLD-0483",
        "parcel_id": "PAR-E2-31",
        "owner_fictional": "Sana Gill",
        "floors": 3,
        "height_m": 9.600000000000001,
        "parcel_area_m2": 506.25,
        "footprint_m2": 288
      }
    },
    {
      "type": "Feature",
      "id": "PAR-E2-41",
      "geometry": {
        "type": "Polygon",
        "coordinates": [
          [
            [
              77.04756954821833,
              28.619937118217752
            ],
            [
              77.04756954821833,
              28.619734998203377
            ],
            [
              77.04779980154503,
              28.619734998203377
            ],
            [
              77.04779980154503,
              28.619937118217752
            ],
            [
              77.04756954821833,
              28.619937118217752
            ]
          ]
        ]
      },
      "properties": {
        "synthetic": true,
        "ulpin_demo": "11007510000484",
        "building_id": "BLD-0484",
        "parcel_id": "PAR-E2-41",
        "owner_fictional": "Tara Khanna",
        "floors": 4,
        "height_m": 12.8,
        "parcel_area_m2": 506.25,
        "footprint_m2": 224
      }
    },
    {
      "type": "Feature",
      "id": "PAR-E2-12",
      "geometry": {
        "type": "Polygon",
        "coordinates": [
          [
            [
              77.04687878823829,
              28.619734998203377
            ],
            [
              77.04687878823829,
              28.619532878189005
            ],
            [
              77.04710904156498,
              28.619532878189005
            ],
            [
              77.04710904156498,
              28.619734998203377
            ],
            [
              77.04687878823829,
              28.619734998203377
            ]
          ]
        ]
      },
      "properties": {
        "synthetic": true,
        "ulpin_demo": "11007510000485",
        "building_id": "BLD-0485",
        "parcel_id": "PAR-E2-12",
        "owner_fictional": "Ananya Rao",
        "floors": 4,
        "height_m": 12.8,
        "parcel_area_m2": 506.25,
        "footprint_m2": 196
      }
    },
    {
      "type": "Feature",
      "id": "PAR-E2-22",
      "geometry": {
        "type": "Polygon",
        "coordinates": [
          [
            [
              77.04710904156498,
              28.619734998203377
            ],
            [
              77.04710904156498,
              28.619532878189005
            ],
            [
              77.04733929489166,
              28.619532878189005
            ],
            [
              77.04733929489166,
              28.619734998203377
            ],
            [
              77.04710904156498,
              28.619734998203377
            ]
          ]
        ]
      },
      "properties": {
        "synthetic": true,
        "ulpin_demo": "11007510000486",
        "building_id": "BLD-0486",
        "parcel_id": "PAR-E2-22",
        "owner_fictional": "Neel Kapoor",
        "floors": 5,
        "height_m": 16,
        "parcel_area_m2": 506.25,
        "footprint_m2": 216
      }
    },
    {
      "type": "Feature",
      "id": "PAR-E2-32",
      "geometry": {
        "type": "Polygon",
        "coordinates": [
          [
            [
              77.04733929489166,
              28.619734998203377
            ],
            [
              77.04733929489166,
              28.619532878189005
            ],
            [
              77.04756954821833,
              28.619532878189005
            ],
            [
              77.04756954821833,
              28.619734998203377
            ],
            [
              77.04733929489166,
              28.619734998203377
            ]
          ]
        ]
      },
      "properties": {
        "synthetic": true,
        "ulpin_demo": "11007510000487",
        "building_id": "BLD-0487",
        "parcel_id": "PAR-E2-32",
        "owner_fictional": "Kavya Sethi",
        "floors": 5,
        "height_m": 16,
        "parcel_area_m2": 506.25,
        "footprint_m2": 180
      }
    },
    {
      "type": "Feature",
      "id": "PAR-E2-42",
      "geometry": {
        "type": "Polygon",
        "coordinates": [
          [
            [
              77.04756954821833,
              28.619734998203377
            ],
            [
              77.04756954821833,
              28.619532878189005
            ],
            [
              77.04779980154503,
              28.619532878189005
            ],
            [
              77.04779980154503,
              28.619734998203377
            ],
            [
              77.04756954821833,
              28.619734998203377
            ]
          ]
        ]
      },
      "properties": {
        "synthetic": true,
        "ulpin_demo": "11007510000488",
        "building_id": "BLD-0488",
        "parcel_id": "PAR-E2-42",
        "owner_fictional": "Sana Gill",
        "floors": 5,
        "height_m": 16,
        "parcel_area_m2": 506.25,
        "footprint_m2": 252
      }
    },
    {
      "type": "Feature",
      "id": "PAR-E2-13",
      "geometry": {
        "type": "Polygon",
        "coordinates": [
          [
            [
              77.04687878823829,
              28.619532878189005
            ],
            [
              77.04687878823829,
              28.619330758174634
            ],
            [
              77.04710904156498,
              28.619330758174634
            ],
            [
              77.04710904156498,
              28.619532878189005
            ],
            [
              77.04687878823829,
              28.619532878189005
            ]
          ]
        ]
      },
      "properties": {
        "synthetic": true,
        "ulpin_demo": "11007510000489",
        "building_id": "BLD-0489",
        "parcel_id": "PAR-E2-13",
        "owner_fictional": "Ananya Rao",
        "floors": 5,
        "height_m": 16,
        "parcel_area_m2": 506.25,
        "footprint_m2": 196
      }
    },
    {
      "type": "Feature",
      "id": "PAR-E2-23",
      "geometry": {
        "type": "Polygon",
        "coordinates": [
          [
            [
              77.04710904156498,
              28.619532878189005
            ],
            [
              77.04710904156498,
              28.619330758174634
            ],
            [
              77.04733929489166,
              28.619330758174634
            ],
            [
              77.04733929489166,
              28.619532878189005
            ],
            [
              77.04710904156498,
              28.619532878189005
            ]
          ]
        ]
      },
      "properties": {
        "synthetic": true,
        "ulpin_demo": "11007510000490",
        "building_id": "BLD-0490",
        "parcel_id": "PAR-E2-23",
        "owner_fictional": "Rohan Batra",
        "floors": 6,
        "height_m": 19.200000000000003,
        "parcel_area_m2": 506.25,
        "footprint_m2": 221
      }
    },
    {
      "type": "Feature",
      "id": "PAR-E2-33",
      "geometry": {
        "type": "Polygon",
        "coordinates": [
          [
            [
              77.04733929489166,
              28.619532878189005
            ],
            [
              77.04733929489166,
              28.619330758174634
            ],
            [
              77.04756954821833,
              28.619330758174634
            ],
            [
              77.04756954821833,
              28.619532878189005
            ],
            [
              77.04733929489166,
              28.619532878189005
            ]
          ]
        ]
      },
      "properties": {
        "synthetic": true,
        "ulpin_demo": "11007510000491",
        "building_id": "BLD-0491",
        "parcel_id": "PAR-E2-33",
        "owner_fictional": "Kabir Nair",
        "floors": 6,
        "height_m": 19.200000000000003,
        "parcel_area_m2": 506.25,
        "footprint_m2": 210
      }
    },
    {
      "type": "Feature",
      "id": "PAR-E2-43",
      "geometry": {
        "type": "Polygon",
        "coordinates": [
          [
            [
              77.04756954821833,
              28.619532878189005
            ],
            [
              77.04756954821833,
              28.619330758174634
            ],
            [
              77.04779980154503,
              28.619330758174634
            ],
            [
              77.04779980154503,
              28.619532878189005
            ],
            [
              77.04756954821833,
              28.619532878189005
            ]
          ]
        ]
      },
      "properties": {
        "synthetic": true,
        "ulpin_demo": "11007510000492",
        "building_id": "BLD-0492",
        "parcel_id": "PAR-E2-43",
        "owner_fictional": "Riya Saxena",
        "floors": 4,
        "height_m": 12.8,
        "parcel_area_m2": 506.25,
        "footprint_m2": 240
      }
    },
    {
      "type": "Feature",
      "id": "PAR-E2-14",
      "geometry": {
        "type": "Polygon",
        "coordinates": [
          [
            [
              77.04687878823829,
              28.619330758174634
            ],
            [
              77.04687878823829,
              28.61912863816026
            ],
            [
              77.04710904156498,
              28.61912863816026
            ],
            [
              77.04710904156498,
              28.619330758174634
            ],
            [
              77.04687878823829,
              28.619330758174634
            ]
          ]
        ]
      },
      "properties": {
        "synthetic": true,
        "ulpin_demo": "11007510000493",
        "building_id": "BLD-0493",
        "parcel_id": "PAR-E2-14",
        "owner_fictional": "Ananya Rao",
        "floors": 6,
        "height_m": 19.200000000000003,
        "parcel_area_m2": 506.25,
        "footprint_m2": 168
      }
    },
    {
      "type": "Feature",
      "id": "PAR-E2-24",
      "geometry": {
        "type": "Polygon",
        "coordinates": [
          [
            [
              77.04710904156498,
              28.619330758174634
            ],
            [
              77.04710904156498,
              28.61912863816026
            ],
            [
              77.04733929489166,
              28.61912863816026
            ],
            [
              77.04733929489166,
              28.619330758174634
            ],
            [
              77.04710904156498,
              28.619330758174634
            ]
          ]
        ]
      },
      "properties": {
        "synthetic": true,
        "ulpin_demo": "11007510000494",
        "building_id": "BLD-0494",
        "parcel_id": "PAR-E2-24",
        "owner_fictional": "Dev Ahuja",
        "floors": 4,
        "height_m": 12.8,
        "parcel_area_m2": 506.25,
        "footprint_m2": 238
      }
    },
    {
      "type": "Feature",
      "id": "PAR-E2-34",
      "geometry": {
        "type": "Polygon",
        "coordinates": [
          [
            [
              77.04733929489166,
              28.619330758174634
            ],
            [
              77.04733929489166,
              28.61912863816026
            ],
            [
              77.04756954821833,
              28.61912863816026
            ],
            [
              77.04756954821833,
              28.619330758174634
            ],
            [
              77.04733929489166,
              28.619330758174634
            ]
          ]
        ]
      },
      "properties": {
        "synthetic": true,
        "ulpin_demo": "11007510000495",
        "building_id": "BLD-0495",
        "parcel_id": "PAR-E2-34",
        "owner_fictional": "Rohan Batra",
        "floors": 5,
        "height_m": 16,
        "parcel_area_m2": 506.25,
        "footprint_m2": 195
      }
    },
    {
      "type": "Feature",
      "id": "PAR-E2-44",
      "geometry": {
        "type": "Polygon",
        "coordinates": [
          [
            [
              77.04756954821833,
              28.619330758174634
            ],
            [
              77.04756954821833,
              28.61912863816026
            ],
            [
              77.04779980154503,
              28.61912863816026
            ],
            [
              77.04779980154503,
              28.619330758174634
            ],
            [
              77.04756954821833,
              28.619330758174634
            ]
          ]
        ]
      },
      "properties": {
        "synthetic": true,
        "ulpin_demo": "11007510000496",
        "building_id": "BLD-0496",
        "parcel_id": "PAR-E2-44",
        "owner_fictional": "Arjun Sinha",
        "floors": 5,
        "height_m": 16,
        "parcel_area_m2": 506.25,
        "footprint_m2": 192
      }
    },
    {
      "type": "Feature",
      "id": "PAR-E3-11",
      "geometry": {
        "type": "Polygon",
        "coordinates": [
          [
            [
              77.04794307028163,
              28.619937118217752
            ],
            [
              77.04794307028163,
              28.619734998203377
            ],
            [
              77.04817332360831,
              28.619734998203377
            ],
            [
              77.04817332360831,
              28.619937118217752
            ],
            [
              77.04794307028163,
              28.619937118217752
            ]
          ]
        ]
      },
      "properties": {
        "synthetic": true,
        "ulpin_demo": "11007510000497",
        "building_id": "BLD-0497",
        "parcel_id": "PAR-E3-11",
        "owner_fictional": "Vihaan Joshi",
        "floors": 6,
        "height_m": 19.200000000000003,
        "parcel_area_m2": 506.25,
        "footprint_m2": 210
      }
    },
    {
      "type": "Feature",
      "id": "PAR-E3-21",
      "geometry": {
        "type": "Polygon",
        "coordinates": [
          [
            [
              77.04817332360831,
              28.619937118217752
            ],
            [
              77.04817332360831,
              28.619734998203377
            ],
            [
              77.04840357693499,
              28.619734998203377
            ],
            [
              77.04840357693499,
              28.619937118217752
            ],
            [
              77.04817332360831,
              28.619937118217752
            ]
          ]
        ]
      },
      "properties": {
        "synthetic": true,
        "ulpin_demo": "11007510000498",
        "building_id": "BLD-0498",
        "parcel_id": "PAR-E3-21",
        "owner_fictional": "Vihaan Joshi",
        "floors": 6,
        "height_m": 19.200000000000003,
        "parcel_area_m2": 506.25,
        "footprint_m2": 182
      }
    },
    {
      "type": "Feature",
      "id": "PAR-E3-31",
      "geometry": {
        "type": "Polygon",
        "coordinates": [
          [
            [
              77.04840357693499,
              28.619937118217752
            ],
            [
              77.04840357693499,
              28.619734998203377
            ],
            [
              77.04863383026168,
              28.619734998203377
            ],
            [
              77.04863383026168,
              28.619937118217752
            ],
            [
              77.04840357693499,
              28.619937118217752
            ]
          ]
        ]
      },
      "properties": {
        "synthetic": true,
        "ulpin_demo": "11007510000499",
        "building_id": "BLD-0499",
        "parcel_id": "PAR-E3-31",
        "owner_fictional": "Rohan Batra",
        "floors": 5,
        "height_m": 16,
        "parcel_area_m2": 506.25,
        "footprint_m2": 272
      }
    },
    {
      "type": "Feature",
      "id": "PAR-E3-41",
      "geometry": {
        "type": "Polygon",
        "coordinates": [
          [
            [
              77.04863383026168,
              28.619937118217752
            ],
            [
              77.04863383026168,
              28.619734998203377
            ],
            [
              77.04886408358836,
              28.619734998203377
            ],
            [
              77.04886408358836,
              28.619937118217752
            ],
            [
              77.04863383026168,
              28.619937118217752
            ]
          ]
        ]
      },
      "properties": {
        "synthetic": true,
        "ulpin_demo": "11007510000500",
        "building_id": "BLD-0500",
        "parcel_id": "PAR-E3-41",
        "owner_fictional": "Aarav Mehta",
        "floors": 6,
        "height_m": 19.200000000000003,
        "parcel_area_m2": 506.25,
        "footprint_m2": 208
      }
    },
    {
      "type": "Feature",
      "id": "PAR-E3-12",
      "geometry": {
        "type": "Polygon",
        "coordinates": [
          [
            [
              77.04794307028163,
              28.619734998203377
            ],
            [
              77.04794307028163,
              28.619532878189005
            ],
            [
              77.04817332360831,
              28.619532878189005
            ],
            [
              77.04817332360831,
              28.619734998203377
            ],
            [
              77.04794307028163,
              28.619734998203377
            ]
          ]
        ]
      },
      "properties": {
        "synthetic": true,
        "ulpin_demo": "11007510000501",
        "building_id": "BLD-0501",
        "parcel_id": "PAR-E3-12",
        "owner_fictional": "Riya Saxena",
        "floors": 4,
        "height_m": 12.8,
        "parcel_area_m2": 506.25,
        "footprint_m2": 180
      }
    },
    {
      "type": "Feature",
      "id": "PAR-E3-22",
      "geometry": {
        "type": "Polygon",
        "coordinates": [
          [
            [
              77.04817332360831,
              28.619734998203377
            ],
            [
              77.04817332360831,
              28.619532878189005
            ],
            [
              77.04840357693499,
              28.619532878189005
            ],
            [
              77.04840357693499,
              28.619734998203377
            ],
            [
              77.04817332360831,
              28.619734998203377
            ]
          ]
        ]
      },
      "properties": {
        "synthetic": true,
        "ulpin_demo": "11007510000502",
        "building_id": "BLD-0502",
        "parcel_id": "PAR-E3-22",
        "owner_fictional": "Kavya Sethi",
        "floors": 3,
        "height_m": 9.600000000000001,
        "parcel_area_m2": 506.25,
        "footprint_m2": 224
      }
    },
    {
      "type": "Feature",
      "id": "PAR-E3-32",
      "geometry": {
        "type": "Polygon",
        "coordinates": [
          [
            [
              77.04840357693499,
              28.619734998203377
            ],
            [
              77.04840357693499,
              28.619532878189005
            ],
            [
              77.04863383026168,
              28.619532878189005
            ],
            [
              77.04863383026168,
              28.619734998203377
            ],
            [
              77.04840357693499,
              28.619734998203377
            ]
          ]
        ]
      },
      "properties": {
        "synthetic": true,
        "ulpin_demo": "11007510000503",
        "building_id": "BLD-0503",
        "parcel_id": "PAR-E3-32",
        "owner_fictional": "Ananya Rao",
        "floors": 6,
        "height_m": 19.200000000000003,
        "parcel_area_m2": 506.25,
        "footprint_m2": 272
      }
    },
    {
      "type": "Feature",
      "id": "PAR-E3-42",
      "geometry": {
        "type": "Polygon",
        "coordinates": [
          [
            [
              77.04863383026168,
              28.619734998203377
            ],
            [
              77.04863383026168,
              28.619532878189005
            ],
            [
              77.04886408358836,
              28.619532878189005
            ],
            [
              77.04886408358836,
              28.619734998203377
            ],
            [
              77.04863383026168,
              28.619734998203377
            ]
          ]
        ]
      },
      "properties": {
        "synthetic": true,
        "ulpin_demo": "11007510000504",
        "building_id": "BLD-0504",
        "parcel_id": "PAR-E3-42",
        "owner_fictional": "Riya Saxena",
        "floors": 3,
        "height_m": 9.600000000000001,
        "parcel_area_m2": 506.25,
        "footprint_m2": 224
      }
    },
    {
      "type": "Feature",
      "id": "PAR-E3-13",
      "geometry": {
        "type": "Polygon",
        "coordinates": [
          [
            [
              77.04794307028163,
              28.619532878189005
            ],
            [
              77.04794307028163,
              28.619330758174634
            ],
            [
              77.04817332360831,
              28.619330758174634
            ],
            [
              77.04817332360831,
              28.619532878189005
            ],
            [
              77.04794307028163,
              28.619532878189005
            ]
          ]
        ]
      },
      "properties": {
        "synthetic": true,
        "ulpin_demo": "11007510000505",
        "building_id": "BLD-0505",
        "parcel_id": "PAR-E3-13",
        "owner_fictional": "Meera Arora",
        "floors": 3,
        "height_m": 9.600000000000001,
        "parcel_area_m2": 506.25,
        "footprint_m2": 208
      }
    },
    {
      "type": "Feature",
      "id": "PAR-E3-23",
      "geometry": {
        "type": "Polygon",
        "coordinates": [
          [
            [
              77.04817332360831,
              28.619532878189005
            ],
            [
              77.04817332360831,
              28.619330758174634
            ],
            [
              77.04840357693499,
              28.619330758174634
            ],
            [
              77.04840357693499,
              28.619532878189005
            ],
            [
              77.04817332360831,
              28.619532878189005
            ]
          ]
        ]
      },
      "properties": {
        "synthetic": true,
        "ulpin_demo": "11007510000506",
        "building_id": "BLD-0506",
        "parcel_id": "PAR-E3-23",
        "owner_fictional": "Ishaan Verma",
        "floors": 5,
        "height_m": 16,
        "parcel_area_m2": 506.25,
        "footprint_m2": 208
      }
    },
    {
      "type": "Feature",
      "id": "PAR-E3-33",
      "geometry": {
        "type": "Polygon",
        "coordinates": [
          [
            [
              77.04840357693499,
              28.619532878189005
            ],
            [
              77.04840357693499,
              28.619330758174634
            ],
            [
              77.04863383026168,
              28.619330758174634
            ],
            [
              77.04863383026168,
              28.619532878189005
            ],
            [
              77.04840357693499,
              28.619532878189005
            ]
          ]
        ]
      },
      "properties": {
        "synthetic": true,
        "ulpin_demo": "11007510000507",
        "building_id": "BLD-0507",
        "parcel_id": "PAR-E3-33",
        "owner_fictional": "Dev Ahuja",
        "floors": 4,
        "height_m": 12.8,
        "parcel_area_m2": 506.25,
        "footprint_m2": 221
      }
    },
    {
      "type": "Feature",
      "id": "PAR-E3-43",
      "geometry": {
        "type": "Polygon",
        "coordinates": [
          [
            [
              77.04863383026168,
              28.619532878189005
            ],
            [
              77.04863383026168,
              28.619330758174634
            ],
            [
              77.04886408358836,
              28.619330758174634
            ],
            [
              77.04886408358836,
              28.619532878189005
            ],
            [
              77.04863383026168,
              28.619532878189005
            ]
          ]
        ]
      },
      "properties": {
        "synthetic": true,
        "ulpin_demo": "11007510000508",
        "building_id": "BLD-0508",
        "parcel_id": "PAR-E3-43",
        "owner_fictional": "Neel Kapoor",
        "floors": 6,
        "height_m": 19.200000000000003,
        "parcel_area_m2": 506.25,
        "footprint_m2": 238
      }
    },
    {
      "type": "Feature",
      "id": "PAR-E3-14",
      "geometry": {
        "type": "Polygon",
        "coordinates": [
          [
            [
              77.04794307028163,
              28.619330758174634
            ],
            [
              77.04794307028163,
              28.61912863816026
            ],
            [
              77.04817332360831,
              28.61912863816026
            ],
            [
              77.04817332360831,
              28.619330758174634
            ],
            [
              77.04794307028163,
              28.619330758174634
            ]
          ]
        ]
      },
      "properties": {
        "synthetic": true,
        "ulpin_demo": "11007510000509",
        "building_id": "BLD-0509",
        "parcel_id": "PAR-E3-14",
        "owner_fictional": "Diya Malhotra",
        "floors": 3,
        "height_m": 9.600000000000001,
        "parcel_area_m2": 506.25,
        "footprint_m2": 210
      }
    },
    {
      "type": "Feature",
      "id": "PAR-E3-24",
      "geometry": {
        "type": "Polygon",
        "coordinates": [
          [
            [
              77.04817332360831,
              28.619330758174634
            ],
            [
              77.04817332360831,
              28.61912863816026
            ],
            [
              77.04840357693499,
              28.61912863816026
            ],
            [
              77.04840357693499,
              28.619330758174634
            ],
            [
              77.04817332360831,
              28.619330758174634
            ]
          ]
        ]
      },
      "properties": {
        "synthetic": true,
        "ulpin_demo": "11007510000510",
        "building_id": "BLD-0510",
        "parcel_id": "PAR-E3-24",
        "owner_fictional": "Arjun Sinha",
        "floors": 3,
        "height_m": 9.600000000000001,
        "parcel_area_m2": 506.25,
        "footprint_m2": 168
      }
    },
    {
      "type": "Feature",
      "id": "PAR-E3-34",
      "geometry": {
        "type": "Polygon",
        "coordinates": [
          [
            [
              77.04840357693499,
              28.619330758174634
            ],
            [
              77.04840357693499,
              28.61912863816026
            ],
            [
              77.04863383026168,
              28.61912863816026
            ],
            [
              77.04863383026168,
              28.619330758174634
            ],
            [
              77.04840357693499,
              28.619330758174634
            ]
          ]
        ]
      },
      "properties": {
        "synthetic": true,
        "ulpin_demo": "11007510000511",
        "building_id": "BLD-0511",
        "parcel_id": "PAR-E3-34",
        "owner_fictional": "Diya Malhotra",
        "floors": 4,
        "height_m": 12.8,
        "parcel_area_m2": 506.25,
        "footprint_m2": 210
      }
    },
    {
      "type": "Feature",
      "id": "PAR-E3-44",
      "geometry": {
        "type": "Polygon",
        "coordinates": [
          [
            [
              77.04863383026168,
              28.619330758174634
            ],
            [
              77.04863383026168,
              28.61912863816026
            ],
            [
              77.04886408358836,
              28.61912863816026
            ],
            [
              77.04886408358836,
              28.619330758174634
            ],
            [
              77.04863383026168,
              28.619330758174634
            ]
          ]
        ]
      },
      "properties": {
        "synthetic": true,
        "ulpin_demo": "11007510000512",
        "building_id": "BLD-0512",
        "parcel_id": "PAR-E3-44",
        "owner_fictional": "Nisha Anand",
        "floors": 6,
        "height_m": 19.200000000000003,
        "parcel_area_m2": 506.25,
        "footprint_m2": 196
      }
    },
    {
      "type": "Feature",
      "id": "PAR-E4-11",
      "geometry": {
        "type": "Polygon",
        "coordinates": [
          [
            [
              77.04900735232496,
              28.619937118217752
            ],
            [
              77.04900735232496,
              28.619734998203377
            ],
            [
              77.04923760565164,
              28.619734998203377
            ],
            [
              77.04923760565164,
              28.619937118217752
            ],
            [
              77.04900735232496,
              28.619937118217752
            ]
          ]
        ]
      },
      "properties": {
        "synthetic": true,
        "ulpin_demo": "11007510000513",
        "building_id": "BLD-0513",
        "parcel_id": "PAR-E4-11",
        "owner_fictional": "Rohan Batra",
        "floors": 6,
        "height_m": 19.200000000000003,
        "parcel_area_m2": 506.25,
        "footprint_m2": 221
      }
    },
    {
      "type": "Feature",
      "id": "PAR-E4-21",
      "geometry": {
        "type": "Polygon",
        "coordinates": [
          [
            [
              77.04923760565164,
              28.619937118217752
            ],
            [
              77.04923760565164,
              28.619734998203377
            ],
            [
              77.04946785897833,
              28.619734998203377
            ],
            [
              77.04946785897833,
              28.619937118217752
            ],
            [
              77.04923760565164,
              28.619937118217752
            ]
          ]
        ]
      },
      "properties": {
        "synthetic": true,
        "ulpin_demo": "11007510000514",
        "building_id": "BLD-0514",
        "parcel_id": "PAR-E4-21",
        "owner_fictional": "Vihaan Joshi",
        "floors": 6,
        "height_m": 19.200000000000003,
        "parcel_area_m2": 506.25,
        "footprint_m2": 216
      }
    },
    {
      "type": "Feature",
      "id": "PAR-E4-31",
      "geometry": {
        "type": "Polygon",
        "coordinates": [
          [
            [
              77.04946785897833,
              28.619937118217752
            ],
            [
              77.04946785897833,
              28.619734998203377
            ],
            [
              77.04969811230501,
              28.619734998203377
            ],
            [
              77.04969811230501,
              28.619937118217752
            ],
            [
              77.04946785897833,
              28.619937118217752
            ]
          ]
        ]
      },
      "properties": {
        "synthetic": true,
        "ulpin_demo": "11007510000515",
        "building_id": "BLD-0515",
        "parcel_id": "PAR-E4-31",
        "owner_fictional": "Rohan Batra",
        "floors": 6,
        "height_m": 19.200000000000003,
        "parcel_area_m2": 506.25,
        "footprint_m2": 180
      }
    },
    {
      "type": "Feature",
      "id": "PAR-E4-41",
      "geometry": {
        "type": "Polygon",
        "coordinates": [
          [
            [
              77.04969811230501,
              28.619937118217752
            ],
            [
              77.04969811230501,
              28.619734998203377
            ],
            [
              77.0499283656317,
              28.619734998203377
            ],
            [
              77.0499283656317,
              28.619937118217752
            ],
            [
              77.04969811230501,
              28.619937118217752
            ]
          ]
        ]
      },
      "properties": {
        "synthetic": true,
        "ulpin_demo": "11007510000516",
        "building_id": "BLD-0516",
        "parcel_id": "PAR-E4-41",
        "owner_fictional": "Ishaan Verma",
        "floors": 6,
        "height_m": 19.200000000000003,
        "parcel_area_m2": 506.25,
        "footprint_m2": 252
      }
    },
    {
      "type": "Feature",
      "id": "PAR-E4-12",
      "geometry": {
        "type": "Polygon",
        "coordinates": [
          [
            [
              77.04900735232496,
              28.619734998203377
            ],
            [
              77.04900735232496,
              28.619532878189005
            ],
            [
              77.04923760565164,
              28.619532878189005
            ],
            [
              77.04923760565164,
              28.619734998203377
            ],
            [
              77.04900735232496,
              28.619734998203377
            ]
          ]
        ]
      },
      "properties": {
        "synthetic": true,
        "ulpin_demo": "11007510000517",
        "building_id": "BLD-0517",
        "parcel_id": "PAR-E4-12",
        "owner_fictional": "Sana Gill",
        "floors": 6,
        "height_m": 19.200000000000003,
        "parcel_area_m2": 506.25,
        "footprint_m2": 270
      }
    },
    {
      "type": "Feature",
      "id": "PAR-E4-22",
      "geometry": {
        "type": "Polygon",
        "coordinates": [
          [
            [
              77.04923760565164,
              28.619734998203377
            ],
            [
              77.04923760565164,
              28.619532878189005
            ],
            [
              77.04946785897833,
              28.619532878189005
            ],
            [
              77.04946785897833,
              28.619734998203377
            ],
            [
              77.04923760565164,
              28.619734998203377
            ]
          ]
        ]
      },
      "properties": {
        "synthetic": true,
        "ulpin_demo": "11007510000518",
        "building_id": "BLD-0518",
        "parcel_id": "PAR-E4-22",
        "owner_fictional": "Dev Ahuja",
        "floors": 3,
        "height_m": 9.600000000000001,
        "parcel_area_m2": 506.25,
        "footprint_m2": 225
      }
    },
    {
      "type": "Feature",
      "id": "PAR-E4-32",
      "geometry": {
        "type": "Polygon",
        "coordinates": [
          [
            [
              77.04946785897833,
              28.619734998203377
            ],
            [
              77.04946785897833,
              28.619532878189005
            ],
            [
              77.04969811230501,
              28.619532878189005
            ],
            [
              77.04969811230501,
              28.619734998203377
            ],
            [
              77.04946785897833,
              28.619734998203377
            ]
          ]
        ]
      },
      "properties": {
        "synthetic": true,
        "ulpin_demo": "11007510000519",
        "building_id": "BLD-0519",
        "parcel_id": "PAR-E4-32",
        "owner_fictional": "Dev Ahuja",
        "floors": 5,
        "height_m": 16,
        "parcel_area_m2": 506.25,
        "footprint_m2": 192
      }
    },
    {
      "type": "Feature",
      "id": "PAR-E4-42",
      "geometry": {
        "type": "Polygon",
        "coordinates": [
          [
            [
              77.04969811230501,
              28.619734998203377
            ],
            [
              77.04969811230501,
              28.619532878189005
            ],
            [
              77.0499283656317,
              28.619532878189005
            ],
            [
              77.0499283656317,
              28.619734998203377
            ],
            [
              77.04969811230501,
              28.619734998203377
            ]
          ]
        ]
      },
      "properties": {
        "synthetic": true,
        "ulpin_demo": "11007510000520",
        "building_id": "BLD-0520",
        "parcel_id": "PAR-E4-42",
        "owner_fictional": "Arjun Sinha",
        "floors": 4,
        "height_m": 12.8,
        "parcel_area_m2": 506.25,
        "footprint_m2": 221
      }
    },
    {
      "type": "Feature",
      "id": "PAR-E4-13",
      "geometry": {
        "type": "Polygon",
        "coordinates": [
          [
            [
              77.04900735232496,
              28.619532878189005
            ],
            [
              77.04900735232496,
              28.619330758174634
            ],
            [
              77.04923760565164,
              28.619330758174634
            ],
            [
              77.04923760565164,
              28.619532878189005
            ],
            [
              77.04900735232496,
              28.619532878189005
            ]
          ]
        ]
      },
      "properties": {
        "synthetic": true,
        "ulpin_demo": "11007510000521",
        "building_id": "BLD-0521",
        "parcel_id": "PAR-E4-13",
        "owner_fictional": "Dev Ahuja",
        "floors": 3,
        "height_m": 9.600000000000001,
        "parcel_area_m2": 506.25,
        "footprint_m2": 240
      }
    },
    {
      "type": "Feature",
      "id": "PAR-E4-23",
      "geometry": {
        "type": "Polygon",
        "coordinates": [
          [
            [
              77.04923760565164,
              28.619532878189005
            ],
            [
              77.04923760565164,
              28.619330758174634
            ],
            [
              77.04946785897833,
              28.619330758174634
            ],
            [
              77.04946785897833,
              28.619532878189005
            ],
            [
              77.04923760565164,
              28.619532878189005
            ]
          ]
        ]
      },
      "properties": {
        "synthetic": true,
        "ulpin_demo": "11007510000522",
        "building_id": "BLD-0522",
        "parcel_id": "PAR-E4-23",
        "owner_fictional": "Diya Malhotra",
        "floors": 4,
        "height_m": 12.8,
        "parcel_area_m2": 506.25,
        "footprint_m2": 270
      }
    },
    {
      "type": "Feature",
      "id": "PAR-E4-33",
      "geometry": {
        "type": "Polygon",
        "coordinates": [
          [
            [
              77.04946785897833,
              28.619532878189005
            ],
            [
              77.04946785897833,
              28.619330758174634
            ],
            [
              77.04969811230501,
              28.619330758174634
            ],
            [
              77.04969811230501,
              28.619532878189005
            ],
            [
              77.04946785897833,
              28.619532878189005
            ]
          ]
        ]
      },
      "properties": {
        "synthetic": true,
        "ulpin_demo": "11007510000523",
        "building_id": "BLD-0523",
        "parcel_id": "PAR-E4-33",
        "owner_fictional": "Dev Ahuja",
        "floors": 3,
        "height_m": 9.600000000000001,
        "parcel_area_m2": 506.25,
        "footprint_m2": 238
      }
    },
    {
      "type": "Feature",
      "id": "PAR-E4-43",
      "geometry": {
        "type": "Polygon",
        "coordinates": [
          [
            [
              77.04969811230501,
              28.619532878189005
            ],
            [
              77.04969811230501,
              28.619330758174634
            ],
            [
              77.0499283656317,
              28.619330758174634
            ],
            [
              77.0499283656317,
              28.619532878189005
            ],
            [
              77.04969811230501,
              28.619532878189005
            ]
          ]
        ]
      },
      "properties": {
        "synthetic": true,
        "ulpin_demo": "11007510000524",
        "building_id": "BLD-0524",
        "parcel_id": "PAR-E4-43",
        "owner_fictional": "Rohan Batra",
        "floors": 6,
        "height_m": 19.200000000000003,
        "parcel_area_m2": 506.25,
        "footprint_m2": 210
      }
    },
    {
      "type": "Feature",
      "id": "PAR-E4-14",
      "geometry": {
        "type": "Polygon",
        "coordinates": [
          [
            [
              77.04900735232496,
              28.619330758174634
            ],
            [
              77.04900735232496,
              28.61912863816026
            ],
            [
              77.04923760565164,
              28.61912863816026
            ],
            [
              77.04923760565164,
              28.619330758174634
            ],
            [
              77.04900735232496,
              28.619330758174634
            ]
          ]
        ]
      },
      "properties": {
        "synthetic": true,
        "ulpin_demo": "11007510000525",
        "building_id": "BLD-0525",
        "parcel_id": "PAR-E4-14",
        "owner_fictional": "Kavya Sethi",
        "floors": 5,
        "height_m": 16,
        "parcel_area_m2": 506.25,
        "footprint_m2": 224
      }
    },
    {
      "type": "Feature",
      "id": "PAR-E4-24",
      "geometry": {
        "type": "Polygon",
        "coordinates": [
          [
            [
              77.04923760565164,
              28.619330758174634
            ],
            [
              77.04923760565164,
              28.61912863816026
            ],
            [
              77.04946785897833,
              28.61912863816026
            ],
            [
              77.04946785897833,
              28.619330758174634
            ],
            [
              77.04923760565164,
              28.619330758174634
            ]
          ]
        ]
      },
      "properties": {
        "synthetic": true,
        "ulpin_demo": "11007510000526",
        "building_id": "BLD-0526",
        "parcel_id": "PAR-E4-24",
        "owner_fictional": "Ananya Rao",
        "floors": 5,
        "height_m": 16,
        "parcel_area_m2": 506.25,
        "footprint_m2": 272
      }
    },
    {
      "type": "Feature",
      "id": "PAR-E4-34",
      "geometry": {
        "type": "Polygon",
        "coordinates": [
          [
            [
              77.04946785897833,
              28.619330758174634
            ],
            [
              77.04946785897833,
              28.61912863816026
            ],
            [
              77.04969811230501,
              28.61912863816026
            ],
            [
              77.04969811230501,
              28.619330758174634
            ],
            [
              77.04946785897833,
              28.619330758174634
            ]
          ]
        ]
      },
      "properties": {
        "synthetic": true,
        "ulpin_demo": "11007510000527",
        "building_id": "BLD-0527",
        "parcel_id": "PAR-E4-34",
        "owner_fictional": "Vihaan Joshi",
        "floors": 3,
        "height_m": 9.600000000000001,
        "parcel_area_m2": 506.25,
        "footprint_m2": 224
      }
    },
    {
      "type": "Feature",
      "id": "PAR-E4-44",
      "geometry": {
        "type": "Polygon",
        "coordinates": [
          [
            [
              77.04969811230501,
              28.619330758174634
            ],
            [
              77.04969811230501,
              28.61912863816026
            ],
            [
              77.0499283656317,
              28.61912863816026
            ],
            [
              77.0499283656317,
              28.619330758174634
            ],
            [
              77.04969811230501,
              28.619330758174634
            ]
          ]
        ]
      },
      "properties": {
        "synthetic": true,
        "ulpin_demo": "11007510000528",
        "building_id": "BLD-0528",
        "parcel_id": "PAR-E4-44",
        "owner_fictional": "Kavya Sethi",
        "floors": 6,
        "height_m": 19.200000000000003,
        "parcel_area_m2": 506.25,
        "footprint_m2": 169
      }
    },
    {
      "type": "Feature",
      "id": "PAR-E5-11",
      "geometry": {
        "type": "Polygon",
        "coordinates": [
          [
            [
              77.0500716343683,
              28.619937118217752
            ],
            [
              77.0500716343683,
              28.619734998203377
            ],
            [
              77.05030188769499,
              28.619734998203377
            ],
            [
              77.05030188769499,
              28.619937118217752
            ],
            [
              77.0500716343683,
              28.619937118217752
            ]
          ]
        ]
      },
      "properties": {
        "synthetic": true,
        "ulpin_demo": "11007510000529",
        "building_id": "BLD-0529",
        "parcel_id": "PAR-E5-11",
        "owner_fictional": "Aarav Mehta",
        "floors": 6,
        "height_m": 19.200000000000003,
        "parcel_area_m2": 506.25,
        "footprint_m2": 225
      }
    },
    {
      "type": "Feature",
      "id": "PAR-E5-21",
      "geometry": {
        "type": "Polygon",
        "coordinates": [
          [
            [
              77.05030188769499,
              28.619937118217752
            ],
            [
              77.05030188769499,
              28.619734998203377
            ],
            [
              77.05053214102166,
              28.619734998203377
            ],
            [
              77.05053214102166,
              28.619937118217752
            ],
            [
              77.05030188769499,
              28.619937118217752
            ]
          ]
        ]
      },
      "properties": {
        "synthetic": true,
        "ulpin_demo": "11007510000530",
        "building_id": "BLD-0530",
        "parcel_id": "PAR-E5-21",
        "owner_fictional": "Ishaan Verma",
        "floors": 6,
        "height_m": 19.200000000000003,
        "parcel_area_m2": 506.25,
        "footprint_m2": 156
      }
    },
    {
      "type": "Feature",
      "id": "PAR-E5-31",
      "geometry": {
        "type": "Polygon",
        "coordinates": [
          [
            [
              77.05053214102166,
              28.619937118217752
            ],
            [
              77.05053214102166,
              28.619734998203377
            ],
            [
              77.05076239434835,
              28.619734998203377
            ],
            [
              77.05076239434835,
              28.619937118217752
            ],
            [
              77.05053214102166,
              28.619937118217752
            ]
          ]
        ]
      },
      "properties": {
        "synthetic": true,
        "ulpin_demo": "11007510000531",
        "building_id": "BLD-0531",
        "parcel_id": "PAR-E5-31",
        "owner_fictional": "Rohan Batra",
        "floors": 3,
        "height_m": 9.600000000000001,
        "parcel_area_m2": 506.25,
        "footprint_m2": 204
      }
    },
    {
      "type": "Feature",
      "id": "PAR-E5-41",
      "geometry": {
        "type": "Polygon",
        "coordinates": [
          [
            [
              77.05076239434835,
              28.619937118217752
            ],
            [
              77.05076239434835,
              28.619734998203377
            ],
            [
              77.05099264767503,
              28.619734998203377
            ],
            [
              77.05099264767503,
              28.619937118217752
            ],
            [
              77.05076239434835,
              28.619937118217752
            ]
          ]
        ]
      },
      "properties": {
        "synthetic": true,
        "ulpin_demo": "11007510000532",
        "building_id": "BLD-0532",
        "parcel_id": "PAR-E5-41",
        "owner_fictional": "Arjun Sinha",
        "floors": 5,
        "height_m": 16,
        "parcel_area_m2": 506.25,
        "footprint_m2": 272
      }
    },
    {
      "type": "Feature",
      "id": "PAR-E5-12",
      "geometry": {
        "type": "Polygon",
        "coordinates": [
          [
            [
              77.0500716343683,
              28.619734998203377
            ],
            [
              77.0500716343683,
              28.619532878189005
            ],
            [
              77.05030188769499,
              28.619532878189005
            ],
            [
              77.05030188769499,
              28.619734998203377
            ],
            [
              77.0500716343683,
              28.619734998203377
            ]
          ]
        ]
      },
      "properties": {
        "synthetic": true,
        "ulpin_demo": "11007510000533",
        "building_id": "BLD-0533",
        "parcel_id": "PAR-E5-12",
        "owner_fictional": "Neel Kapoor",
        "floors": 4,
        "height_m": 12.8,
        "parcel_area_m2": 506.25,
        "footprint_m2": 240
      }
    },
    {
      "type": "Feature",
      "id": "PAR-E5-22",
      "geometry": {
        "type": "Polygon",
        "coordinates": [
          [
            [
              77.05030188769499,
              28.619734998203377
            ],
            [
              77.05030188769499,
              28.619532878189005
            ],
            [
              77.05053214102166,
              28.619532878189005
            ],
            [
              77.05053214102166,
              28.619734998203377
            ],
            [
              77.05030188769499,
              28.619734998203377
            ]
          ]
        ]
      },
      "properties": {
        "synthetic": true,
        "ulpin_demo": "11007510000534",
        "building_id": "BLD-0534",
        "parcel_id": "PAR-E5-22",
        "owner_fictional": "Ananya Rao",
        "floors": 4,
        "height_m": 12.8,
        "parcel_area_m2": 506.25,
        "footprint_m2": 255
      }
    },
    {
      "type": "Feature",
      "id": "PAR-E5-32",
      "geometry": {
        "type": "Polygon",
        "coordinates": [
          [
            [
              77.05053214102166,
              28.619734998203377
            ],
            [
              77.05053214102166,
              28.619532878189005
            ],
            [
              77.05076239434835,
              28.619532878189005
            ],
            [
              77.05076239434835,
              28.619734998203377
            ],
            [
              77.05053214102166,
              28.619734998203377
            ]
          ]
        ]
      },
      "properties": {
        "synthetic": true,
        "ulpin_demo": "11007510000535",
        "building_id": "BLD-0535",
        "parcel_id": "PAR-E5-32",
        "owner_fictional": "Aarav Mehta",
        "floors": 3,
        "height_m": 9.600000000000001,
        "parcel_area_m2": 506.25,
        "footprint_m2": 208
      }
    },
    {
      "type": "Feature",
      "id": "PAR-E5-42",
      "geometry": {
        "type": "Polygon",
        "coordinates": [
          [
            [
              77.05076239434835,
              28.619734998203377
            ],
            [
              77.05076239434835,
              28.619532878189005
            ],
            [
              77.05099264767503,
              28.619532878189005
            ],
            [
              77.05099264767503,
              28.619734998203377
            ],
            [
              77.05076239434835,
              28.619734998203377
            ]
          ]
        ]
      },
      "properties": {
        "synthetic": true,
        "ulpin_demo": "11007510000536",
        "building_id": "BLD-0536",
        "parcel_id": "PAR-E5-42",
        "owner_fictional": "Riya Saxena",
        "floors": 5,
        "height_m": 16,
        "parcel_area_m2": 506.25,
        "footprint_m2": 182
      }
    },
    {
      "type": "Feature",
      "id": "PAR-E5-13",
      "geometry": {
        "type": "Polygon",
        "coordinates": [
          [
            [
              77.0500716343683,
              28.619532878189005
            ],
            [
              77.0500716343683,
              28.619330758174634
            ],
            [
              77.05030188769499,
              28.619330758174634
            ],
            [
              77.05030188769499,
              28.619532878189005
            ],
            [
              77.0500716343683,
              28.619532878189005
            ]
          ]
        ]
      },
      "properties": {
        "synthetic": true,
        "ulpin_demo": "11007510000537",
        "building_id": "BLD-0537",
        "parcel_id": "PAR-E5-13",
        "owner_fictional": "Diya Malhotra",
        "floors": 4,
        "height_m": 12.8,
        "parcel_area_m2": 506.25,
        "footprint_m2": 210
      }
    },
    {
      "type": "Feature",
      "id": "PAR-E5-23",
      "geometry": {
        "type": "Polygon",
        "coordinates": [
          [
            [
              77.05030188769499,
              28.619532878189005
            ],
            [
              77.05030188769499,
              28.619330758174634
            ],
            [
              77.05053214102166,
              28.619330758174634
            ],
            [
              77.05053214102166,
              28.619532878189005
            ],
            [
              77.05030188769499,
              28.619532878189005
            ]
          ]
        ]
      },
      "properties": {
        "synthetic": true,
        "ulpin_demo": "11007510000538",
        "building_id": "BLD-0538",
        "parcel_id": "PAR-E5-23",
        "owner_fictional": "Sana Gill",
        "floors": 4,
        "height_m": 12.8,
        "parcel_area_m2": 506.25,
        "footprint_m2": 240
      }
    },
    {
      "type": "Feature",
      "id": "PAR-E5-33",
      "geometry": {
        "type": "Polygon",
        "coordinates": [
          [
            [
              77.05053214102166,
              28.619532878189005
            ],
            [
              77.05053214102166,
              28.619330758174634
            ],
            [
              77.05076239434835,
              28.619330758174634
            ],
            [
              77.05076239434835,
              28.619532878189005
            ],
            [
              77.05053214102166,
              28.619532878189005
            ]
          ]
        ]
      },
      "properties": {
        "synthetic": true,
        "ulpin_demo": "11007510000539",
        "building_id": "BLD-0539",
        "parcel_id": "PAR-E5-33",
        "owner_fictional": "Riya Saxena",
        "floors": 3,
        "height_m": 9.600000000000001,
        "parcel_area_m2": 506.25,
        "footprint_m2": 196
      }
    },
    {
      "type": "Feature",
      "id": "PAR-E5-43",
      "geometry": {
        "type": "Polygon",
        "coordinates": [
          [
            [
              77.05076239434835,
              28.619532878189005
            ],
            [
              77.05076239434835,
              28.619330758174634
            ],
            [
              77.05099264767503,
              28.619330758174634
            ],
            [
              77.05099264767503,
              28.619532878189005
            ],
            [
              77.05076239434835,
              28.619532878189005
            ]
          ]
        ]
      },
      "properties": {
        "synthetic": true,
        "ulpin_demo": "11007510000540",
        "building_id": "BLD-0540",
        "parcel_id": "PAR-E5-43",
        "owner_fictional": "Diya Malhotra",
        "floors": 5,
        "height_m": 16,
        "parcel_area_m2": 506.25,
        "footprint_m2": 225
      }
    },
    {
      "type": "Feature",
      "id": "PAR-E5-14",
      "geometry": {
        "type": "Polygon",
        "coordinates": [
          [
            [
              77.0500716343683,
              28.619330758174634
            ],
            [
              77.0500716343683,
              28.61912863816026
            ],
            [
              77.05030188769499,
              28.61912863816026
            ],
            [
              77.05030188769499,
              28.619330758174634
            ],
            [
              77.0500716343683,
              28.619330758174634
            ]
          ]
        ]
      },
      "properties": {
        "synthetic": true,
        "ulpin_demo": "11007510000541",
        "building_id": "BLD-0541",
        "parcel_id": "PAR-E5-14",
        "owner_fictional": "Tara Khanna",
        "floors": 4,
        "height_m": 12.8,
        "parcel_area_m2": 506.25,
        "footprint_m2": 225
      }
    },
    {
      "type": "Feature",
      "id": "PAR-E5-24",
      "geometry": {
        "type": "Polygon",
        "coordinates": [
          [
            [
              77.05030188769499,
              28.619330758174634
            ],
            [
              77.05030188769499,
              28.61912863816026
            ],
            [
              77.05053214102166,
              28.61912863816026
            ],
            [
              77.05053214102166,
              28.619330758174634
            ],
            [
              77.05030188769499,
              28.619330758174634
            ]
          ]
        ]
      },
      "properties": {
        "synthetic": true,
        "ulpin_demo": "11007510000542",
        "building_id": "BLD-0542",
        "parcel_id": "PAR-E5-24",
        "owner_fictional": "Neel Kapoor",
        "floors": 4,
        "height_m": 12.8,
        "parcel_area_m2": 506.25,
        "footprint_m2": 169
      }
    },
    {
      "type": "Feature",
      "id": "PAR-E5-34",
      "geometry": {
        "type": "Polygon",
        "coordinates": [
          [
            [
              77.05053214102166,
              28.619330758174634
            ],
            [
              77.05053214102166,
              28.61912863816026
            ],
            [
              77.05076239434835,
              28.61912863816026
            ],
            [
              77.05076239434835,
              28.619330758174634
            ],
            [
              77.05053214102166,
              28.619330758174634
            ]
          ]
        ]
      },
      "properties": {
        "synthetic": true,
        "ulpin_demo": "11007510000543",
        "building_id": "BLD-0543",
        "parcel_id": "PAR-E5-34",
        "owner_fictional": "Diya Malhotra",
        "floors": 6,
        "height_m": 19.200000000000003,
        "parcel_area_m2": 506.25,
        "footprint_m2": 156
      }
    },
    {
      "type": "Feature",
      "id": "PAR-E5-44",
      "geometry": {
        "type": "Polygon",
        "coordinates": [
          [
            [
              77.05076239434835,
              28.619330758174634
            ],
            [
              77.05076239434835,
              28.61912863816026
            ],
            [
              77.05099264767503,
              28.61912863816026
            ],
            [
              77.05099264767503,
              28.619330758174634
            ],
            [
              77.05076239434835,
              28.619330758174634
            ]
          ]
        ]
      },
      "properties": {
        "synthetic": true,
        "ulpin_demo": "11007510000544",
        "building_id": "BLD-0544",
        "parcel_id": "PAR-E5-44",
        "owner_fictional": "Aarav Mehta",
        "floors": 6,
        "height_m": 19.200000000000003,
        "parcel_area_m2": 506.25,
        "footprint_m2": 195
      }
    },
    {
      "type": "Feature",
      "id": "PAR-E6-11",
      "geometry": {
        "type": "Polygon",
        "coordinates": [
          [
            [
              77.05113591641164,
              28.619937118217752
            ],
            [
              77.05113591641164,
              28.619734998203377
            ],
            [
              77.05136616973832,
              28.619734998203377
            ],
            [
              77.05136616973832,
              28.619937118217752
            ],
            [
              77.05113591641164,
              28.619937118217752
            ]
          ]
        ]
      },
      "properties": {
        "synthetic": true,
        "ulpin_demo": "11007510000545",
        "building_id": "BLD-0545",
        "parcel_id": "PAR-E6-11",
        "owner_fictional": "Tara Khanna",
        "floors": 4,
        "height_m": 12.8,
        "parcel_area_m2": 506.25,
        "footprint_m2": 208
      }
    },
    {
      "type": "Feature",
      "id": "PAR-E6-21",
      "geometry": {
        "type": "Polygon",
        "coordinates": [
          [
            [
              77.05136616973832,
              28.619937118217752
            ],
            [
              77.05136616973832,
              28.619734998203377
            ],
            [
              77.051596423065,
              28.619734998203377
            ],
            [
              77.051596423065,
              28.619937118217752
            ],
            [
              77.05136616973832,
              28.619937118217752
            ]
          ]
        ]
      },
      "properties": {
        "synthetic": true,
        "ulpin_demo": "11007510000546",
        "building_id": "BLD-0546",
        "parcel_id": "PAR-E6-21",
        "owner_fictional": "Vihaan Joshi",
        "floors": 5,
        "height_m": 16,
        "parcel_area_m2": 506.25,
        "footprint_m2": 182
      }
    },
    {
      "type": "Feature",
      "id": "PAR-E6-31",
      "geometry": {
        "type": "Polygon",
        "coordinates": [
          [
            [
              77.051596423065,
              28.619937118217752
            ],
            [
              77.051596423065,
              28.619734998203377
            ],
            [
              77.05182667639168,
              28.619734998203377
            ],
            [
              77.05182667639168,
              28.619937118217752
            ],
            [
              77.051596423065,
              28.619937118217752
            ]
          ]
        ]
      },
      "properties": {
        "synthetic": true,
        "ulpin_demo": "11007510000547",
        "building_id": "BLD-0547",
        "parcel_id": "PAR-E6-31",
        "owner_fictional": "Ananya Rao",
        "floors": 5,
        "height_m": 16,
        "parcel_area_m2": 506.25,
        "footprint_m2": 169
      }
    },
    {
      "type": "Feature",
      "id": "PAR-E6-41",
      "geometry": {
        "type": "Polygon",
        "coordinates": [
          [
            [
              77.05182667639168,
              28.619937118217752
            ],
            [
              77.05182667639168,
              28.619734998203377
            ],
            [
              77.05205692971836,
              28.619734998203377
            ],
            [
              77.05205692971836,
              28.619937118217752
            ],
            [
              77.05182667639168,
              28.619937118217752
            ]
          ]
        ]
      },
      "properties": {
        "synthetic": true,
        "ulpin_demo": "11007510000548",
        "building_id": "BLD-0548",
        "parcel_id": "PAR-E6-41",
        "owner_fictional": "Kavya Sethi",
        "floors": 5,
        "height_m": 16,
        "parcel_area_m2": 506.25,
        "footprint_m2": 224
      }
    },
    {
      "type": "Feature",
      "id": "PAR-E6-12",
      "geometry": {
        "type": "Polygon",
        "coordinates": [
          [
            [
              77.05113591641164,
              28.619734998203377
            ],
            [
              77.05113591641164,
              28.619532878189005
            ],
            [
              77.05136616973832,
              28.619532878189005
            ],
            [
              77.05136616973832,
              28.619734998203377
            ],
            [
              77.05113591641164,
              28.619734998203377
            ]
          ]
        ]
      },
      "properties": {
        "synthetic": true,
        "ulpin_demo": "11007510000549",
        "building_id": "BLD-0549",
        "parcel_id": "PAR-E6-12",
        "owner_fictional": "Ishaan Verma",
        "floors": 5,
        "height_m": 16,
        "parcel_area_m2": 506.25,
        "footprint_m2": 270
      }
    },
    {
      "type": "Feature",
      "id": "PAR-E6-22",
      "geometry": {
        "type": "Polygon",
        "coordinates": [
          [
            [
              77.05136616973832,
              28.619734998203377
            ],
            [
              77.05136616973832,
              28.619532878189005
            ],
            [
              77.051596423065,
              28.619532878189005
            ],
            [
              77.051596423065,
              28.619734998203377
            ],
            [
              77.05136616973832,
              28.619734998203377
            ]
          ]
        ]
      },
      "properties": {
        "synthetic": true,
        "ulpin_demo": "11007510000550",
        "building_id": "BLD-0550",
        "parcel_id": "PAR-E6-22",
        "owner_fictional": "Diya Malhotra",
        "floors": 3,
        "height_m": 9.600000000000001,
        "parcel_area_m2": 506.25,
        "footprint_m2": 224
      }
    },
    {
      "type": "Feature",
      "id": "PAR-E6-32",
      "geometry": {
        "type": "Polygon",
        "coordinates": [
          [
            [
              77.051596423065,
              28.619734998203377
            ],
            [
              77.051596423065,
              28.619532878189005
            ],
            [
              77.05182667639168,
              28.619532878189005
            ],
            [
              77.05182667639168,
              28.619734998203377
            ],
            [
              77.051596423065,
              28.619734998203377
            ]
          ]
        ]
      },
      "properties": {
        "synthetic": true,
        "ulpin_demo": "11007510000551",
        "building_id": "BLD-0551",
        "parcel_id": "PAR-E6-32",
        "owner_fictional": "Vihaan Joshi",
        "floors": 4,
        "height_m": 12.8,
        "parcel_area_m2": 506.25,
        "footprint_m2": 210
      }
    },
    {
      "type": "Feature",
      "id": "PAR-E6-42",
      "geometry": {
        "type": "Polygon",
        "coordinates": [
          [
            [
              77.05182667639168,
              28.619734998203377
            ],
            [
              77.05182667639168,
              28.619532878189005
            ],
            [
              77.05205692971836,
              28.619532878189005
            ],
            [
              77.05205692971836,
              28.619734998203377
            ],
            [
              77.05182667639168,
              28.619734998203377
            ]
          ]
        ]
      },
      "properties": {
        "synthetic": true,
        "ulpin_demo": "11007510000552",
        "building_id": "BLD-0552",
        "parcel_id": "PAR-E6-42",
        "owner_fictional": "Nisha Anand",
        "floors": 3,
        "height_m": 9.600000000000001,
        "parcel_area_m2": 506.25,
        "footprint_m2": 238
      }
    },
    {
      "type": "Feature",
      "id": "PAR-E6-13",
      "geometry": {
        "type": "Polygon",
        "coordinates": [
          [
            [
              77.05113591641164,
              28.619532878189005
            ],
            [
              77.05113591641164,
              28.619330758174634
            ],
            [
              77.05136616973832,
              28.619330758174634
            ],
            [
              77.05136616973832,
              28.619532878189005
            ],
            [
              77.05113591641164,
              28.619532878189005
            ]
          ]
        ]
      },
      "properties": {
        "synthetic": true,
        "ulpin_demo": "11007510000553",
        "building_id": "BLD-0553",
        "parcel_id": "PAR-E6-13",
        "owner_fictional": "Neel Kapoor",
        "floors": 6,
        "height_m": 19.200000000000003,
        "parcel_area_m2": 506.25,
        "footprint_m2": 196
      }
    },
    {
      "type": "Feature",
      "id": "PAR-E6-23",
      "geometry": {
        "type": "Polygon",
        "coordinates": [
          [
            [
              77.05136616973832,
              28.619532878189005
            ],
            [
              77.05136616973832,
              28.619330758174634
            ],
            [
              77.051596423065,
              28.619330758174634
            ],
            [
              77.051596423065,
              28.619532878189005
            ],
            [
              77.05136616973832,
              28.619532878189005
            ]
          ]
        ]
      },
      "properties": {
        "synthetic": true,
        "ulpin_demo": "11007510000554",
        "building_id": "BLD-0554",
        "parcel_id": "PAR-E6-23",
        "owner_fictional": "Nisha Anand",
        "floors": 6,
        "height_m": 19.200000000000003,
        "parcel_area_m2": 506.25,
        "footprint_m2": 272
      }
    },
    {
      "type": "Feature",
      "id": "PAR-E6-33",
      "geometry": {
        "type": "Polygon",
        "coordinates": [
          [
            [
              77.051596423065,
              28.619532878189005
            ],
            [
              77.051596423065,
              28.619330758174634
            ],
            [
              77.05182667639168,
              28.619330758174634
            ],
            [
              77.05182667639168,
              28.619532878189005
            ],
            [
              77.051596423065,
              28.619532878189005
            ]
          ]
        ]
      },
      "properties": {
        "synthetic": true,
        "ulpin_demo": "11007510000555",
        "building_id": "BLD-0555",
        "parcel_id": "PAR-E6-33",
        "owner_fictional": "Sana Gill",
        "floors": 6,
        "height_m": 19.200000000000003,
        "parcel_area_m2": 506.25,
        "footprint_m2": 225
      }
    },
    {
      "type": "Feature",
      "id": "PAR-E6-43",
      "geometry": {
        "type": "Polygon",
        "coordinates": [
          [
            [
              77.05182667639168,
              28.619532878189005
            ],
            [
              77.05182667639168,
              28.619330758174634
            ],
            [
              77.05205692971836,
              28.619330758174634
            ],
            [
              77.05205692971836,
              28.619532878189005
            ],
            [
              77.05182667639168,
              28.619532878189005
            ]
          ]
        ]
      },
      "properties": {
        "synthetic": true,
        "ulpin_demo": "11007510000556",
        "building_id": "BLD-0556",
        "parcel_id": "PAR-E6-43",
        "owner_fictional": "Ananya Rao",
        "floors": 6,
        "height_m": 19.200000000000003,
        "parcel_area_m2": 506.25,
        "footprint_m2": 224
      }
    },
    {
      "type": "Feature",
      "id": "PAR-E6-14",
      "geometry": {
        "type": "Polygon",
        "coordinates": [
          [
            [
              77.05113591641164,
              28.619330758174634
            ],
            [
              77.05113591641164,
              28.61912863816026
            ],
            [
              77.05136616973832,
              28.61912863816026
            ],
            [
              77.05136616973832,
              28.619330758174634
            ],
            [
              77.05113591641164,
              28.619330758174634
            ]
          ]
        ]
      },
      "properties": {
        "synthetic": true,
        "ulpin_demo": "11007510000557",
        "building_id": "BLD-0557",
        "parcel_id": "PAR-E6-14",
        "owner_fictional": "Vihaan Joshi",
        "floors": 6,
        "height_m": 19.200000000000003,
        "parcel_area_m2": 506.25,
        "footprint_m2": 225
      }
    },
    {
      "type": "Feature",
      "id": "PAR-E6-24",
      "geometry": {
        "type": "Polygon",
        "coordinates": [
          [
            [
              77.05136616973832,
              28.619330758174634
            ],
            [
              77.05136616973832,
              28.61912863816026
            ],
            [
              77.051596423065,
              28.61912863816026
            ],
            [
              77.051596423065,
              28.619330758174634
            ],
            [
              77.05136616973832,
              28.619330758174634
            ]
          ]
        ]
      },
      "properties": {
        "synthetic": true,
        "ulpin_demo": "11007510000558",
        "building_id": "BLD-0558",
        "parcel_id": "PAR-E6-24",
        "owner_fictional": "Sana Gill",
        "floors": 5,
        "height_m": 16,
        "parcel_area_m2": 506.25,
        "footprint_m2": 238
      }
    },
    {
      "type": "Feature",
      "id": "PAR-E6-34",
      "geometry": {
        "type": "Polygon",
        "coordinates": [
          [
            [
              77.051596423065,
              28.619330758174634
            ],
            [
              77.051596423065,
              28.61912863816026
            ],
            [
              77.05182667639168,
              28.61912863816026
            ],
            [
              77.05182667639168,
              28.619330758174634
            ],
            [
              77.051596423065,
              28.619330758174634
            ]
          ]
        ]
      },
      "properties": {
        "synthetic": true,
        "ulpin_demo": "11007510000559",
        "building_id": "BLD-0559",
        "parcel_id": "PAR-E6-34",
        "owner_fictional": "Ananya Rao",
        "floors": 5,
        "height_m": 16,
        "parcel_area_m2": 506.25,
        "footprint_m2": 204
      }
    },
    {
      "type": "Feature",
      "id": "PAR-E6-44",
      "geometry": {
        "type": "Polygon",
        "coordinates": [
          [
            [
              77.05182667639168,
              28.619330758174634
            ],
            [
              77.05182667639168,
              28.61912863816026
            ],
            [
              77.05205692971836,
              28.61912863816026
            ],
            [
              77.05205692971836,
              28.619330758174634
            ],
            [
              77.05182667639168,
              28.619330758174634
            ]
          ]
        ]
      },
      "properties": {
        "synthetic": true,
        "ulpin_demo": "11007510000560",
        "building_id": "BLD-0560",
        "parcel_id": "PAR-E6-44",
        "owner_fictional": "Dev Ahuja",
        "floors": 3,
        "height_m": 9.600000000000001,
        "parcel_area_m2": 506.25,
        "footprint_m2": 272
      }
    },
    {
      "type": "Feature",
      "id": "PAR-E7-11",
      "geometry": {
        "type": "Polygon",
        "coordinates": [
          [
            [
              77.05220019845497,
              28.619937118217752
            ],
            [
              77.05220019845497,
              28.619734998203377
            ],
            [
              77.05243045178166,
              28.619734998203377
            ],
            [
              77.05243045178166,
              28.619937118217752
            ],
            [
              77.05220019845497,
              28.619937118217752
            ]
          ]
        ]
      },
      "properties": {
        "synthetic": true,
        "ulpin_demo": "11007510000561",
        "building_id": "BLD-0561",
        "parcel_id": "PAR-E7-11",
        "owner_fictional": "Kavya Sethi",
        "floors": 6,
        "height_m": 19.200000000000003,
        "parcel_area_m2": 506.25,
        "footprint_m2": 224
      }
    },
    {
      "type": "Feature",
      "id": "PAR-E7-21",
      "geometry": {
        "type": "Polygon",
        "coordinates": [
          [
            [
              77.05243045178166,
              28.619937118217752
            ],
            [
              77.05243045178166,
              28.619734998203377
            ],
            [
              77.05266070510834,
              28.619734998203377
            ],
            [
              77.05266070510834,
              28.619937118217752
            ],
            [
              77.05243045178166,
              28.619937118217752
            ]
          ]
        ]
      },
      "properties": {
        "synthetic": true,
        "ulpin_demo": "11007510000562",
        "building_id": "BLD-0562",
        "parcel_id": "PAR-E7-21",
        "owner_fictional": "Dev Ahuja",
        "floors": 3,
        "height_m": 9.600000000000001,
        "parcel_area_m2": 506.25,
        "footprint_m2": 168
      }
    },
    {
      "type": "Feature",
      "id": "PAR-E7-31",
      "geometry": {
        "type": "Polygon",
        "coordinates": [
          [
            [
              77.05266070510834,
              28.619937118217752
            ],
            [
              77.05266070510834,
              28.619734998203377
            ],
            [
              77.05289095843501,
              28.619734998203377
            ],
            [
              77.05289095843501,
              28.619937118217752
            ],
            [
              77.05266070510834,
              28.619937118217752
            ]
          ]
        ]
      },
      "properties": {
        "synthetic": true,
        "ulpin_demo": "11007510000563",
        "building_id": "BLD-0563",
        "parcel_id": "PAR-E7-31",
        "owner_fictional": "Tara Khanna",
        "floors": 6,
        "height_m": 19.200000000000003,
        "parcel_area_m2": 506.25,
        "footprint_m2": 252
      }
    },
    {
      "type": "Feature",
      "id": "PAR-E7-41",
      "geometry": {
        "type": "Polygon",
        "coordinates": [
          [
            [
              77.05289095843501,
              28.619937118217752
            ],
            [
              77.05289095843501,
              28.619734998203377
            ],
            [
              77.0531212117617,
              28.619734998203377
            ],
            [
              77.0531212117617,
              28.619937118217752
            ],
            [
              77.05289095843501,
              28.619937118217752
            ]
          ]
        ]
      },
      "properties": {
        "synthetic": true,
        "ulpin_demo": "11007510000564",
        "building_id": "BLD-0564",
        "parcel_id": "PAR-E7-41",
        "owner_fictional": "Aarav Mehta",
        "floors": 4,
        "height_m": 12.8,
        "parcel_area_m2": 506.25,
        "footprint_m2": 225
      }
    },
    {
      "type": "Feature",
      "id": "PAR-E7-12",
      "geometry": {
        "type": "Polygon",
        "coordinates": [
          [
            [
              77.05220019845497,
              28.619734998203377
            ],
            [
              77.05220019845497,
              28.619532878189005
            ],
            [
              77.05243045178166,
              28.619532878189005
            ],
            [
              77.05243045178166,
              28.619734998203377
            ],
            [
              77.05220019845497,
              28.619734998203377
            ]
          ]
        ]
      },
      "properties": {
        "synthetic": true,
        "ulpin_demo": "11007510000565",
        "building_id": "BLD-0565",
        "parcel_id": "PAR-E7-12",
        "owner_fictional": "Rohan Batra",
        "floors": 6,
        "height_m": 19.200000000000003,
        "parcel_area_m2": 506.25,
        "footprint_m2": 168
      }
    },
    {
      "type": "Feature",
      "id": "PAR-E7-22",
      "geometry": {
        "type": "Polygon",
        "coordinates": [
          [
            [
              77.05243045178166,
              28.619734998203377
            ],
            [
              77.05243045178166,
              28.619532878189005
            ],
            [
              77.05266070510834,
              28.619532878189005
            ],
            [
              77.05266070510834,
              28.619734998203377
            ],
            [
              77.05243045178166,
              28.619734998203377
            ]
          ]
        ]
      },
      "properties": {
        "synthetic": true,
        "ulpin_demo": "11007510000566",
        "building_id": "BLD-0566",
        "parcel_id": "PAR-E7-22",
        "owner_fictional": "Aarav Mehta",
        "floors": 4,
        "height_m": 12.8,
        "parcel_area_m2": 506.25,
        "footprint_m2": 288
      }
    },
    {
      "type": "Feature",
      "id": "PAR-E7-32",
      "geometry": {
        "type": "Polygon",
        "coordinates": [
          [
            [
              77.05266070510834,
              28.619734998203377
            ],
            [
              77.05266070510834,
              28.619532878189005
            ],
            [
              77.05289095843501,
              28.619532878189005
            ],
            [
              77.05289095843501,
              28.619734998203377
            ],
            [
              77.05266070510834,
              28.619734998203377
            ]
          ]
        ]
      },
      "properties": {
        "synthetic": true,
        "ulpin_demo": "11007510000567",
        "building_id": "BLD-0567",
        "parcel_id": "PAR-E7-32",
        "owner_fictional": "Arjun Sinha",
        "floors": 3,
        "height_m": 9.600000000000001,
        "parcel_area_m2": 506.25,
        "footprint_m2": 210
      }
    },
    {
      "type": "Feature",
      "id": "PAR-E7-42",
      "geometry": {
        "type": "Polygon",
        "coordinates": [
          [
            [
              77.05289095843501,
              28.619734998203377
            ],
            [
              77.05289095843501,
              28.619532878189005
            ],
            [
              77.0531212117617,
              28.619532878189005
            ],
            [
              77.0531212117617,
              28.619734998203377
            ],
            [
              77.05289095843501,
              28.619734998203377
            ]
          ]
        ]
      },
      "properties": {
        "synthetic": true,
        "ulpin_demo": "11007510000568",
        "building_id": "BLD-0568",
        "parcel_id": "PAR-E7-42",
        "owner_fictional": "Aarav Mehta",
        "floors": 6,
        "height_m": 19.200000000000003,
        "parcel_area_m2": 506.25,
        "footprint_m2": 255
      }
    },
    {
      "type": "Feature",
      "id": "PAR-E7-13",
      "geometry": {
        "type": "Polygon",
        "coordinates": [
          [
            [
              77.05220019845497,
              28.619532878189005
            ],
            [
              77.05220019845497,
              28.619330758174634
            ],
            [
              77.05243045178166,
              28.619330758174634
            ],
            [
              77.05243045178166,
              28.619532878189005
            ],
            [
              77.05220019845497,
              28.619532878189005
            ]
          ]
        ]
      },
      "properties": {
        "synthetic": true,
        "ulpin_demo": "11007510000569",
        "building_id": "BLD-0569",
        "parcel_id": "PAR-E7-13",
        "owner_fictional": "Aarav Mehta",
        "floors": 5,
        "height_m": 16,
        "parcel_area_m2": 506.25,
        "footprint_m2": 234
      }
    },
    {
      "type": "Feature",
      "id": "PAR-E7-23",
      "geometry": {
        "type": "Polygon",
        "coordinates": [
          [
            [
              77.05243045178166,
              28.619532878189005
            ],
            [
              77.05243045178166,
              28.619330758174634
            ],
            [
              77.05266070510834,
              28.619330758174634
            ],
            [
              77.05266070510834,
              28.619532878189005
            ],
            [
              77.05243045178166,
              28.619532878189005
            ]
          ]
        ]
      },
      "properties": {
        "synthetic": true,
        "ulpin_demo": "11007510000570",
        "building_id": "BLD-0570",
        "parcel_id": "PAR-E7-23",
        "owner_fictional": "Rohan Batra",
        "floors": 3,
        "height_m": 9.600000000000001,
        "parcel_area_m2": 506.25,
        "footprint_m2": 210
      }
    },
    {
      "type": "Feature",
      "id": "PAR-E7-33",
      "geometry": {
        "type": "Polygon",
        "coordinates": [
          [
            [
              77.05266070510834,
              28.619532878189005
            ],
            [
              77.05266070510834,
              28.619330758174634
            ],
            [
              77.05289095843501,
              28.619330758174634
            ],
            [
              77.05289095843501,
              28.619532878189005
            ],
            [
              77.05266070510834,
              28.619532878189005
            ]
          ]
        ]
      },
      "properties": {
        "synthetic": true,
        "ulpin_demo": "11007510000571",
        "building_id": "BLD-0571",
        "parcel_id": "PAR-E7-33",
        "owner_fictional": "Vihaan Joshi",
        "floors": 3,
        "height_m": 9.600000000000001,
        "parcel_area_m2": 506.25,
        "footprint_m2": 252
      }
    },
    {
      "type": "Feature",
      "id": "PAR-E7-43",
      "geometry": {
        "type": "Polygon",
        "coordinates": [
          [
            [
              77.05289095843501,
              28.619532878189005
            ],
            [
              77.05289095843501,
              28.619330758174634
            ],
            [
              77.0531212117617,
              28.619330758174634
            ],
            [
              77.0531212117617,
              28.619532878189005
            ],
            [
              77.05289095843501,
              28.619532878189005
            ]
          ]
        ]
      },
      "properties": {
        "synthetic": true,
        "ulpin_demo": "11007510000572",
        "building_id": "BLD-0572",
        "parcel_id": "PAR-E7-43",
        "owner_fictional": "Tara Khanna",
        "floors": 3,
        "height_m": 9.600000000000001,
        "parcel_area_m2": 506.25,
        "footprint_m2": 272
      }
    },
    {
      "type": "Feature",
      "id": "PAR-E7-14",
      "geometry": {
        "type": "Polygon",
        "coordinates": [
          [
            [
              77.05220019845497,
              28.619330758174634
            ],
            [
              77.05220019845497,
              28.61912863816026
            ],
            [
              77.05243045178166,
              28.61912863816026
            ],
            [
              77.05243045178166,
              28.619330758174634
            ],
            [
              77.05220019845497,
              28.619330758174634
            ]
          ]
        ]
      },
      "properties": {
        "synthetic": true,
        "ulpin_demo": "11007510000573",
        "building_id": "BLD-0573",
        "parcel_id": "PAR-E7-14",
        "owner_fictional": "Ishaan Verma",
        "floors": 4,
        "height_m": 12.8,
        "parcel_area_m2": 506.25,
        "footprint_m2": 196
      }
    },
    {
      "type": "Feature",
      "id": "PAR-E7-24",
      "geometry": {
        "type": "Polygon",
        "coordinates": [
          [
            [
              77.05243045178166,
              28.619330758174634
            ],
            [
              77.05243045178166,
              28.61912863816026
            ],
            [
              77.05266070510834,
              28.61912863816026
            ],
            [
              77.05266070510834,
              28.619330758174634
            ],
            [
              77.05243045178166,
              28.619330758174634
            ]
          ]
        ]
      },
      "properties": {
        "synthetic": true,
        "ulpin_demo": "11007510000574",
        "building_id": "BLD-0574",
        "parcel_id": "PAR-E7-24",
        "owner_fictional": "Sana Gill",
        "floors": 4,
        "height_m": 12.8,
        "parcel_area_m2": 506.25,
        "footprint_m2": 192
      }
    },
    {
      "type": "Feature",
      "id": "PAR-E7-34",
      "geometry": {
        "type": "Polygon",
        "coordinates": [
          [
            [
              77.05266070510834,
              28.619330758174634
            ],
            [
              77.05266070510834,
              28.61912863816026
            ],
            [
              77.05289095843501,
              28.61912863816026
            ],
            [
              77.05289095843501,
              28.619330758174634
            ],
            [
              77.05266070510834,
              28.619330758174634
            ]
          ]
        ]
      },
      "properties": {
        "synthetic": true,
        "ulpin_demo": "11007510000575",
        "building_id": "BLD-0575",
        "parcel_id": "PAR-E7-34",
        "owner_fictional": "Tara Khanna",
        "floors": 4,
        "height_m": 12.8,
        "parcel_area_m2": 506.25,
        "footprint_m2": 168
      }
    },
    {
      "type": "Feature",
      "id": "PAR-E7-44",
      "geometry": {
        "type": "Polygon",
        "coordinates": [
          [
            [
              77.05289095843501,
              28.619330758174634
            ],
            [
              77.05289095843501,
              28.61912863816026
            ],
            [
              77.0531212117617,
              28.61912863816026
            ],
            [
              77.0531212117617,
              28.619330758174634
            ],
            [
              77.05289095843501,
              28.619330758174634
            ]
          ]
        ]
      },
      "properties": {
        "synthetic": true,
        "ulpin_demo": "11007510000576",
        "building_id": "BLD-0576",
        "parcel_id": "PAR-E7-44",
        "owner_fictional": "Dev Ahuja",
        "floors": 3,
        "height_m": 9.600000000000001,
        "parcel_area_m2": 506.25,
        "footprint_m2": 221
      }
    },
    {
      "type": "Feature",
      "id": "PAR-E8-11",
      "geometry": {
        "type": "Polygon",
        "coordinates": [
          [
            [
              77.0532644804983,
              28.619937118217752
            ],
            [
              77.0532644804983,
              28.619734998203377
            ],
            [
              77.05349473382499,
              28.619734998203377
            ],
            [
              77.05349473382499,
              28.619937118217752
            ],
            [
              77.0532644804983,
              28.619937118217752
            ]
          ]
        ]
      },
      "properties": {
        "synthetic": true,
        "ulpin_demo": "11007510000577",
        "building_id": "BLD-0577",
        "parcel_id": "PAR-E8-11",
        "owner_fictional": "Nisha Anand",
        "floors": 6,
        "height_m": 19.200000000000003,
        "parcel_area_m2": 506.25,
        "footprint_m2": 238
      }
    },
    {
      "type": "Feature",
      "id": "PAR-E8-21",
      "geometry": {
        "type": "Polygon",
        "coordinates": [
          [
            [
              77.05349473382499,
              28.619937118217752
            ],
            [
              77.05349473382499,
              28.619734998203377
            ],
            [
              77.05372498715167,
              28.619734998203377
            ],
            [
              77.05372498715167,
              28.619937118217752
            ],
            [
              77.05349473382499,
              28.619937118217752
            ]
          ]
        ]
      },
      "properties": {
        "synthetic": true,
        "ulpin_demo": "11007510000578",
        "building_id": "BLD-0578",
        "parcel_id": "PAR-E8-21",
        "owner_fictional": "Rohan Batra",
        "floors": 5,
        "height_m": 16,
        "parcel_area_m2": 506.25,
        "footprint_m2": 221
      }
    },
    {
      "type": "Feature",
      "id": "PAR-E8-31",
      "geometry": {
        "type": "Polygon",
        "coordinates": [
          [
            [
              77.05372498715167,
              28.619937118217752
            ],
            [
              77.05372498715167,
              28.619734998203377
            ],
            [
              77.05395524047836,
              28.619734998203377
            ],
            [
              77.05395524047836,
              28.619937118217752
            ],
            [
              77.05372498715167,
              28.619937118217752
            ]
          ]
        ]
      },
      "properties": {
        "synthetic": true,
        "ulpin_demo": "11007510000579",
        "building_id": "BLD-0579",
        "parcel_id": "PAR-E8-31",
        "owner_fictional": "Dev Ahuja",
        "floors": 3,
        "height_m": 9.600000000000001,
        "parcel_area_m2": 506.25,
        "footprint_m2": 169
      }
    },
    {
      "type": "Feature",
      "id": "PAR-E8-41",
      "geometry": {
        "type": "Polygon",
        "coordinates": [
          [
            [
              77.05395524047836,
              28.619937118217752
            ],
            [
              77.05395524047836,
              28.619734998203377
            ],
            [
              77.05418549380504,
              28.619734998203377
            ],
            [
              77.05418549380504,
              28.619937118217752
            ],
            [
              77.05395524047836,
              28.619937118217752
            ]
          ]
        ]
      },
      "properties": {
        "synthetic": true,
        "ulpin_demo": "11007510000580",
        "building_id": "BLD-0580",
        "parcel_id": "PAR-E8-41",
        "owner_fictional": "Dev Ahuja",
        "floors": 6,
        "height_m": 19.200000000000003,
        "parcel_area_m2": 506.25,
        "footprint_m2": 225
      }
    },
    {
      "type": "Feature",
      "id": "PAR-E8-12",
      "geometry": {
        "type": "Polygon",
        "coordinates": [
          [
            [
              77.0532644804983,
              28.619734998203377
            ],
            [
              77.0532644804983,
              28.619532878189005
            ],
            [
              77.05349473382499,
              28.619532878189005
            ],
            [
              77.05349473382499,
              28.619734998203377
            ],
            [
              77.0532644804983,
              28.619734998203377
            ]
          ]
        ]
      },
      "properties": {
        "synthetic": true,
        "ulpin_demo": "11007510000581",
        "building_id": "BLD-0581",
        "parcel_id": "PAR-E8-12",
        "owner_fictional": "Arjun Sinha",
        "floors": 3,
        "height_m": 9.600000000000001,
        "parcel_area_m2": 506.25,
        "footprint_m2": 306
      }
    },
    {
      "type": "Feature",
      "id": "PAR-E8-22",
      "geometry": {
        "type": "Polygon",
        "coordinates": [
          [
            [
              77.05349473382499,
              28.619734998203377
            ],
            [
              77.05349473382499,
              28.619532878189005
            ],
            [
              77.05372498715167,
              28.619532878189005
            ],
            [
              77.05372498715167,
              28.619734998203377
            ],
            [
              77.05349473382499,
              28.619734998203377
            ]
          ]
        ]
      },
      "properties": {
        "synthetic": true,
        "ulpin_demo": "11007510000582",
        "building_id": "BLD-0582",
        "parcel_id": "PAR-E8-22",
        "owner_fictional": "Kabir Nair",
        "floors": 5,
        "height_m": 16,
        "parcel_area_m2": 506.25,
        "footprint_m2": 156
      }
    },
    {
      "type": "Feature",
      "id": "PAR-E8-32",
      "geometry": {
        "type": "Polygon",
        "coordinates": [
          [
            [
              77.05372498715167,
              28.619734998203377
            ],
            [
              77.05372498715167,
              28.619532878189005
            ],
            [
              77.05395524047836,
              28.619532878189005
            ],
            [
              77.05395524047836,
              28.619734998203377
            ],
            [
              77.05372498715167,
              28.619734998203377
            ]
          ]
        ]
      },
      "properties": {
        "synthetic": true,
        "ulpin_demo": "11007510000583",
        "building_id": "BLD-0583",
        "parcel_id": "PAR-E8-32",
        "owner_fictional": "Neel Kapoor",
        "floors": 3,
        "height_m": 9.600000000000001,
        "parcel_area_m2": 506.25,
        "footprint_m2": 168
      }
    },
    {
      "type": "Feature",
      "id": "PAR-E8-42",
      "geometry": {
        "type": "Polygon",
        "coordinates": [
          [
            [
              77.05395524047836,
              28.619734998203377
            ],
            [
              77.05395524047836,
              28.619532878189005
            ],
            [
              77.05418549380504,
              28.619532878189005
            ],
            [
              77.05418549380504,
              28.619734998203377
            ],
            [
              77.05395524047836,
              28.619734998203377
            ]
          ]
        ]
      },
      "properties": {
        "synthetic": true,
        "ulpin_demo": "11007510000584",
        "building_id": "BLD-0584",
        "parcel_id": "PAR-E8-42",
        "owner_fictional": "Diya Malhotra",
        "floors": 4,
        "height_m": 12.8,
        "parcel_area_m2": 506.25,
        "footprint_m2": 256
      }
    },
    {
      "type": "Feature",
      "id": "PAR-E8-13",
      "geometry": {
        "type": "Polygon",
        "coordinates": [
          [
            [
              77.0532644804983,
              28.619532878189005
            ],
            [
              77.0532644804983,
              28.619330758174634
            ],
            [
              77.05349473382499,
              28.619330758174634
            ],
            [
              77.05349473382499,
              28.619532878189005
            ],
            [
              77.0532644804983,
              28.619532878189005
            ]
          ]
        ]
      },
      "properties": {
        "synthetic": true,
        "ulpin_demo": "11007510000585",
        "building_id": "BLD-0585",
        "parcel_id": "PAR-E8-13",
        "owner_fictional": "Riya Saxena",
        "floors": 4,
        "height_m": 12.8,
        "parcel_area_m2": 506.25,
        "footprint_m2": 224
      }
    },
    {
      "type": "Feature",
      "id": "PAR-E8-23",
      "geometry": {
        "type": "Polygon",
        "coordinates": [
          [
            [
              77.05349473382499,
              28.619532878189005
            ],
            [
              77.05349473382499,
              28.619330758174634
            ],
            [
              77.05372498715167,
              28.619330758174634
            ],
            [
              77.05372498715167,
              28.619532878189005
            ],
            [
              77.05349473382499,
              28.619532878189005
            ]
          ]
        ]
      },
      "properties": {
        "synthetic": true,
        "ulpin_demo": "11007510000586",
        "building_id": "BLD-0586",
        "parcel_id": "PAR-E8-23",
        "owner_fictional": "Diya Malhotra",
        "floors": 3,
        "height_m": 9.600000000000001,
        "parcel_area_m2": 506.25,
        "footprint_m2": 182
      }
    },
    {
      "type": "Feature",
      "id": "PAR-E8-33",
      "geometry": {
        "type": "Polygon",
        "coordinates": [
          [
            [
              77.05372498715167,
              28.619532878189005
            ],
            [
              77.05372498715167,
              28.619330758174634
            ],
            [
              77.05395524047836,
              28.619330758174634
            ],
            [
              77.05395524047836,
              28.619532878189005
            ],
            [
              77.05372498715167,
              28.619532878189005
            ]
          ]
        ]
      },
      "properties": {
        "synthetic": true,
        "ulpin_demo": "11007510000587",
        "building_id": "BLD-0587",
        "parcel_id": "PAR-E8-33",
        "owner_fictional": "Nisha Anand",
        "floors": 6,
        "height_m": 19.200000000000003,
        "parcel_area_m2": 506.25,
        "footprint_m2": 156
      }
    },
    {
      "type": "Feature",
      "id": "PAR-E8-43",
      "geometry": {
        "type": "Polygon",
        "coordinates": [
          [
            [
              77.05395524047836,
              28.619532878189005
            ],
            [
              77.05395524047836,
              28.619330758174634
            ],
            [
              77.05418549380504,
              28.619330758174634
            ],
            [
              77.05418549380504,
              28.619532878189005
            ],
            [
              77.05395524047836,
              28.619532878189005
            ]
          ]
        ]
      },
      "properties": {
        "synthetic": true,
        "ulpin_demo": "11007510000588",
        "building_id": "BLD-0588",
        "parcel_id": "PAR-E8-43",
        "owner_fictional": "Riya Saxena",
        "floors": 6,
        "height_m": 19.200000000000003,
        "parcel_area_m2": 506.25,
        "footprint_m2": 288
      }
    },
    {
      "type": "Feature",
      "id": "PAR-E8-14",
      "geometry": {
        "type": "Polygon",
        "coordinates": [
          [
            [
              77.0532644804983,
              28.619330758174634
            ],
            [
              77.0532644804983,
              28.61912863816026
            ],
            [
              77.05349473382499,
              28.61912863816026
            ],
            [
              77.05349473382499,
              28.619330758174634
            ],
            [
              77.0532644804983,
              28.619330758174634
            ]
          ]
        ]
      },
      "properties": {
        "synthetic": true,
        "ulpin_demo": "11007510000589",
        "building_id": "BLD-0589",
        "parcel_id": "PAR-E8-14",
        "owner_fictional": "Nisha Anand",
        "floors": 6,
        "height_m": 19.200000000000003,
        "parcel_area_m2": 506.25,
        "footprint_m2": 221
      }
    },
    {
      "type": "Feature",
      "id": "PAR-E8-24",
      "geometry": {
        "type": "Polygon",
        "coordinates": [
          [
            [
              77.05349473382499,
              28.619330758174634
            ],
            [
              77.05349473382499,
              28.61912863816026
            ],
            [
              77.05372498715167,
              28.61912863816026
            ],
            [
              77.05372498715167,
              28.619330758174634
            ],
            [
              77.05349473382499,
              28.619330758174634
            ]
          ]
        ]
      },
      "properties": {
        "synthetic": true,
        "ulpin_demo": "11007510000590",
        "building_id": "BLD-0590",
        "parcel_id": "PAR-E8-24",
        "owner_fictional": "Arjun Sinha",
        "floors": 4,
        "height_m": 12.8,
        "parcel_area_m2": 506.25,
        "footprint_m2": 240
      }
    },
    {
      "type": "Feature",
      "id": "PAR-E8-34",
      "geometry": {
        "type": "Polygon",
        "coordinates": [
          [
            [
              77.05372498715167,
              28.619330758174634
            ],
            [
              77.05372498715167,
              28.61912863816026
            ],
            [
              77.05395524047836,
              28.61912863816026
            ],
            [
              77.05395524047836,
              28.619330758174634
            ],
            [
              77.05372498715167,
              28.619330758174634
            ]
          ]
        ]
      },
      "properties": {
        "synthetic": true,
        "ulpin_demo": "11007510000591",
        "building_id": "BLD-0591",
        "parcel_id": "PAR-E8-34",
        "owner_fictional": "Arjun Sinha",
        "floors": 6,
        "height_m": 19.200000000000003,
        "parcel_area_m2": 506.25,
        "footprint_m2": 238
      }
    },
    {
      "type": "Feature",
      "id": "PAR-E8-44",
      "geometry": {
        "type": "Polygon",
        "coordinates": [
          [
            [
              77.05395524047836,
              28.619330758174634
            ],
            [
              77.05395524047836,
              28.61912863816026
            ],
            [
              77.05418549380504,
              28.61912863816026
            ],
            [
              77.05418549380504,
              28.619330758174634
            ],
            [
              77.05395524047836,
              28.619330758174634
            ]
          ]
        ]
      },
      "properties": {
        "synthetic": true,
        "ulpin_demo": "11007510000592",
        "building_id": "BLD-0592",
        "parcel_id": "PAR-E8-44",
        "owner_fictional": "Ananya Rao",
        "floors": 3,
        "height_m": 9.600000000000001,
        "parcel_area_m2": 506.25,
        "footprint_m2": 208
      }
    },
    {
      "type": "Feature",
      "id": "PAR-F1-11",
      "geometry": {
        "type": "Polygon",
        "coordinates": [
          [
            [
              77.04581450619496,
              28.61900287459576
            ],
            [
              77.04581450619496,
              28.61880075458139
            ],
            [
              77.04604475952164,
              28.61880075458139
            ],
            [
              77.04604475952164,
              28.61900287459576
            ],
            [
              77.04581450619496,
              28.61900287459576
            ]
          ]
        ]
      },
      "properties": {
        "synthetic": true,
        "ulpin_demo": "11007510000593",
        "building_id": "BLD-0593",
        "parcel_id": "PAR-F1-11",
        "owner_fictional": "Vihaan Joshi",
        "floors": 6,
        "height_m": 19.200000000000003,
        "parcel_area_m2": 506.25,
        "footprint_m2": 306
      }
    },
    {
      "type": "Feature",
      "id": "PAR-F1-21",
      "geometry": {
        "type": "Polygon",
        "coordinates": [
          [
            [
              77.04604475952164,
              28.61900287459576
            ],
            [
              77.04604475952164,
              28.61880075458139
            ],
            [
              77.04627501284833,
              28.61880075458139
            ],
            [
              77.04627501284833,
              28.61900287459576
            ],
            [
              77.04604475952164,
              28.61900287459576
            ]
          ]
        ]
      },
      "properties": {
        "synthetic": true,
        "ulpin_demo": "11007510000594",
        "building_id": "BLD-0594",
        "parcel_id": "PAR-F1-21",
        "owner_fictional": "Neel Kapoor",
        "floors": 5,
        "height_m": 16,
        "parcel_area_m2": 506.25,
        "footprint_m2": 192
      }
    },
    {
      "type": "Feature",
      "id": "PAR-F1-31",
      "geometry": {
        "type": "Polygon",
        "coordinates": [
          [
            [
              77.04627501284833,
              28.61900287459576
            ],
            [
              77.04627501284833,
              28.61880075458139
            ],
            [
              77.046505266175,
              28.61880075458139
            ],
            [
              77.046505266175,
              28.61900287459576
            ],
            [
              77.04627501284833,
              28.61900287459576
            ]
          ]
        ]
      },
      "properties": {
        "synthetic": true,
        "ulpin_demo": "11007510000595",
        "building_id": "BLD-0595",
        "parcel_id": "PAR-F1-31",
        "owner_fictional": "Ananya Rao",
        "floors": 3,
        "height_m": 9.600000000000001,
        "parcel_area_m2": 506.25,
        "footprint_m2": 240
      }
    },
    {
      "type": "Feature",
      "id": "PAR-F1-41",
      "geometry": {
        "type": "Polygon",
        "coordinates": [
          [
            [
              77.046505266175,
              28.61900287459576
            ],
            [
              77.046505266175,
              28.61880075458139
            ],
            [
              77.0467355195017,
              28.61880075458139
            ],
            [
              77.0467355195017,
              28.61900287459576
            ],
            [
              77.046505266175,
              28.61900287459576
            ]
          ]
        ]
      },
      "properties": {
        "synthetic": true,
        "ulpin_demo": "11007510000596",
        "building_id": "BLD-0596",
        "parcel_id": "PAR-F1-41",
        "owner_fictional": "Neel Kapoor",
        "floors": 4,
        "height_m": 12.8,
        "parcel_area_m2": 506.25,
        "footprint_m2": 210
      }
    },
    {
      "type": "Feature",
      "id": "PAR-F1-12",
      "geometry": {
        "type": "Polygon",
        "coordinates": [
          [
            [
              77.04581450619496,
              28.61880075458139
            ],
            [
              77.04581450619496,
              28.618598634567014
            ],
            [
              77.04604475952164,
              28.618598634567014
            ],
            [
              77.04604475952164,
              28.61880075458139
            ],
            [
              77.04581450619496,
              28.61880075458139
            ]
          ]
        ]
      },
      "properties": {
        "synthetic": true,
        "ulpin_demo": "11007510000597",
        "building_id": "BLD-0597",
        "parcel_id": "PAR-F1-12",
        "owner_fictional": "Ananya Rao",
        "floors": 4,
        "height_m": 12.8,
        "parcel_area_m2": 506.25,
        "footprint_m2": 169
      }
    },
    {
      "type": "Feature",
      "id": "PAR-F1-22",
      "geometry": {
        "type": "Polygon",
        "coordinates": [
          [
            [
              77.04604475952164,
              28.61880075458139
            ],
            [
              77.04604475952164,
              28.618598634567014
            ],
            [
              77.04627501284833,
              28.618598634567014
            ],
            [
              77.04627501284833,
              28.61880075458139
            ],
            [
              77.04604475952164,
              28.61880075458139
            ]
          ]
        ]
      },
      "properties": {
        "synthetic": true,
        "ulpin_demo": "11007510000598",
        "building_id": "BLD-0598",
        "parcel_id": "PAR-F1-22",
        "owner_fictional": "Arjun Sinha",
        "floors": 5,
        "height_m": 16,
        "parcel_area_m2": 506.25,
        "footprint_m2": 224
      }
    },
    {
      "type": "Feature",
      "id": "PAR-F1-32",
      "geometry": {
        "type": "Polygon",
        "coordinates": [
          [
            [
              77.04627501284833,
              28.61880075458139
            ],
            [
              77.04627501284833,
              28.618598634567014
            ],
            [
              77.046505266175,
              28.618598634567014
            ],
            [
              77.046505266175,
              28.61880075458139
            ],
            [
              77.04627501284833,
              28.61880075458139
            ]
          ]
        ]
      },
      "properties": {
        "synthetic": true,
        "ulpin_demo": "11007510000599",
        "building_id": "BLD-0599",
        "parcel_id": "PAR-F1-32",
        "owner_fictional": "Arjun Sinha",
        "floors": 6,
        "height_m": 19.200000000000003,
        "parcel_area_m2": 506.25,
        "footprint_m2": 208
      }
    },
    {
      "type": "Feature",
      "id": "PAR-F1-42",
      "geometry": {
        "type": "Polygon",
        "coordinates": [
          [
            [
              77.046505266175,
              28.61880075458139
            ],
            [
              77.046505266175,
              28.618598634567014
            ],
            [
              77.0467355195017,
              28.618598634567014
            ],
            [
              77.0467355195017,
              28.61880075458139
            ],
            [
              77.046505266175,
              28.61880075458139
            ]
          ]
        ]
      },
      "properties": {
        "synthetic": true,
        "ulpin_demo": "11007510000600",
        "building_id": "BLD-0600",
        "parcel_id": "PAR-F1-42",
        "owner_fictional": "Neel Kapoor",
        "floors": 5,
        "height_m": 16,
        "parcel_area_m2": 506.25,
        "footprint_m2": 195
      }
    },
    {
      "type": "Feature",
      "id": "PAR-F1-13",
      "geometry": {
        "type": "Polygon",
        "coordinates": [
          [
            [
              77.04581450619496,
              28.618598634567014
            ],
            [
              77.04581450619496,
              28.618396514552643
            ],
            [
              77.04604475952164,
              28.618396514552643
            ],
            [
              77.04604475952164,
              28.618598634567014
            ],
            [
              77.04581450619496,
              28.618598634567014
            ]
          ]
        ]
      },
      "properties": {
        "synthetic": true,
        "ulpin_demo": "11007510000601",
        "building_id": "BLD-0601",
        "parcel_id": "PAR-F1-13",
        "owner_fictional": "Nisha Anand",
        "floors": 6,
        "height_m": 19.200000000000003,
        "parcel_area_m2": 506.25,
        "footprint_m2": 240
      }
    },
    {
      "type": "Feature",
      "id": "PAR-F1-23",
      "geometry": {
        "type": "Polygon",
        "coordinates": [
          [
            [
              77.04604475952164,
              28.618598634567014
            ],
            [
              77.04604475952164,
              28.618396514552643
            ],
            [
              77.04627501284833,
              28.618396514552643
            ],
            [
              77.04627501284833,
              28.618598634567014
            ],
            [
              77.04604475952164,
              28.618598634567014
            ]
          ]
        ]
      },
      "properties": {
        "synthetic": true,
        "ulpin_demo": "11007510000602",
        "building_id": "BLD-0602",
        "parcel_id": "PAR-F1-23",
        "owner_fictional": "Kabir Nair",
        "floors": 6,
        "height_m": 19.200000000000003,
        "parcel_area_m2": 506.25,
        "footprint_m2": 240
      }
    },
    {
      "type": "Feature",
      "id": "PAR-F1-33",
      "geometry": {
        "type": "Polygon",
        "coordinates": [
          [
            [
              77.04627501284833,
              28.618598634567014
            ],
            [
              77.04627501284833,
              28.618396514552643
            ],
            [
              77.046505266175,
              28.618396514552643
            ],
            [
              77.046505266175,
              28.618598634567014
            ],
            [
              77.04627501284833,
              28.618598634567014
            ]
          ]
        ]
      },
      "properties": {
        "synthetic": true,
        "ulpin_demo": "11007510000603",
        "building_id": "BLD-0603",
        "parcel_id": "PAR-F1-33",
        "owner_fictional": "Nisha Anand",
        "floors": 3,
        "height_m": 9.600000000000001,
        "parcel_area_m2": 506.25,
        "footprint_m2": 272
      }
    },
    {
      "type": "Feature",
      "id": "PAR-F1-43",
      "geometry": {
        "type": "Polygon",
        "coordinates": [
          [
            [
              77.046505266175,
              28.618598634567014
            ],
            [
              77.046505266175,
              28.618396514552643
            ],
            [
              77.0467355195017,
              28.618396514552643
            ],
            [
              77.0467355195017,
              28.618598634567014
            ],
            [
              77.046505266175,
              28.618598634567014
            ]
          ]
        ]
      },
      "properties": {
        "synthetic": true,
        "ulpin_demo": "11007510000604",
        "building_id": "BLD-0604",
        "parcel_id": "PAR-F1-43",
        "owner_fictional": "Tara Khanna",
        "floors": 3,
        "height_m": 9.600000000000001,
        "parcel_area_m2": 506.25,
        "footprint_m2": 216
      }
    },
    {
      "type": "Feature",
      "id": "PAR-F1-14",
      "geometry": {
        "type": "Polygon",
        "coordinates": [
          [
            [
              77.04581450619496,
              28.618396514552643
            ],
            [
              77.04581450619496,
              28.618194394538268
            ],
            [
              77.04604475952164,
              28.618194394538268
            ],
            [
              77.04604475952164,
              28.618396514552643
            ],
            [
              77.04581450619496,
              28.618396514552643
            ]
          ]
        ]
      },
      "properties": {
        "synthetic": true,
        "ulpin_demo": "11007510000605",
        "building_id": "BLD-0605",
        "parcel_id": "PAR-F1-14",
        "owner_fictional": "Diya Malhotra",
        "floors": 3,
        "height_m": 9.600000000000001,
        "parcel_area_m2": 506.25,
        "footprint_m2": 225
      }
    },
    {
      "type": "Feature",
      "id": "PAR-F1-24",
      "geometry": {
        "type": "Polygon",
        "coordinates": [
          [
            [
              77.04604475952164,
              28.618396514552643
            ],
            [
              77.04604475952164,
              28.618194394538268
            ],
            [
              77.04627501284833,
              28.618194394538268
            ],
            [
              77.04627501284833,
              28.618396514552643
            ],
            [
              77.04604475952164,
              28.618396514552643
            ]
          ]
        ]
      },
      "properties": {
        "synthetic": true,
        "ulpin_demo": "11007510000606",
        "building_id": "BLD-0606",
        "parcel_id": "PAR-F1-24",
        "owner_fictional": "Nisha Anand",
        "floors": 4,
        "height_m": 12.8,
        "parcel_area_m2": 506.25,
        "footprint_m2": 224
      }
    },
    {
      "type": "Feature",
      "id": "PAR-F1-34",
      "geometry": {
        "type": "Polygon",
        "coordinates": [
          [
            [
              77.04627501284833,
              28.618396514552643
            ],
            [
              77.04627501284833,
              28.618194394538268
            ],
            [
              77.046505266175,
              28.618194394538268
            ],
            [
              77.046505266175,
              28.618396514552643
            ],
            [
              77.04627501284833,
              28.618396514552643
            ]
          ]
        ]
      },
      "properties": {
        "synthetic": true,
        "ulpin_demo": "11007510000607",
        "building_id": "BLD-0607",
        "parcel_id": "PAR-F1-34",
        "owner_fictional": "Meera Arora",
        "floors": 3,
        "height_m": 9.600000000000001,
        "parcel_area_m2": 506.25,
        "footprint_m2": 169
      }
    },
    {
      "type": "Feature",
      "id": "PAR-F1-44",
      "geometry": {
        "type": "Polygon",
        "coordinates": [
          [
            [
              77.046505266175,
              28.618396514552643
            ],
            [
              77.046505266175,
              28.618194394538268
            ],
            [
              77.0467355195017,
              28.618194394538268
            ],
            [
              77.0467355195017,
              28.618396514552643
            ],
            [
              77.046505266175,
              28.618396514552643
            ]
          ]
        ]
      },
      "properties": {
        "synthetic": true,
        "ulpin_demo": "11007510000608",
        "building_id": "BLD-0608",
        "parcel_id": "PAR-F1-44",
        "owner_fictional": "Diya Malhotra",
        "floors": 4,
        "height_m": 12.8,
        "parcel_area_m2": 506.25,
        "footprint_m2": 195
      }
    },
    {
      "type": "Feature",
      "id": "PAR-F3-11",
      "geometry": {
        "type": "Polygon",
        "coordinates": [
          [
            [
              77.04794307028163,
              28.61900287459576
            ],
            [
              77.04794307028163,
              28.61880075458139
            ],
            [
              77.04817332360831,
              28.61880075458139
            ],
            [
              77.04817332360831,
              28.61900287459576
            ],
            [
              77.04794307028163,
              28.61900287459576
            ]
          ]
        ]
      },
      "properties": {
        "synthetic": true,
        "ulpin_demo": "11007510000609",
        "building_id": "BLD-0609",
        "parcel_id": "PAR-F3-11",
        "owner_fictional": "Rohan Batra",
        "floors": 3,
        "height_m": 9.600000000000001,
        "parcel_area_m2": 506.25,
        "footprint_m2": 221
      }
    },
    {
      "type": "Feature",
      "id": "PAR-F3-21",
      "geometry": {
        "type": "Polygon",
        "coordinates": [
          [
            [
              77.04817332360831,
              28.61900287459576
            ],
            [
              77.04817332360831,
              28.61880075458139
            ],
            [
              77.04840357693499,
              28.61880075458139
            ],
            [
              77.04840357693499,
              28.61900287459576
            ],
            [
              77.04817332360831,
              28.61900287459576
            ]
          ]
        ]
      },
      "properties": {
        "synthetic": true,
        "ulpin_demo": "11007510000610",
        "building_id": "BLD-0610",
        "parcel_id": "PAR-F3-21",
        "owner_fictional": "Rohan Batra",
        "floors": 6,
        "height_m": 19.200000000000003,
        "parcel_area_m2": 506.25,
        "footprint_m2": 288
      }
    },
    {
      "type": "Feature",
      "id": "PAR-F3-31",
      "geometry": {
        "type": "Polygon",
        "coordinates": [
          [
            [
              77.04840357693499,
              28.61900287459576
            ],
            [
              77.04840357693499,
              28.61880075458139
            ],
            [
              77.04863383026168,
              28.61880075458139
            ],
            [
              77.04863383026168,
              28.61900287459576
            ],
            [
              77.04840357693499,
              28.61900287459576
            ]
          ]
        ]
      },
      "properties": {
        "synthetic": true,
        "ulpin_demo": "11007510000611",
        "building_id": "BLD-0611",
        "parcel_id": "PAR-F3-31",
        "owner_fictional": "Tara Khanna",
        "floors": 3,
        "height_m": 9.600000000000001,
        "parcel_area_m2": 506.25,
        "footprint_m2": 272
      }
    },
    {
      "type": "Feature",
      "id": "PAR-F3-41",
      "geometry": {
        "type": "Polygon",
        "coordinates": [
          [
            [
              77.04863383026168,
              28.61900287459576
            ],
            [
              77.04863383026168,
              28.61880075458139
            ],
            [
              77.04886408358836,
              28.61880075458139
            ],
            [
              77.04886408358836,
              28.61900287459576
            ],
            [
              77.04863383026168,
              28.61900287459576
            ]
          ]
        ]
      },
      "properties": {
        "synthetic": true,
        "ulpin_demo": "11007510000612",
        "building_id": "BLD-0612",
        "parcel_id": "PAR-F3-41",
        "owner_fictional": "Riya Saxena",
        "floors": 5,
        "height_m": 16,
        "parcel_area_m2": 506.25,
        "footprint_m2": 225
      }
    },
    {
      "type": "Feature",
      "id": "PAR-F3-12",
      "geometry": {
        "type": "Polygon",
        "coordinates": [
          [
            [
              77.04794307028163,
              28.61880075458139
            ],
            [
              77.04794307028163,
              28.618598634567014
            ],
            [
              77.04817332360831,
              28.618598634567014
            ],
            [
              77.04817332360831,
              28.61880075458139
            ],
            [
              77.04794307028163,
              28.61880075458139
            ]
          ]
        ]
      },
      "properties": {
        "synthetic": true,
        "ulpin_demo": "11007510000613",
        "building_id": "BLD-0613",
        "parcel_id": "PAR-F3-12",
        "owner_fictional": "Riya Saxena",
        "floors": 6,
        "height_m": 19.200000000000003,
        "parcel_area_m2": 506.25,
        "footprint_m2": 221
      }
    },
    {
      "type": "Feature",
      "id": "PAR-F3-22",
      "geometry": {
        "type": "Polygon",
        "coordinates": [
          [
            [
              77.04817332360831,
              28.61880075458139
            ],
            [
              77.04817332360831,
              28.618598634567014
            ],
            [
              77.04840357693499,
              28.618598634567014
            ],
            [
              77.04840357693499,
              28.61880075458139
            ],
            [
              77.04817332360831,
              28.61880075458139
            ]
          ]
        ]
      },
      "properties": {
        "synthetic": true,
        "ulpin_demo": "11007510000614",
        "building_id": "BLD-0614",
        "parcel_id": "PAR-F3-22",
        "owner_fictional": "Sana Gill",
        "floors": 5,
        "height_m": 16,
        "parcel_area_m2": 506.25,
        "footprint_m2": 204
      }
    },
    {
      "type": "Feature",
      "id": "PAR-F3-32",
      "geometry": {
        "type": "Polygon",
        "coordinates": [
          [
            [
              77.04840357693499,
              28.61880075458139
            ],
            [
              77.04840357693499,
              28.618598634567014
            ],
            [
              77.04863383026168,
              28.618598634567014
            ],
            [
              77.04863383026168,
              28.61880075458139
            ],
            [
              77.04840357693499,
              28.61880075458139
            ]
          ]
        ]
      },
      "properties": {
        "synthetic": true,
        "ulpin_demo": "11007510000615",
        "building_id": "BLD-0615",
        "parcel_id": "PAR-F3-32",
        "owner_fictional": "Ishaan Verma",
        "floors": 6,
        "height_m": 19.200000000000003,
        "parcel_area_m2": 506.25,
        "footprint_m2": 216
      }
    },
    {
      "type": "Feature",
      "id": "PAR-F3-42",
      "geometry": {
        "type": "Polygon",
        "coordinates": [
          [
            [
              77.04863383026168,
              28.61880075458139
            ],
            [
              77.04863383026168,
              28.618598634567014
            ],
            [
              77.04886408358836,
              28.618598634567014
            ],
            [
              77.04886408358836,
              28.61880075458139
            ],
            [
              77.04863383026168,
              28.61880075458139
            ]
          ]
        ]
      },
      "properties": {
        "synthetic": true,
        "ulpin_demo": "11007510000616",
        "building_id": "BLD-0616",
        "parcel_id": "PAR-F3-42",
        "owner_fictional": "Meera Arora",
        "floors": 5,
        "height_m": 16,
        "parcel_area_m2": 506.25,
        "footprint_m2": 255
      }
    },
    {
      "type": "Feature",
      "id": "PAR-F3-13",
      "geometry": {
        "type": "Polygon",
        "coordinates": [
          [
            [
              77.04794307028163,
              28.618598634567014
            ],
            [
              77.04794307028163,
              28.618396514552643
            ],
            [
              77.04817332360831,
              28.618396514552643
            ],
            [
              77.04817332360831,
              28.618598634567014
            ],
            [
              77.04794307028163,
              28.618598634567014
            ]
          ]
        ]
      },
      "properties": {
        "synthetic": true,
        "ulpin_demo": "11007510000617",
        "building_id": "BLD-0617",
        "parcel_id": "PAR-F3-13",
        "owner_fictional": "Riya Saxena",
        "floors": 4,
        "height_m": 12.8,
        "parcel_area_m2": 506.25,
        "footprint_m2": 240
      }
    },
    {
      "type": "Feature",
      "id": "PAR-F3-23",
      "geometry": {
        "type": "Polygon",
        "coordinates": [
          [
            [
              77.04817332360831,
              28.618598634567014
            ],
            [
              77.04817332360831,
              28.618396514552643
            ],
            [
              77.04840357693499,
              28.618396514552643
            ],
            [
              77.04840357693499,
              28.618598634567014
            ],
            [
              77.04817332360831,
              28.618598634567014
            ]
          ]
        ]
      },
      "properties": {
        "synthetic": true,
        "ulpin_demo": "11007510000618",
        "building_id": "BLD-0618",
        "parcel_id": "PAR-F3-23",
        "owner_fictional": "Aarav Mehta",
        "floors": 4,
        "height_m": 12.8,
        "parcel_area_m2": 506.25,
        "footprint_m2": 195
      }
    },
    {
      "type": "Feature",
      "id": "PAR-F3-33",
      "geometry": {
        "type": "Polygon",
        "coordinates": [
          [
            [
              77.04840357693499,
              28.618598634567014
            ],
            [
              77.04840357693499,
              28.618396514552643
            ],
            [
              77.04863383026168,
              28.618396514552643
            ],
            [
              77.04863383026168,
              28.618598634567014
            ],
            [
              77.04840357693499,
              28.618598634567014
            ]
          ]
        ]
      },
      "properties": {
        "synthetic": true,
        "ulpin_demo": "11007510000619",
        "building_id": "BLD-0619",
        "parcel_id": "PAR-F3-33",
        "owner_fictional": "Diya Malhotra",
        "floors": 5,
        "height_m": 16,
        "parcel_area_m2": 506.25,
        "footprint_m2": 204
      }
    },
    {
      "type": "Feature",
      "id": "PAR-F3-43",
      "geometry": {
        "type": "Polygon",
        "coordinates": [
          [
            [
              77.04863383026168,
              28.618598634567014
            ],
            [
              77.04863383026168,
              28.618396514552643
            ],
            [
              77.04886408358836,
              28.618396514552643
            ],
            [
              77.04886408358836,
              28.618598634567014
            ],
            [
              77.04863383026168,
              28.618598634567014
            ]
          ]
        ]
      },
      "properties": {
        "synthetic": true,
        "ulpin_demo": "11007510000620",
        "building_id": "BLD-0620",
        "parcel_id": "PAR-F3-43",
        "owner_fictional": "Sana Gill",
        "floors": 5,
        "height_m": 16,
        "parcel_area_m2": 506.25,
        "footprint_m2": 216
      }
    },
    {
      "type": "Feature",
      "id": "PAR-F3-14",
      "geometry": {
        "type": "Polygon",
        "coordinates": [
          [
            [
              77.04794307028163,
              28.618396514552643
            ],
            [
              77.04794307028163,
              28.618194394538268
            ],
            [
              77.04817332360831,
              28.618194394538268
            ],
            [
              77.04817332360831,
              28.618396514552643
            ],
            [
              77.04794307028163,
              28.618396514552643
            ]
          ]
        ]
      },
      "properties": {
        "synthetic": true,
        "ulpin_demo": "11007510000621",
        "building_id": "BLD-0621",
        "parcel_id": "PAR-F3-14",
        "owner_fictional": "Aarav Mehta",
        "floors": 4,
        "height_m": 12.8,
        "parcel_area_m2": 506.25,
        "footprint_m2": 180
      }
    },
    {
      "type": "Feature",
      "id": "PAR-F3-24",
      "geometry": {
        "type": "Polygon",
        "coordinates": [
          [
            [
              77.04817332360831,
              28.618396514552643
            ],
            [
              77.04817332360831,
              28.618194394538268
            ],
            [
              77.04840357693499,
              28.618194394538268
            ],
            [
              77.04840357693499,
              28.618396514552643
            ],
            [
              77.04817332360831,
              28.618396514552643
            ]
          ]
        ]
      },
      "properties": {
        "synthetic": true,
        "ulpin_demo": "11007510000622",
        "building_id": "BLD-0622",
        "parcel_id": "PAR-F3-24",
        "owner_fictional": "Diya Malhotra",
        "floors": 6,
        "height_m": 19.200000000000003,
        "parcel_area_m2": 506.25,
        "footprint_m2": 272
      }
    },
    {
      "type": "Feature",
      "id": "PAR-F3-34",
      "geometry": {
        "type": "Polygon",
        "coordinates": [
          [
            [
              77.04840357693499,
              28.618396514552643
            ],
            [
              77.04840357693499,
              28.618194394538268
            ],
            [
              77.04863383026168,
              28.618194394538268
            ],
            [
              77.04863383026168,
              28.618396514552643
            ],
            [
              77.04840357693499,
              28.618396514552643
            ]
          ]
        ]
      },
      "properties": {
        "synthetic": true,
        "ulpin_demo": "11007510000623",
        "building_id": "BLD-0623",
        "parcel_id": "PAR-F3-34",
        "owner_fictional": "Nisha Anand",
        "floors": 5,
        "height_m": 16,
        "parcel_area_m2": 506.25,
        "footprint_m2": 210
      }
    },
    {
      "type": "Feature",
      "id": "PAR-F3-44",
      "geometry": {
        "type": "Polygon",
        "coordinates": [
          [
            [
              77.04863383026168,
              28.618396514552643
            ],
            [
              77.04863383026168,
              28.618194394538268
            ],
            [
              77.04886408358836,
              28.618194394538268
            ],
            [
              77.04886408358836,
              28.618396514552643
            ],
            [
              77.04863383026168,
              28.618396514552643
            ]
          ]
        ]
      },
      "properties": {
        "synthetic": true,
        "ulpin_demo": "11007510000624",
        "building_id": "BLD-0624",
        "parcel_id": "PAR-F3-44",
        "owner_fictional": "Neel Kapoor",
        "floors": 6,
        "height_m": 19.200000000000003,
        "parcel_area_m2": 506.25,
        "footprint_m2": 238
      }
    },
    {
      "type": "Feature",
      "id": "PAR-F4-11",
      "geometry": {
        "type": "Polygon",
        "coordinates": [
          [
            [
              77.04900735232496,
              28.61900287459576
            ],
            [
              77.04900735232496,
              28.61880075458139
            ],
            [
              77.04923760565164,
              28.61880075458139
            ],
            [
              77.04923760565164,
              28.61900287459576
            ],
            [
              77.04900735232496,
              28.61900287459576
            ]
          ]
        ]
      },
      "properties": {
        "synthetic": true,
        "ulpin_demo": "11007510000625",
        "building_id": "BLD-0625",
        "parcel_id": "PAR-F4-11",
        "owner_fictional": "Meera Arora",
        "floors": 4,
        "height_m": 12.8,
        "parcel_area_m2": 506.25,
        "footprint_m2": 195
      }
    },
    {
      "type": "Feature",
      "id": "PAR-F4-21",
      "geometry": {
        "type": "Polygon",
        "coordinates": [
          [
            [
              77.04923760565164,
              28.61900287459576
            ],
            [
              77.04923760565164,
              28.61880075458139
            ],
            [
              77.04946785897833,
              28.61880075458139
            ],
            [
              77.04946785897833,
              28.61900287459576
            ],
            [
              77.04923760565164,
              28.61900287459576
            ]
          ]
        ]
      },
      "properties": {
        "synthetic": true,
        "ulpin_demo": "11007510000626",
        "building_id": "BLD-0626",
        "parcel_id": "PAR-F4-21",
        "owner_fictional": "Neel Kapoor",
        "floors": 4,
        "height_m": 12.8,
        "parcel_area_m2": 506.25,
        "footprint_m2": 252
      }
    },
    {
      "type": "Feature",
      "id": "PAR-F4-31",
      "geometry": {
        "type": "Polygon",
        "coordinates": [
          [
            [
              77.04946785897833,
              28.61900287459576
            ],
            [
              77.04946785897833,
              28.61880075458139
            ],
            [
              77.04969811230501,
              28.61880075458139
            ],
            [
              77.04969811230501,
              28.61900287459576
            ],
            [
              77.04946785897833,
              28.61900287459576
            ]
          ]
        ]
      },
      "properties": {
        "synthetic": true,
        "ulpin_demo": "11007510000627",
        "building_id": "BLD-0627",
        "parcel_id": "PAR-F4-31",
        "owner_fictional": "Tara Khanna",
        "floors": 4,
        "height_m": 12.8,
        "parcel_area_m2": 506.25,
        "footprint_m2": 192
      }
    },
    {
      "type": "Feature",
      "id": "PAR-F4-41",
      "geometry": {
        "type": "Polygon",
        "coordinates": [
          [
            [
              77.04969811230501,
              28.61900287459576
            ],
            [
              77.04969811230501,
              28.61880075458139
            ],
            [
              77.0499283656317,
              28.61880075458139
            ],
            [
              77.0499283656317,
              28.61900287459576
            ],
            [
              77.04969811230501,
              28.61900287459576
            ]
          ]
        ]
      },
      "properties": {
        "synthetic": true,
        "ulpin_demo": "11007510000628",
        "building_id": "BLD-0628",
        "parcel_id": "PAR-F4-41",
        "owner_fictional": "Rohan Batra",
        "floors": 6,
        "height_m": 19.200000000000003,
        "parcel_area_m2": 506.25,
        "footprint_m2": 234
      }
    },
    {
      "type": "Feature",
      "id": "PAR-F4-12",
      "geometry": {
        "type": "Polygon",
        "coordinates": [
          [
            [
              77.04900735232496,
              28.61880075458139
            ],
            [
              77.04900735232496,
              28.618598634567014
            ],
            [
              77.04923760565164,
              28.618598634567014
            ],
            [
              77.04923760565164,
              28.61880075458139
            ],
            [
              77.04900735232496,
              28.61880075458139
            ]
          ]
        ]
      },
      "properties": {
        "synthetic": true,
        "ulpin_demo": "11007510000629",
        "building_id": "BLD-0629",
        "parcel_id": "PAR-F4-12",
        "owner_fictional": "Nisha Anand",
        "floors": 6,
        "height_m": 19.200000000000003,
        "parcel_area_m2": 506.25,
        "footprint_m2": 221
      }
    },
    {
      "type": "Feature",
      "id": "PAR-F4-22",
      "geometry": {
        "type": "Polygon",
        "coordinates": [
          [
            [
              77.04923760565164,
              28.61880075458139
            ],
            [
              77.04923760565164,
              28.618598634567014
            ],
            [
              77.04946785897833,
              28.618598634567014
            ],
            [
              77.04946785897833,
              28.61880075458139
            ],
            [
              77.04923760565164,
              28.61880075458139
            ]
          ]
        ]
      },
      "properties": {
        "synthetic": true,
        "ulpin_demo": "11007510000630",
        "building_id": "BLD-0630",
        "parcel_id": "PAR-F4-22",
        "owner_fictional": "Kabir Nair",
        "floors": 5,
        "height_m": 16,
        "parcel_area_m2": 506.25,
        "footprint_m2": 255
      }
    },
    {
      "type": "Feature",
      "id": "PAR-F4-32",
      "geometry": {
        "type": "Polygon",
        "coordinates": [
          [
            [
              77.04946785897833,
              28.61880075458139
            ],
            [
              77.04946785897833,
              28.618598634567014
            ],
            [
              77.04969811230501,
              28.618598634567014
            ],
            [
              77.04969811230501,
              28.61880075458139
            ],
            [
              77.04946785897833,
              28.61880075458139
            ]
          ]
        ]
      },
      "properties": {
        "synthetic": true,
        "ulpin_demo": "11007510000631",
        "building_id": "BLD-0631",
        "parcel_id": "PAR-F4-32",
        "owner_fictional": "Arjun Sinha",
        "floors": 4,
        "height_m": 12.8,
        "parcel_area_m2": 506.25,
        "footprint_m2": 224
      }
    },
    {
      "type": "Feature",
      "id": "PAR-F4-42",
      "geometry": {
        "type": "Polygon",
        "coordinates": [
          [
            [
              77.04969811230501,
              28.61880075458139
            ],
            [
              77.04969811230501,
              28.618598634567014
            ],
            [
              77.0499283656317,
              28.618598634567014
            ],
            [
              77.0499283656317,
              28.61880075458139
            ],
            [
              77.04969811230501,
              28.61880075458139
            ]
          ]
        ]
      },
      "properties": {
        "synthetic": true,
        "ulpin_demo": "11007510000632",
        "building_id": "BLD-0632",
        "parcel_id": "PAR-F4-42",
        "owner_fictional": "Nisha Anand",
        "floors": 6,
        "height_m": 19.200000000000003,
        "parcel_area_m2": 506.25,
        "footprint_m2": 225
      }
    },
    {
      "type": "Feature",
      "id": "PAR-F4-13",
      "geometry": {
        "type": "Polygon",
        "coordinates": [
          [
            [
              77.04900735232496,
              28.618598634567014
            ],
            [
              77.04900735232496,
              28.618396514552643
            ],
            [
              77.04923760565164,
              28.618396514552643
            ],
            [
              77.04923760565164,
              28.618598634567014
            ],
            [
              77.04900735232496,
              28.618598634567014
            ]
          ]
        ]
      },
      "properties": {
        "synthetic": true,
        "ulpin_demo": "11007510000633",
        "building_id": "BLD-0633",
        "parcel_id": "PAR-F4-13",
        "owner_fictional": "Diya Malhotra",
        "floors": 6,
        "height_m": 19.200000000000003,
        "parcel_area_m2": 506.25,
        "footprint_m2": 196
      }
    },
    {
      "type": "Feature",
      "id": "PAR-F4-23",
      "geometry": {
        "type": "Polygon",
        "coordinates": [
          [
            [
              77.04923760565164,
              28.618598634567014
            ],
            [
              77.04923760565164,
              28.618396514552643
            ],
            [
              77.04946785897833,
              28.618396514552643
            ],
            [
              77.04946785897833,
              28.618598634567014
            ],
            [
              77.04923760565164,
              28.618598634567014
            ]
          ]
        ]
      },
      "properties": {
        "synthetic": true,
        "ulpin_demo": "11007510000634",
        "building_id": "BLD-0634",
        "parcel_id": "PAR-F4-23",
        "owner_fictional": "Rohan Batra",
        "floors": 4,
        "height_m": 12.8,
        "parcel_area_m2": 506.25,
        "footprint_m2": 224
      }
    },
    {
      "type": "Feature",
      "id": "PAR-F4-33",
      "geometry": {
        "type": "Polygon",
        "coordinates": [
          [
            [
              77.04946785897833,
              28.618598634567014
            ],
            [
              77.04946785897833,
              28.618396514552643
            ],
            [
              77.04969811230501,
              28.618396514552643
            ],
            [
              77.04969811230501,
              28.618598634567014
            ],
            [
              77.04946785897833,
              28.618598634567014
            ]
          ]
        ]
      },
      "properties": {
        "synthetic": true,
        "ulpin_demo": "11007510000635",
        "building_id": "BLD-0635",
        "parcel_id": "PAR-F4-33",
        "owner_fictional": "Aarav Mehta",
        "floors": 5,
        "height_m": 16,
        "parcel_area_m2": 506.25,
        "footprint_m2": 182
      }
    },
    {
      "type": "Feature",
      "id": "PAR-F4-43",
      "geometry": {
        "type": "Polygon",
        "coordinates": [
          [
            [
              77.04969811230501,
              28.618598634567014
            ],
            [
              77.04969811230501,
              28.618396514552643
            ],
            [
              77.0499283656317,
              28.618396514552643
            ],
            [
              77.0499283656317,
              28.618598634567014
            ],
            [
              77.04969811230501,
              28.618598634567014
            ]
          ]
        ]
      },
      "properties": {
        "synthetic": true,
        "ulpin_demo": "11007510000636",
        "building_id": "BLD-0636",
        "parcel_id": "PAR-F4-43",
        "owner_fictional": "Neel Kapoor",
        "floors": 4,
        "height_m": 12.8,
        "parcel_area_m2": 506.25,
        "footprint_m2": 168
      }
    },
    {
      "type": "Feature",
      "id": "PAR-F4-14",
      "geometry": {
        "type": "Polygon",
        "coordinates": [
          [
            [
              77.04900735232496,
              28.618396514552643
            ],
            [
              77.04900735232496,
              28.618194394538268
            ],
            [
              77.04923760565164,
              28.618194394538268
            ],
            [
              77.04923760565164,
              28.618396514552643
            ],
            [
              77.04900735232496,
              28.618396514552643
            ]
          ]
        ]
      },
      "properties": {
        "synthetic": true,
        "ulpin_demo": "11007510000637",
        "building_id": "BLD-0637",
        "parcel_id": "PAR-F4-14",
        "owner_fictional": "Dev Ahuja",
        "floors": 4,
        "height_m": 12.8,
        "parcel_area_m2": 506.25,
        "footprint_m2": 306
      }
    },
    {
      "type": "Feature",
      "id": "PAR-F4-24",
      "geometry": {
        "type": "Polygon",
        "coordinates": [
          [
            [
              77.04923760565164,
              28.618396514552643
            ],
            [
              77.04923760565164,
              28.618194394538268
            ],
            [
              77.04946785897833,
              28.618194394538268
            ],
            [
              77.04946785897833,
              28.618396514552643
            ],
            [
              77.04923760565164,
              28.618396514552643
            ]
          ]
        ]
      },
      "properties": {
        "synthetic": true,
        "ulpin_demo": "11007510000638",
        "building_id": "BLD-0638",
        "parcel_id": "PAR-F4-24",
        "owner_fictional": "Diya Malhotra",
        "floors": 4,
        "height_m": 12.8,
        "parcel_area_m2": 506.25,
        "footprint_m2": 272
      }
    },
    {
      "type": "Feature",
      "id": "PAR-F4-34",
      "geometry": {
        "type": "Polygon",
        "coordinates": [
          [
            [
              77.04946785897833,
              28.618396514552643
            ],
            [
              77.04946785897833,
              28.618194394538268
            ],
            [
              77.04969811230501,
              28.618194394538268
            ],
            [
              77.04969811230501,
              28.618396514552643
            ],
            [
              77.04946785897833,
              28.618396514552643
            ]
          ]
        ]
      },
      "properties": {
        "synthetic": true,
        "ulpin_demo": "11007510000639",
        "building_id": "BLD-0639",
        "parcel_id": "PAR-F4-34",
        "owner_fictional": "Riya Saxena",
        "floors": 4,
        "height_m": 12.8,
        "parcel_area_m2": 506.25,
        "footprint_m2": 240
      }
    },
    {
      "type": "Feature",
      "id": "PAR-F4-44",
      "geometry": {
        "type": "Polygon",
        "coordinates": [
          [
            [
              77.04969811230501,
              28.618396514552643
            ],
            [
              77.04969811230501,
              28.618194394538268
            ],
            [
              77.0499283656317,
              28.618194394538268
            ],
            [
              77.0499283656317,
              28.618396514552643
            ],
            [
              77.04969811230501,
              28.618396514552643
            ]
          ]
        ]
      },
      "properties": {
        "synthetic": true,
        "ulpin_demo": "11007510000640",
        "building_id": "BLD-0640",
        "parcel_id": "PAR-F4-44",
        "owner_fictional": "Diya Malhotra",
        "floors": 4,
        "height_m": 12.8,
        "parcel_area_m2": 506.25,
        "footprint_m2": 210
      }
    },
    {
      "type": "Feature",
      "id": "PAR-F5-11",
      "geometry": {
        "type": "Polygon",
        "coordinates": [
          [
            [
              77.0500716343683,
              28.61900287459576
            ],
            [
              77.0500716343683,
              28.61880075458139
            ],
            [
              77.05030188769499,
              28.61880075458139
            ],
            [
              77.05030188769499,
              28.61900287459576
            ],
            [
              77.0500716343683,
              28.61900287459576
            ]
          ]
        ]
      },
      "properties": {
        "synthetic": true,
        "ulpin_demo": "11007510000641",
        "building_id": "BLD-0641",
        "parcel_id": "PAR-F5-11",
        "owner_fictional": "Dev Ahuja",
        "floors": 3,
        "height_m": 9.600000000000001,
        "parcel_area_m2": 506.25,
        "footprint_m2": 224
      }
    },
    {
      "type": "Feature",
      "id": "PAR-F5-21",
      "geometry": {
        "type": "Polygon",
        "coordinates": [
          [
            [
              77.05030188769499,
              28.61900287459576
            ],
            [
              77.05030188769499,
              28.61880075458139
            ],
            [
              77.05053214102166,
              28.61880075458139
            ],
            [
              77.05053214102166,
              28.61900287459576
            ],
            [
              77.05030188769499,
              28.61900287459576
            ]
          ]
        ]
      },
      "properties": {
        "synthetic": true,
        "ulpin_demo": "11007510000642",
        "building_id": "BLD-0642",
        "parcel_id": "PAR-F5-21",
        "owner_fictional": "Sana Gill",
        "floors": 4,
        "height_m": 12.8,
        "parcel_area_m2": 506.25,
        "footprint_m2": 169
      }
    },
    {
      "type": "Feature",
      "id": "PAR-F5-31",
      "geometry": {
        "type": "Polygon",
        "coordinates": [
          [
            [
              77.05053214102166,
              28.61900287459576
            ],
            [
              77.05053214102166,
              28.61880075458139
            ],
            [
              77.05076239434835,
              28.61880075458139
            ],
            [
              77.05076239434835,
              28.61900287459576
            ],
            [
              77.05053214102166,
              28.61900287459576
            ]
          ]
        ]
      },
      "properties": {
        "synthetic": true,
        "ulpin_demo": "11007510000643",
        "building_id": "BLD-0643",
        "parcel_id": "PAR-F5-31",
        "owner_fictional": "Vihaan Joshi",
        "floors": 4,
        "height_m": 12.8,
        "parcel_area_m2": 506.25,
        "footprint_m2": 225
      }
    },
    {
      "type": "Feature",
      "id": "PAR-F5-41",
      "geometry": {
        "type": "Polygon",
        "coordinates": [
          [
            [
              77.05076239434835,
              28.61900287459576
            ],
            [
              77.05076239434835,
              28.61880075458139
            ],
            [
              77.05099264767503,
              28.61880075458139
            ],
            [
              77.05099264767503,
              28.61900287459576
            ],
            [
              77.05076239434835,
              28.61900287459576
            ]
          ]
        ]
      },
      "properties": {
        "synthetic": true,
        "ulpin_demo": "11007510000644",
        "building_id": "BLD-0644",
        "parcel_id": "PAR-F5-41",
        "owner_fictional": "Vihaan Joshi",
        "floors": 6,
        "height_m": 19.200000000000003,
        "parcel_area_m2": 506.25,
        "footprint_m2": 210
      }
    },
    {
      "type": "Feature",
      "id": "PAR-F5-12",
      "geometry": {
        "type": "Polygon",
        "coordinates": [
          [
            [
              77.0500716343683,
              28.61880075458139
            ],
            [
              77.0500716343683,
              28.618598634567014
            ],
            [
              77.05030188769499,
              28.618598634567014
            ],
            [
              77.05030188769499,
              28.61880075458139
            ],
            [
              77.0500716343683,
              28.61880075458139
            ]
          ]
        ]
      },
      "properties": {
        "synthetic": true,
        "ulpin_demo": "11007510000645",
        "building_id": "BLD-0645",
        "parcel_id": "PAR-F5-12",
        "owner_fictional": "Arjun Sinha",
        "floors": 4,
        "height_m": 12.8,
        "parcel_area_m2": 506.25,
        "footprint_m2": 252
      }
    },
    {
      "type": "Feature",
      "id": "PAR-F5-22",
      "geometry": {
        "type": "Polygon",
        "coordinates": [
          [
            [
              77.05030188769499,
              28.61880075458139
            ],
            [
              77.05030188769499,
              28.618598634567014
            ],
            [
              77.05053214102166,
              28.618598634567014
            ],
            [
              77.05053214102166,
              28.61880075458139
            ],
            [
              77.05030188769499,
              28.61880075458139
            ]
          ]
        ]
      },
      "properties": {
        "synthetic": true,
        "ulpin_demo": "11007510000646",
        "building_id": "BLD-0646",
        "parcel_id": "PAR-F5-22",
        "owner_fictional": "Aarav Mehta",
        "floors": 3,
        "height_m": 9.600000000000001,
        "parcel_area_m2": 506.25,
        "footprint_m2": 224
      }
    },
    {
      "type": "Feature",
      "id": "PAR-F5-32",
      "geometry": {
        "type": "Polygon",
        "coordinates": [
          [
            [
              77.05053214102166,
              28.61880075458139
            ],
            [
              77.05053214102166,
              28.618598634567014
            ],
            [
              77.05076239434835,
              28.618598634567014
            ],
            [
              77.05076239434835,
              28.61880075458139
            ],
            [
              77.05053214102166,
              28.61880075458139
            ]
          ]
        ]
      },
      "properties": {
        "synthetic": true,
        "ulpin_demo": "11007510000647",
        "building_id": "BLD-0647",
        "parcel_id": "PAR-F5-32",
        "owner_fictional": "Diya Malhotra",
        "floors": 4,
        "height_m": 12.8,
        "parcel_area_m2": 506.25,
        "footprint_m2": 240
      }
    },
    {
      "type": "Feature",
      "id": "PAR-F5-42",
      "geometry": {
        "type": "Polygon",
        "coordinates": [
          [
            [
              77.05076239434835,
              28.61880075458139
            ],
            [
              77.05076239434835,
              28.618598634567014
            ],
            [
              77.05099264767503,
              28.618598634567014
            ],
            [
              77.05099264767503,
              28.61880075458139
            ],
            [
              77.05076239434835,
              28.61880075458139
            ]
          ]
        ]
      },
      "properties": {
        "synthetic": true,
        "ulpin_demo": "11007510000648",
        "building_id": "BLD-0648",
        "parcel_id": "PAR-F5-42",
        "owner_fictional": "Meera Arora",
        "floors": 5,
        "height_m": 16,
        "parcel_area_m2": 506.25,
        "footprint_m2": 168
      }
    },
    {
      "type": "Feature",
      "id": "PAR-F5-13",
      "geometry": {
        "type": "Polygon",
        "coordinates": [
          [
            [
              77.0500716343683,
              28.618598634567014
            ],
            [
              77.0500716343683,
              28.618396514552643
            ],
            [
              77.05030188769499,
              28.618396514552643
            ],
            [
              77.05030188769499,
              28.618598634567014
            ],
            [
              77.0500716343683,
              28.618598634567014
            ]
          ]
        ]
      },
      "properties": {
        "synthetic": true,
        "ulpin_demo": "11007510000649",
        "building_id": "BLD-0649",
        "parcel_id": "PAR-F5-13",
        "owner_fictional": "Meera Arora",
        "floors": 4,
        "height_m": 12.8,
        "parcel_area_m2": 506.25,
        "footprint_m2": 182
      }
    },
    {
      "type": "Feature",
      "id": "PAR-F5-23",
      "geometry": {
        "type": "Polygon",
        "coordinates": [
          [
            [
              77.05030188769499,
              28.618598634567014
            ],
            [
              77.05030188769499,
              28.618396514552643
            ],
            [
              77.05053214102166,
              28.618396514552643
            ],
            [
              77.05053214102166,
              28.618598634567014
            ],
            [
              77.05030188769499,
              28.618598634567014
            ]
          ]
        ]
      },
      "properties": {
        "synthetic": true,
        "ulpin_demo": "11007510000650",
        "building_id": "BLD-0650",
        "parcel_id": "PAR-F5-23",
        "owner_fictional": "Dev Ahuja",
        "floors": 3,
        "height_m": 9.600000000000001,
        "parcel_area_m2": 506.25,
        "footprint_m2": 196
      }
    },
    {
      "type": "Feature",
      "id": "PAR-F5-33",
      "geometry": {
        "type": "Polygon",
        "coordinates": [
          [
            [
              77.05053214102166,
              28.618598634567014
            ],
            [
              77.05053214102166,
              28.618396514552643
            ],
            [
              77.05076239434835,
              28.618396514552643
            ],
            [
              77.05076239434835,
              28.618598634567014
            ],
            [
              77.05053214102166,
              28.618598634567014
            ]
          ]
        ]
      },
      "properties": {
        "synthetic": true,
        "ulpin_demo": "11007510000651",
        "building_id": "BLD-0651",
        "parcel_id": "PAR-F5-33",
        "owner_fictional": "Vihaan Joshi",
        "floors": 4,
        "height_m": 12.8,
        "parcel_area_m2": 506.25,
        "footprint_m2": 169
      }
    },
    {
      "type": "Feature",
      "id": "PAR-F5-43",
      "geometry": {
        "type": "Polygon",
        "coordinates": [
          [
            [
              77.05076239434835,
              28.618598634567014
            ],
            [
              77.05076239434835,
              28.618396514552643
            ],
            [
              77.05099264767503,
              28.618396514552643
            ],
            [
              77.05099264767503,
              28.618598634567014
            ],
            [
              77.05076239434835,
              28.618598634567014
            ]
          ]
        ]
      },
      "properties": {
        "synthetic": true,
        "ulpin_demo": "11007510000652",
        "building_id": "BLD-0652",
        "parcel_id": "PAR-F5-43",
        "owner_fictional": "Aarav Mehta",
        "floors": 5,
        "height_m": 16,
        "parcel_area_m2": 506.25,
        "footprint_m2": 195
      }
    },
    {
      "type": "Feature",
      "id": "PAR-F5-14",
      "geometry": {
        "type": "Polygon",
        "coordinates": [
          [
            [
              77.0500716343683,
              28.618396514552643
            ],
            [
              77.0500716343683,
              28.618194394538268
            ],
            [
              77.05030188769499,
              28.618194394538268
            ],
            [
              77.05030188769499,
              28.618396514552643
            ],
            [
              77.0500716343683,
              28.618396514552643
            ]
          ]
        ]
      },
      "properties": {
        "synthetic": true,
        "ulpin_demo": "11007510000653",
        "building_id": "BLD-0653",
        "parcel_id": "PAR-F5-14",
        "owner_fictional": "Neel Kapoor",
        "floors": 3,
        "height_m": 9.600000000000001,
        "parcel_area_m2": 506.25,
        "footprint_m2": 270
      }
    },
    {
      "type": "Feature",
      "id": "PAR-F5-24",
      "geometry": {
        "type": "Polygon",
        "coordinates": [
          [
            [
              77.05030188769499,
              28.618396514552643
            ],
            [
              77.05030188769499,
              28.618194394538268
            ],
            [
              77.05053214102166,
              28.618194394538268
            ],
            [
              77.05053214102166,
              28.618396514552643
            ],
            [
              77.05030188769499,
              28.618396514552643
            ]
          ]
        ]
      },
      "properties": {
        "synthetic": true,
        "ulpin_demo": "11007510000654",
        "building_id": "BLD-0654",
        "parcel_id": "PAR-F5-24",
        "owner_fictional": "Neel Kapoor",
        "floors": 4,
        "height_m": 12.8,
        "parcel_area_m2": 506.25,
        "footprint_m2": 169
      }
    },
    {
      "type": "Feature",
      "id": "PAR-F5-34",
      "geometry": {
        "type": "Polygon",
        "coordinates": [
          [
            [
              77.05053214102166,
              28.618396514552643
            ],
            [
              77.05053214102166,
              28.618194394538268
            ],
            [
              77.05076239434835,
              28.618194394538268
            ],
            [
              77.05076239434835,
              28.618396514552643
            ],
            [
              77.05053214102166,
              28.618396514552643
            ]
          ]
        ]
      },
      "properties": {
        "synthetic": true,
        "ulpin_demo": "11007510000655",
        "building_id": "BLD-0655",
        "parcel_id": "PAR-F5-34",
        "owner_fictional": "Dev Ahuja",
        "floors": 4,
        "height_m": 12.8,
        "parcel_area_m2": 506.25,
        "footprint_m2": 252
      }
    },
    {
      "type": "Feature",
      "id": "PAR-F5-44",
      "geometry": {
        "type": "Polygon",
        "coordinates": [
          [
            [
              77.05076239434835,
              28.618396514552643
            ],
            [
              77.05076239434835,
              28.618194394538268
            ],
            [
              77.05099264767503,
              28.618194394538268
            ],
            [
              77.05099264767503,
              28.618396514552643
            ],
            [
              77.05076239434835,
              28.618396514552643
            ]
          ]
        ]
      },
      "properties": {
        "synthetic": true,
        "ulpin_demo": "11007510000656",
        "building_id": "BLD-0656",
        "parcel_id": "PAR-F5-44",
        "owner_fictional": "Aarav Mehta",
        "floors": 3,
        "height_m": 9.600000000000001,
        "parcel_area_m2": 506.25,
        "footprint_m2": 195
      }
    },
    {
      "type": "Feature",
      "id": "PAR-F6-11",
      "geometry": {
        "type": "Polygon",
        "coordinates": [
          [
            [
              77.05113591641164,
              28.61900287459576
            ],
            [
              77.05113591641164,
              28.61880075458139
            ],
            [
              77.05136616973832,
              28.61880075458139
            ],
            [
              77.05136616973832,
              28.61900287459576
            ],
            [
              77.05113591641164,
              28.61900287459576
            ]
          ]
        ]
      },
      "properties": {
        "synthetic": true,
        "ulpin_demo": "11007510000657",
        "building_id": "BLD-0657",
        "parcel_id": "PAR-F6-11",
        "owner_fictional": "Ishaan Verma",
        "floors": 5,
        "height_m": 16,
        "parcel_area_m2": 506.25,
        "footprint_m2": 289
      }
    },
    {
      "type": "Feature",
      "id": "PAR-F6-21",
      "geometry": {
        "type": "Polygon",
        "coordinates": [
          [
            [
              77.05136616973832,
              28.61900287459576
            ],
            [
              77.05136616973832,
              28.61880075458139
            ],
            [
              77.051596423065,
              28.61880075458139
            ],
            [
              77.051596423065,
              28.61900287459576
            ],
            [
              77.05136616973832,
              28.61900287459576
            ]
          ]
        ]
      },
      "properties": {
        "synthetic": true,
        "ulpin_demo": "11007510000658",
        "building_id": "BLD-0658",
        "parcel_id": "PAR-F6-21",
        "owner_fictional": "Vihaan Joshi",
        "floors": 3,
        "height_m": 9.600000000000001,
        "parcel_area_m2": 506.25,
        "footprint_m2": 272
      }
    },
    {
      "type": "Feature",
      "id": "PAR-F6-31",
      "geometry": {
        "type": "Polygon",
        "coordinates": [
          [
            [
              77.051596423065,
              28.61900287459576
            ],
            [
              77.051596423065,
              28.61880075458139
            ],
            [
              77.05182667639168,
              28.61880075458139
            ],
            [
              77.05182667639168,
              28.61900287459576
            ],
            [
              77.051596423065,
              28.61900287459576
            ]
          ]
        ]
      },
      "properties": {
        "synthetic": true,
        "ulpin_demo": "11007510000659",
        "building_id": "BLD-0659",
        "parcel_id": "PAR-F6-31",
        "owner_fictional": "Riya Saxena",
        "floors": 6,
        "height_m": 19.200000000000003,
        "parcel_area_m2": 506.25,
        "footprint_m2": 204
      }
    },
    {
      "type": "Feature",
      "id": "PAR-F6-41",
      "geometry": {
        "type": "Polygon",
        "coordinates": [
          [
            [
              77.05182667639168,
              28.61900287459576
            ],
            [
              77.05182667639168,
              28.61880075458139
            ],
            [
              77.05205692971836,
              28.61880075458139
            ],
            [
              77.05205692971836,
              28.61900287459576
            ],
            [
              77.05182667639168,
              28.61900287459576
            ]
          ]
        ]
      },
      "properties": {
        "synthetic": true,
        "ulpin_demo": "11007510000660",
        "building_id": "BLD-0660",
        "parcel_id": "PAR-F6-41",
        "owner_fictional": "Dev Ahuja",
        "floors": 6,
        "height_m": 19.200000000000003,
        "parcel_area_m2": 506.25,
        "footprint_m2": 240
      }
    },
    {
      "type": "Feature",
      "id": "PAR-F6-12",
      "geometry": {
        "type": "Polygon",
        "coordinates": [
          [
            [
              77.05113591641164,
              28.61880075458139
            ],
            [
              77.05113591641164,
              28.618598634567014
            ],
            [
              77.05136616973832,
              28.618598634567014
            ],
            [
              77.05136616973832,
              28.61880075458139
            ],
            [
              77.05113591641164,
              28.61880075458139
            ]
          ]
        ]
      },
      "properties": {
        "synthetic": true,
        "ulpin_demo": "11007510000661",
        "building_id": "BLD-0661",
        "parcel_id": "PAR-F6-12",
        "owner_fictional": "Aarav Mehta",
        "floors": 5,
        "height_m": 16,
        "parcel_area_m2": 506.25,
        "footprint_m2": 288
      }
    },
    {
      "type": "Feature",
      "id": "PAR-F6-22",
      "geometry": {
        "type": "Polygon",
        "coordinates": [
          [
            [
              77.05136616973832,
              28.61880075458139
            ],
            [
              77.05136616973832,
              28.618598634567014
            ],
            [
              77.051596423065,
              28.618598634567014
            ],
            [
              77.051596423065,
              28.61880075458139
            ],
            [
              77.05136616973832,
              28.61880075458139
            ]
          ]
        ]
      },
      "properties": {
        "synthetic": true,
        "ulpin_demo": "11007510000662",
        "building_id": "BLD-0662",
        "parcel_id": "PAR-F6-22",
        "owner_fictional": "Arjun Sinha",
        "floors": 4,
        "height_m": 12.8,
        "parcel_area_m2": 506.25,
        "footprint_m2": 210
      }
    },
    {
      "type": "Feature",
      "id": "PAR-F6-32",
      "geometry": {
        "type": "Polygon",
        "coordinates": [
          [
            [
              77.051596423065,
              28.61880075458139
            ],
            [
              77.051596423065,
              28.618598634567014
            ],
            [
              77.05182667639168,
              28.618598634567014
            ],
            [
              77.05182667639168,
              28.61880075458139
            ],
            [
              77.051596423065,
              28.61880075458139
            ]
          ]
        ]
      },
      "properties": {
        "synthetic": true,
        "ulpin_demo": "11007510000663",
        "building_id": "BLD-0663",
        "parcel_id": "PAR-F6-32",
        "owner_fictional": "Arjun Sinha",
        "floors": 3,
        "height_m": 9.600000000000001,
        "parcel_area_m2": 506.25,
        "footprint_m2": 272
      }
    },
    {
      "type": "Feature",
      "id": "PAR-F6-42",
      "geometry": {
        "type": "Polygon",
        "coordinates": [
          [
            [
              77.05182667639168,
              28.61880075458139
            ],
            [
              77.05182667639168,
              28.618598634567014
            ],
            [
              77.05205692971836,
              28.618598634567014
            ],
            [
              77.05205692971836,
              28.61880075458139
            ],
            [
              77.05182667639168,
              28.61880075458139
            ]
          ]
        ]
      },
      "properties": {
        "synthetic": true,
        "ulpin_demo": "11007510000664",
        "building_id": "BLD-0664",
        "parcel_id": "PAR-F6-42",
        "owner_fictional": "Aarav Mehta",
        "floors": 3,
        "height_m": 9.600000000000001,
        "parcel_area_m2": 506.25,
        "footprint_m2": 256
      }
    },
    {
      "type": "Feature",
      "id": "PAR-F6-13",
      "geometry": {
        "type": "Polygon",
        "coordinates": [
          [
            [
              77.05113591641164,
              28.618598634567014
            ],
            [
              77.05113591641164,
              28.618396514552643
            ],
            [
              77.05136616973832,
              28.618396514552643
            ],
            [
              77.05136616973832,
              28.618598634567014
            ],
            [
              77.05113591641164,
              28.618598634567014
            ]
          ]
        ]
      },
      "properties": {
        "synthetic": true,
        "ulpin_demo": "11007510000665",
        "building_id": "BLD-0665",
        "parcel_id": "PAR-F6-13",
        "owner_fictional": "Kabir Nair",
        "floors": 6,
        "height_m": 19.200000000000003,
        "parcel_area_m2": 506.25,
        "footprint_m2": 216
      }
    },
    {
      "type": "Feature",
      "id": "PAR-F6-23",
      "geometry": {
        "type": "Polygon",
        "coordinates": [
          [
            [
              77.05136616973832,
              28.618598634567014
            ],
            [
              77.05136616973832,
              28.618396514552643
            ],
            [
              77.051596423065,
              28.618396514552643
            ],
            [
              77.051596423065,
              28.618598634567014
            ],
            [
              77.05136616973832,
              28.618598634567014
            ]
          ]
        ]
      },
      "properties": {
        "synthetic": true,
        "ulpin_demo": "11007510000666",
        "building_id": "BLD-0666",
        "parcel_id": "PAR-F6-23",
        "owner_fictional": "Vihaan Joshi",
        "floors": 6,
        "height_m": 19.200000000000003,
        "parcel_area_m2": 506.25,
        "footprint_m2": 208
      }
    },
    {
      "type": "Feature",
      "id": "PAR-F6-33",
      "geometry": {
        "type": "Polygon",
        "coordinates": [
          [
            [
              77.051596423065,
              28.618598634567014
            ],
            [
              77.051596423065,
              28.618396514552643
            ],
            [
              77.05182667639168,
              28.618396514552643
            ],
            [
              77.05182667639168,
              28.618598634567014
            ],
            [
              77.051596423065,
              28.618598634567014
            ]
          ]
        ]
      },
      "properties": {
        "synthetic": true,
        "ulpin_demo": "11007510000667",
        "building_id": "BLD-0667",
        "parcel_id": "PAR-F6-33",
        "owner_fictional": "Rohan Batra",
        "floors": 4,
        "height_m": 12.8,
        "parcel_area_m2": 506.25,
        "footprint_m2": 240
      }
    },
    {
      "type": "Feature",
      "id": "PAR-F6-43",
      "geometry": {
        "type": "Polygon",
        "coordinates": [
          [
            [
              77.05182667639168,
              28.618598634567014
            ],
            [
              77.05182667639168,
              28.618396514552643
            ],
            [
              77.05205692971836,
              28.618396514552643
            ],
            [
              77.05205692971836,
              28.618598634567014
            ],
            [
              77.05182667639168,
              28.618598634567014
            ]
          ]
        ]
      },
      "properties": {
        "synthetic": true,
        "ulpin_demo": "11007510000668",
        "building_id": "BLD-0668",
        "parcel_id": "PAR-F6-43",
        "owner_fictional": "Ishaan Verma",
        "floors": 4,
        "height_m": 12.8,
        "parcel_area_m2": 506.25,
        "footprint_m2": 224
      }
    },
    {
      "type": "Feature",
      "id": "PAR-F6-14",
      "geometry": {
        "type": "Polygon",
        "coordinates": [
          [
            [
              77.05113591641164,
              28.618396514552643
            ],
            [
              77.05113591641164,
              28.618194394538268
            ],
            [
              77.05136616973832,
              28.618194394538268
            ],
            [
              77.05136616973832,
              28.618396514552643
            ],
            [
              77.05113591641164,
              28.618396514552643
            ]
          ]
        ]
      },
      "properties": {
        "synthetic": true,
        "ulpin_demo": "11007510000669",
        "building_id": "BLD-0669",
        "parcel_id": "PAR-F6-14",
        "owner_fictional": "Meera Arora",
        "floors": 5,
        "height_m": 16,
        "parcel_area_m2": 506.25,
        "footprint_m2": 180
      }
    },
    {
      "type": "Feature",
      "id": "PAR-F6-24",
      "geometry": {
        "type": "Polygon",
        "coordinates": [
          [
            [
              77.05136616973832,
              28.618396514552643
            ],
            [
              77.05136616973832,
              28.618194394538268
            ],
            [
              77.051596423065,
              28.618194394538268
            ],
            [
              77.051596423065,
              28.618396514552643
            ],
            [
              77.05136616973832,
              28.618396514552643
            ]
          ]
        ]
      },
      "properties": {
        "synthetic": true,
        "ulpin_demo": "11007510000670",
        "building_id": "BLD-0670",
        "parcel_id": "PAR-F6-24",
        "owner_fictional": "Diya Malhotra",
        "floors": 4,
        "height_m": 12.8,
        "parcel_area_m2": 506.25,
        "footprint_m2": 216
      }
    },
    {
      "type": "Feature",
      "id": "PAR-F6-34",
      "geometry": {
        "type": "Polygon",
        "coordinates": [
          [
            [
              77.051596423065,
              28.618396514552643
            ],
            [
              77.051596423065,
              28.618194394538268
            ],
            [
              77.05182667639168,
              28.618194394538268
            ],
            [
              77.05182667639168,
              28.618396514552643
            ],
            [
              77.051596423065,
              28.618396514552643
            ]
          ]
        ]
      },
      "properties": {
        "synthetic": true,
        "ulpin_demo": "11007510000671",
        "building_id": "BLD-0671",
        "parcel_id": "PAR-F6-34",
        "owner_fictional": "Neel Kapoor",
        "floors": 6,
        "height_m": 19.200000000000003,
        "parcel_area_m2": 506.25,
        "footprint_m2": 270
      }
    },
    {
      "type": "Feature",
      "id": "PAR-F6-44",
      "geometry": {
        "type": "Polygon",
        "coordinates": [
          [
            [
              77.05182667639168,
              28.618396514552643
            ],
            [
              77.05182667639168,
              28.618194394538268
            ],
            [
              77.05205692971836,
              28.618194394538268
            ],
            [
              77.05205692971836,
              28.618396514552643
            ],
            [
              77.05182667639168,
              28.618396514552643
            ]
          ]
        ]
      },
      "properties": {
        "synthetic": true,
        "ulpin_demo": "11007510000672",
        "building_id": "BLD-0672",
        "parcel_id": "PAR-F6-44",
        "owner_fictional": "Dev Ahuja",
        "floors": 3,
        "height_m": 9.600000000000001,
        "parcel_area_m2": 506.25,
        "footprint_m2": 208
      }
    },
    {
      "type": "Feature",
      "id": "PAR-F7-11",
      "geometry": {
        "type": "Polygon",
        "coordinates": [
          [
            [
              77.05220019845497,
              28.61900287459576
            ],
            [
              77.05220019845497,
              28.61880075458139
            ],
            [
              77.05243045178166,
              28.61880075458139
            ],
            [
              77.05243045178166,
              28.61900287459576
            ],
            [
              77.05220019845497,
              28.61900287459576
            ]
          ]
        ]
      },
      "properties": {
        "synthetic": true,
        "ulpin_demo": "11007510000673",
        "building_id": "BLD-0673",
        "parcel_id": "PAR-F7-11",
        "owner_fictional": "Riya Saxena",
        "floors": 5,
        "height_m": 16,
        "parcel_area_m2": 506.25,
        "footprint_m2": 182
      }
    },
    {
      "type": "Feature",
      "id": "PAR-F7-21",
      "geometry": {
        "type": "Polygon",
        "coordinates": [
          [
            [
              77.05243045178166,
              28.61900287459576
            ],
            [
              77.05243045178166,
              28.61880075458139
            ],
            [
              77.05266070510834,
              28.61880075458139
            ],
            [
              77.05266070510834,
              28.61900287459576
            ],
            [
              77.05243045178166,
              28.61900287459576
            ]
          ]
        ]
      },
      "properties": {
        "synthetic": true,
        "ulpin_demo": "11007510000674",
        "building_id": "BLD-0674",
        "parcel_id": "PAR-F7-21",
        "owner_fictional": "Kavya Sethi",
        "floors": 3,
        "height_m": 9.600000000000001,
        "parcel_area_m2": 506.25,
        "footprint_m2": 270
      }
    },
    {
      "type": "Feature",
      "id": "PAR-F7-31",
      "geometry": {
        "type": "Polygon",
        "coordinates": [
          [
            [
              77.05266070510834,
              28.61900287459576
            ],
            [
              77.05266070510834,
              28.61880075458139
            ],
            [
              77.05289095843501,
              28.61880075458139
            ],
            [
              77.05289095843501,
              28.61900287459576
            ],
            [
              77.05266070510834,
              28.61900287459576
            ]
          ]
        ]
      },
      "properties": {
        "synthetic": true,
        "ulpin_demo": "11007510000675",
        "building_id": "BLD-0675",
        "parcel_id": "PAR-F7-31",
        "owner_fictional": "Vihaan Joshi",
        "floors": 6,
        "height_m": 19.200000000000003,
        "parcel_area_m2": 506.25,
        "footprint_m2": 210
      }
    },
    {
      "type": "Feature",
      "id": "PAR-F7-41",
      "geometry": {
        "type": "Polygon",
        "coordinates": [
          [
            [
              77.05289095843501,
              28.61900287459576
            ],
            [
              77.05289095843501,
              28.61880075458139
            ],
            [
              77.0531212117617,
              28.61880075458139
            ],
            [
              77.0531212117617,
              28.61900287459576
            ],
            [
              77.05289095843501,
              28.61900287459576
            ]
          ]
        ]
      },
      "properties": {
        "synthetic": true,
        "ulpin_demo": "11007510000676",
        "building_id": "BLD-0676",
        "parcel_id": "PAR-F7-41",
        "owner_fictional": "Kavya Sethi",
        "floors": 4,
        "height_m": 12.8,
        "parcel_area_m2": 506.25,
        "footprint_m2": 272
      }
    },
    {
      "type": "Feature",
      "id": "PAR-F7-12",
      "geometry": {
        "type": "Polygon",
        "coordinates": [
          [
            [
              77.05220019845497,
              28.61880075458139
            ],
            [
              77.05220019845497,
              28.618598634567014
            ],
            [
              77.05243045178166,
              28.618598634567014
            ],
            [
              77.05243045178166,
              28.61880075458139
            ],
            [
              77.05220019845497,
              28.61880075458139
            ]
          ]
        ]
      },
      "properties": {
        "synthetic": true,
        "ulpin_demo": "11007510000677",
        "building_id": "BLD-0677",
        "parcel_id": "PAR-F7-12",
        "owner_fictional": "Tara Khanna",
        "floors": 3,
        "height_m": 9.600000000000001,
        "parcel_area_m2": 506.25,
        "footprint_m2": 180
      }
    },
    {
      "type": "Feature",
      "id": "PAR-F7-22",
      "geometry": {
        "type": "Polygon",
        "coordinates": [
          [
            [
              77.05243045178166,
              28.61880075458139
            ],
            [
              77.05243045178166,
              28.618598634567014
            ],
            [
              77.05266070510834,
              28.618598634567014
            ],
            [
              77.05266070510834,
              28.61880075458139
            ],
            [
              77.05243045178166,
              28.61880075458139
            ]
          ]
        ]
      },
      "properties": {
        "synthetic": true,
        "ulpin_demo": "11007510000678",
        "building_id": "BLD-0678",
        "parcel_id": "PAR-F7-22",
        "owner_fictional": "Neel Kapoor",
        "floors": 5,
        "height_m": 16,
        "parcel_area_m2": 506.25,
        "footprint_m2": 156
      }
    },
    {
      "type": "Feature",
      "id": "PAR-F7-32",
      "geometry": {
        "type": "Polygon",
        "coordinates": [
          [
            [
              77.05266070510834,
              28.61880075458139
            ],
            [
              77.05266070510834,
              28.618598634567014
            ],
            [
              77.05289095843501,
              28.618598634567014
            ],
            [
              77.05289095843501,
              28.61880075458139
            ],
            [
              77.05266070510834,
              28.61880075458139
            ]
          ]
        ]
      },
      "properties": {
        "synthetic": true,
        "ulpin_demo": "11007510000679",
        "building_id": "BLD-0679",
        "parcel_id": "PAR-F7-32",
        "owner_fictional": "Ananya Rao",
        "floors": 3,
        "height_m": 9.600000000000001,
        "parcel_area_m2": 506.25,
        "footprint_m2": 272
      }
    },
    {
      "type": "Feature",
      "id": "PAR-F7-42",
      "geometry": {
        "type": "Polygon",
        "coordinates": [
          [
            [
              77.05289095843501,
              28.61880075458139
            ],
            [
              77.05289095843501,
              28.618598634567014
            ],
            [
              77.0531212117617,
              28.618598634567014
            ],
            [
              77.0531212117617,
              28.61880075458139
            ],
            [
              77.05289095843501,
              28.61880075458139
            ]
          ]
        ]
      },
      "properties": {
        "synthetic": true,
        "ulpin_demo": "11007510000680",
        "building_id": "BLD-0680",
        "parcel_id": "PAR-F7-42",
        "owner_fictional": "Dev Ahuja",
        "floors": 6,
        "height_m": 19.200000000000003,
        "parcel_area_m2": 506.25,
        "footprint_m2": 255
      }
    },
    {
      "type": "Feature",
      "id": "PAR-F7-13",
      "geometry": {
        "type": "Polygon",
        "coordinates": [
          [
            [
              77.05220019845497,
              28.618598634567014
            ],
            [
              77.05220019845497,
              28.618396514552643
            ],
            [
              77.05243045178166,
              28.618396514552643
            ],
            [
              77.05243045178166,
              28.618598634567014
            ],
            [
              77.05220019845497,
              28.618598634567014
            ]
          ]
        ]
      },
      "properties": {
        "synthetic": true,
        "ulpin_demo": "11007510000681",
        "building_id": "BLD-0681",
        "parcel_id": "PAR-F7-13",
        "owner_fictional": "Kabir Nair",
        "floors": 5,
        "height_m": 16,
        "parcel_area_m2": 506.25,
        "footprint_m2": 238
      }
    },
    {
      "type": "Feature",
      "id": "PAR-F7-23",
      "geometry": {
        "type": "Polygon",
        "coordinates": [
          [
            [
              77.05243045178166,
              28.618598634567014
            ],
            [
              77.05243045178166,
              28.618396514552643
            ],
            [
              77.05266070510834,
              28.618396514552643
            ],
            [
              77.05266070510834,
              28.618598634567014
            ],
            [
              77.05243045178166,
              28.618598634567014
            ]
          ]
        ]
      },
      "properties": {
        "synthetic": true,
        "ulpin_demo": "11007510000682",
        "building_id": "BLD-0682",
        "parcel_id": "PAR-F7-23",
        "owner_fictional": "Dev Ahuja",
        "floors": 5,
        "height_m": 16,
        "parcel_area_m2": 506.25,
        "footprint_m2": 272
      }
    },
    {
      "type": "Feature",
      "id": "PAR-F7-33",
      "geometry": {
        "type": "Polygon",
        "coordinates": [
          [
            [
              77.05266070510834,
              28.618598634567014
            ],
            [
              77.05266070510834,
              28.618396514552643
            ],
            [
              77.05289095843501,
              28.618396514552643
            ],
            [
              77.05289095843501,
              28.618598634567014
            ],
            [
              77.05266070510834,
              28.618598634567014
            ]
          ]
        ]
      },
      "properties": {
        "synthetic": true,
        "ulpin_demo": "11007510000683",
        "building_id": "BLD-0683",
        "parcel_id": "PAR-F7-33",
        "owner_fictional": "Nisha Anand",
        "floors": 6,
        "height_m": 19.200000000000003,
        "parcel_area_m2": 506.25,
        "footprint_m2": 204
      }
    },
    {
      "type": "Feature",
      "id": "PAR-F7-43",
      "geometry": {
        "type": "Polygon",
        "coordinates": [
          [
            [
              77.05289095843501,
              28.618598634567014
            ],
            [
              77.05289095843501,
              28.618396514552643
            ],
            [
              77.0531212117617,
              28.618396514552643
            ],
            [
              77.0531212117617,
              28.618598634567014
            ],
            [
              77.05289095843501,
              28.618598634567014
            ]
          ]
        ]
      },
      "properties": {
        "synthetic": true,
        "ulpin_demo": "11007510000684",
        "building_id": "BLD-0684",
        "parcel_id": "PAR-F7-43",
        "owner_fictional": "Vihaan Joshi",
        "floors": 4,
        "height_m": 12.8,
        "parcel_area_m2": 506.25,
        "footprint_m2": 192
      }
    },
    {
      "type": "Feature",
      "id": "PAR-F7-14",
      "geometry": {
        "type": "Polygon",
        "coordinates": [
          [
            [
              77.05220019845497,
              28.618396514552643
            ],
            [
              77.05220019845497,
              28.618194394538268
            ],
            [
              77.05243045178166,
              28.618194394538268
            ],
            [
              77.05243045178166,
              28.618396514552643
            ],
            [
              77.05220019845497,
              28.618396514552643
            ]
          ]
        ]
      },
      "properties": {
        "synthetic": true,
        "ulpin_demo": "11007510000685",
        "building_id": "BLD-0685",
        "parcel_id": "PAR-F7-14",
        "owner_fictional": "Meera Arora",
        "floors": 6,
        "height_m": 19.200000000000003,
        "parcel_area_m2": 506.25,
        "footprint_m2": 289
      }
    },
    {
      "type": "Feature",
      "id": "PAR-F7-24",
      "geometry": {
        "type": "Polygon",
        "coordinates": [
          [
            [
              77.05243045178166,
              28.618396514552643
            ],
            [
              77.05243045178166,
              28.618194394538268
            ],
            [
              77.05266070510834,
              28.618194394538268
            ],
            [
              77.05266070510834,
              28.618396514552643
            ],
            [
              77.05243045178166,
              28.618396514552643
            ]
          ]
        ]
      },
      "properties": {
        "synthetic": true,
        "ulpin_demo": "11007510000686",
        "building_id": "BLD-0686",
        "parcel_id": "PAR-F7-24",
        "owner_fictional": "Meera Arora",
        "floors": 3,
        "height_m": 9.600000000000001,
        "parcel_area_m2": 506.25,
        "footprint_m2": 238
      }
    },
    {
      "type": "Feature",
      "id": "PAR-F7-34",
      "geometry": {
        "type": "Polygon",
        "coordinates": [
          [
            [
              77.05266070510834,
              28.618396514552643
            ],
            [
              77.05266070510834,
              28.618194394538268
            ],
            [
              77.05289095843501,
              28.618194394538268
            ],
            [
              77.05289095843501,
              28.618396514552643
            ],
            [
              77.05266070510834,
              28.618396514552643
            ]
          ]
        ]
      },
      "properties": {
        "synthetic": true,
        "ulpin_demo": "11007510000687",
        "building_id": "BLD-0687",
        "parcel_id": "PAR-F7-34",
        "owner_fictional": "Rohan Batra",
        "floors": 6,
        "height_m": 19.200000000000003,
        "parcel_area_m2": 506.25,
        "footprint_m2": 256
      }
    },
    {
      "type": "Feature",
      "id": "PAR-F7-44",
      "geometry": {
        "type": "Polygon",
        "coordinates": [
          [
            [
              77.05289095843501,
              28.618396514552643
            ],
            [
              77.05289095843501,
              28.618194394538268
            ],
            [
              77.0531212117617,
              28.618194394538268
            ],
            [
              77.0531212117617,
              28.618396514552643
            ],
            [
              77.05289095843501,
              28.618396514552643
            ]
          ]
        ]
      },
      "properties": {
        "synthetic": true,
        "ulpin_demo": "11007510000688",
        "building_id": "BLD-0688",
        "parcel_id": "PAR-F7-44",
        "owner_fictional": "Vihaan Joshi",
        "floors": 4,
        "height_m": 12.8,
        "parcel_area_m2": 506.25,
        "footprint_m2": 272
      }
    },
    {
      "type": "Feature",
      "id": "PAR-F8-11",
      "geometry": {
        "type": "Polygon",
        "coordinates": [
          [
            [
              77.0532644804983,
              28.61900287459576
            ],
            [
              77.0532644804983,
              28.61880075458139
            ],
            [
              77.05349473382499,
              28.61880075458139
            ],
            [
              77.05349473382499,
              28.61900287459576
            ],
            [
              77.0532644804983,
              28.61900287459576
            ]
          ]
        ]
      },
      "properties": {
        "synthetic": true,
        "ulpin_demo": "11007510000689",
        "building_id": "BLD-0689",
        "parcel_id": "PAR-F8-11",
        "owner_fictional": "Riya Saxena",
        "floors": 4,
        "height_m": 12.8,
        "parcel_area_m2": 506.25,
        "footprint_m2": 156
      }
    },
    {
      "type": "Feature",
      "id": "PAR-F8-21",
      "geometry": {
        "type": "Polygon",
        "coordinates": [
          [
            [
              77.05349473382499,
              28.61900287459576
            ],
            [
              77.05349473382499,
              28.61880075458139
            ],
            [
              77.05372498715167,
              28.61880075458139
            ],
            [
              77.05372498715167,
              28.61900287459576
            ],
            [
              77.05349473382499,
              28.61900287459576
            ]
          ]
        ]
      },
      "properties": {
        "synthetic": true,
        "ulpin_demo": "11007510000690",
        "building_id": "BLD-0690",
        "parcel_id": "PAR-F8-21",
        "owner_fictional": "Riya Saxena",
        "floors": 3,
        "height_m": 9.600000000000001,
        "parcel_area_m2": 506.25,
        "footprint_m2": 289
      }
    },
    {
      "type": "Feature",
      "id": "PAR-F8-31",
      "geometry": {
        "type": "Polygon",
        "coordinates": [
          [
            [
              77.05372498715167,
              28.61900287459576
            ],
            [
              77.05372498715167,
              28.61880075458139
            ],
            [
              77.05395524047836,
              28.61880075458139
            ],
            [
              77.05395524047836,
              28.61900287459576
            ],
            [
              77.05372498715167,
              28.61900287459576
            ]
          ]
        ]
      },
      "properties": {
        "synthetic": true,
        "ulpin_demo": "11007510000691",
        "building_id": "BLD-0691",
        "parcel_id": "PAR-F8-31",
        "owner_fictional": "Kabir Nair",
        "floors": 4,
        "height_m": 12.8,
        "parcel_area_m2": 506.25,
        "footprint_m2": 210
      }
    },
    {
      "type": "Feature",
      "id": "PAR-F8-41",
      "geometry": {
        "type": "Polygon",
        "coordinates": [
          [
            [
              77.05395524047836,
              28.61900287459576
            ],
            [
              77.05395524047836,
              28.61880075458139
            ],
            [
              77.05418549380504,
              28.61880075458139
            ],
            [
              77.05418549380504,
              28.61900287459576
            ],
            [
              77.05395524047836,
              28.61900287459576
            ]
          ]
        ]
      },
      "properties": {
        "synthetic": true,
        "ulpin_demo": "11007510000692",
        "building_id": "BLD-0692",
        "parcel_id": "PAR-F8-41",
        "owner_fictional": "Tara Khanna",
        "floors": 4,
        "height_m": 12.8,
        "parcel_area_m2": 506.25,
        "footprint_m2": 240
      }
    },
    {
      "type": "Feature",
      "id": "PAR-F8-12",
      "geometry": {
        "type": "Polygon",
        "coordinates": [
          [
            [
              77.0532644804983,
              28.61880075458139
            ],
            [
              77.0532644804983,
              28.618598634567014
            ],
            [
              77.05349473382499,
              28.618598634567014
            ],
            [
              77.05349473382499,
              28.61880075458139
            ],
            [
              77.0532644804983,
              28.61880075458139
            ]
          ]
        ]
      },
      "properties": {
        "synthetic": true,
        "ulpin_demo": "11007510000693",
        "building_id": "BLD-0693",
        "parcel_id": "PAR-F8-12",
        "owner_fictional": "Nisha Anand",
        "floors": 3,
        "height_m": 9.600000000000001,
        "parcel_area_m2": 506.25,
        "footprint_m2": 221
      }
    },
    {
      "type": "Feature",
      "id": "PAR-F8-22",
      "geometry": {
        "type": "Polygon",
        "coordinates": [
          [
            [
              77.05349473382499,
              28.61880075458139
            ],
            [
              77.05349473382499,
              28.618598634567014
            ],
            [
              77.05372498715167,
              28.618598634567014
            ],
            [
              77.05372498715167,
              28.61880075458139
            ],
            [
              77.05349473382499,
              28.61880075458139
            ]
          ]
        ]
      },
      "properties": {
        "synthetic": true,
        "ulpin_demo": "11007510000694",
        "building_id": "BLD-0694",
        "parcel_id": "PAR-F8-22",
        "owner_fictional": "Kabir Nair",
        "floors": 5,
        "height_m": 16,
        "parcel_area_m2": 506.25,
        "footprint_m2": 240
      }
    },
    {
      "type": "Feature",
      "id": "PAR-F8-32",
      "geometry": {
        "type": "Polygon",
        "coordinates": [
          [
            [
              77.05372498715167,
              28.61880075458139
            ],
            [
              77.05372498715167,
              28.618598634567014
            ],
            [
              77.05395524047836,
              28.618598634567014
            ],
            [
              77.05395524047836,
              28.61880075458139
            ],
            [
              77.05372498715167,
              28.61880075458139
            ]
          ]
        ]
      },
      "properties": {
        "synthetic": true,
        "ulpin_demo": "11007510000695",
        "building_id": "BLD-0695",
        "parcel_id": "PAR-F8-32",
        "owner_fictional": "Nisha Anand",
        "floors": 4,
        "height_m": 12.8,
        "parcel_area_m2": 506.25,
        "footprint_m2": 272
      }
    },
    {
      "type": "Feature",
      "id": "PAR-F8-42",
      "geometry": {
        "type": "Polygon",
        "coordinates": [
          [
            [
              77.05395524047836,
              28.61880075458139
            ],
            [
              77.05395524047836,
              28.618598634567014
            ],
            [
              77.05418549380504,
              28.618598634567014
            ],
            [
              77.05418549380504,
              28.61880075458139
            ],
            [
              77.05395524047836,
              28.61880075458139
            ]
          ]
        ]
      },
      "properties": {
        "synthetic": true,
        "ulpin_demo": "11007510000696",
        "building_id": "BLD-0696",
        "parcel_id": "PAR-F8-42",
        "owner_fictional": "Vihaan Joshi",
        "floors": 6,
        "height_m": 19.200000000000003,
        "parcel_area_m2": 506.25,
        "footprint_m2": 210
      }
    },
    {
      "type": "Feature",
      "id": "PAR-F8-13",
      "geometry": {
        "type": "Polygon",
        "coordinates": [
          [
            [
              77.0532644804983,
              28.618598634567014
            ],
            [
              77.0532644804983,
              28.618396514552643
            ],
            [
              77.05349473382499,
              28.618396514552643
            ],
            [
              77.05349473382499,
              28.618598634567014
            ],
            [
              77.0532644804983,
              28.618598634567014
            ]
          ]
        ]
      },
      "properties": {
        "synthetic": true,
        "ulpin_demo": "11007510000697",
        "building_id": "BLD-0697",
        "parcel_id": "PAR-F8-13",
        "owner_fictional": "Sana Gill",
        "floors": 5,
        "height_m": 16,
        "parcel_area_m2": 506.25,
        "footprint_m2": 221
      }
    },
    {
      "type": "Feature",
      "id": "PAR-F8-23",
      "geometry": {
        "type": "Polygon",
        "coordinates": [
          [
            [
              77.05349473382499,
              28.618598634567014
            ],
            [
              77.05349473382499,
              28.618396514552643
            ],
            [
              77.05372498715167,
              28.618396514552643
            ],
            [
              77.05372498715167,
              28.618598634567014
            ],
            [
              77.05349473382499,
              28.618598634567014
            ]
          ]
        ]
      },
      "properties": {
        "synthetic": true,
        "ulpin_demo": "11007510000698",
        "building_id": "BLD-0698",
        "parcel_id": "PAR-F8-23",
        "owner_fictional": "Arjun Sinha",
        "floors": 3,
        "height_m": 9.600000000000001,
        "parcel_area_m2": 506.25,
        "footprint_m2": 225
      }
    },
    {
      "type": "Feature",
      "id": "PAR-F8-33",
      "geometry": {
        "type": "Polygon",
        "coordinates": [
          [
            [
              77.05372498715167,
              28.618598634567014
            ],
            [
              77.05372498715167,
              28.618396514552643
            ],
            [
              77.05395524047836,
              28.618396514552643
            ],
            [
              77.05395524047836,
              28.618598634567014
            ],
            [
              77.05372498715167,
              28.618598634567014
            ]
          ]
        ]
      },
      "properties": {
        "synthetic": true,
        "ulpin_demo": "11007510000699",
        "building_id": "BLD-0699",
        "parcel_id": "PAR-F8-33",
        "owner_fictional": "Neel Kapoor",
        "floors": 4,
        "height_m": 12.8,
        "parcel_area_m2": 506.25,
        "footprint_m2": 238
      }
    },
    {
      "type": "Feature",
      "id": "PAR-F8-43",
      "geometry": {
        "type": "Polygon",
        "coordinates": [
          [
            [
              77.05395524047836,
              28.618598634567014
            ],
            [
              77.05395524047836,
              28.618396514552643
            ],
            [
              77.05418549380504,
              28.618396514552643
            ],
            [
              77.05418549380504,
              28.618598634567014
            ],
            [
              77.05395524047836,
              28.618598634567014
            ]
          ]
        ]
      },
      "properties": {
        "synthetic": true,
        "ulpin_demo": "11007510000700",
        "building_id": "BLD-0700",
        "parcel_id": "PAR-F8-43",
        "owner_fictional": "Dev Ahuja",
        "floors": 6,
        "height_m": 19.200000000000003,
        "parcel_area_m2": 506.25,
        "footprint_m2": 225
      }
    },
    {
      "type": "Feature",
      "id": "PAR-F8-14",
      "geometry": {
        "type": "Polygon",
        "coordinates": [
          [
            [
              77.0532644804983,
              28.618396514552643
            ],
            [
              77.0532644804983,
              28.618194394538268
            ],
            [
              77.05349473382499,
              28.618194394538268
            ],
            [
              77.05349473382499,
              28.618396514552643
            ],
            [
              77.0532644804983,
              28.618396514552643
            ]
          ]
        ]
      },
      "properties": {
        "synthetic": true,
        "ulpin_demo": "11007510000701",
        "building_id": "BLD-0701",
        "parcel_id": "PAR-F8-14",
        "owner_fictional": "Nisha Anand",
        "floors": 3,
        "height_m": 9.600000000000001,
        "parcel_area_m2": 506.25,
        "footprint_m2": 238
      }
    },
    {
      "type": "Feature",
      "id": "PAR-F8-24",
      "geometry": {
        "type": "Polygon",
        "coordinates": [
          [
            [
              77.05349473382499,
              28.618396514552643
            ],
            [
              77.05349473382499,
              28.618194394538268
            ],
            [
              77.05372498715167,
              28.618194394538268
            ],
            [
              77.05372498715167,
              28.618396514552643
            ],
            [
              77.05349473382499,
              28.618396514552643
            ]
          ]
        ]
      },
      "properties": {
        "synthetic": true,
        "ulpin_demo": "11007510000702",
        "building_id": "BLD-0702",
        "parcel_id": "PAR-F8-24",
        "owner_fictional": "Aarav Mehta",
        "floors": 4,
        "height_m": 12.8,
        "parcel_area_m2": 506.25,
        "footprint_m2": 272
      }
    },
    {
      "type": "Feature",
      "id": "PAR-F8-34",
      "geometry": {
        "type": "Polygon",
        "coordinates": [
          [
            [
              77.05372498715167,
              28.618396514552643
            ],
            [
              77.05372498715167,
              28.618194394538268
            ],
            [
              77.05395524047836,
              28.618194394538268
            ],
            [
              77.05395524047836,
              28.618396514552643
            ],
            [
              77.05372498715167,
              28.618396514552643
            ]
          ]
        ]
      },
      "properties": {
        "synthetic": true,
        "ulpin_demo": "11007510000703",
        "building_id": "BLD-0703",
        "parcel_id": "PAR-F8-34",
        "owner_fictional": "Arjun Sinha",
        "floors": 6,
        "height_m": 19.200000000000003,
        "parcel_area_m2": 506.25,
        "footprint_m2": 180
      }
    },
    {
      "type": "Feature",
      "id": "PAR-F8-44",
      "geometry": {
        "type": "Polygon",
        "coordinates": [
          [
            [
              77.05395524047836,
              28.618396514552643
            ],
            [
              77.05395524047836,
              28.618194394538268
            ],
            [
              77.05418549380504,
              28.618194394538268
            ],
            [
              77.05418549380504,
              28.618396514552643
            ],
            [
              77.05395524047836,
              28.618396514552643
            ]
          ]
        ]
      },
      "properties": {
        "synthetic": true,
        "ulpin_demo": "11007510000704",
        "building_id": "BLD-0704",
        "parcel_id": "PAR-F8-44",
        "owner_fictional": "Kabir Nair",
        "floors": 5,
        "height_m": 16,
        "parcel_area_m2": 506.25,
        "footprint_m2": 252
      }
    },
    {
      "type": "Feature",
      "id": "PAR-G1-11",
      "geometry": {
        "type": "Polygon",
        "coordinates": [
          [
            [
              77.04581450619496,
              28.61806863097377
            ],
            [
              77.04581450619496,
              28.6178665109594
            ],
            [
              77.04604475952164,
              28.6178665109594
            ],
            [
              77.04604475952164,
              28.61806863097377
            ],
            [
              77.04581450619496,
              28.61806863097377
            ]
          ]
        ]
      },
      "properties": {
        "synthetic": true,
        "ulpin_demo": "11007510000705",
        "building_id": "BLD-0705",
        "parcel_id": "PAR-G1-11",
        "owner_fictional": "Kabir Nair",
        "floors": 6,
        "height_m": 19.200000000000003,
        "parcel_area_m2": 506.25,
        "footprint_m2": 272
      }
    },
    {
      "type": "Feature",
      "id": "PAR-G1-21",
      "geometry": {
        "type": "Polygon",
        "coordinates": [
          [
            [
              77.04604475952164,
              28.61806863097377
            ],
            [
              77.04604475952164,
              28.6178665109594
            ],
            [
              77.04627501284833,
              28.6178665109594
            ],
            [
              77.04627501284833,
              28.61806863097377
            ],
            [
              77.04604475952164,
              28.61806863097377
            ]
          ]
        ]
      },
      "properties": {
        "synthetic": true,
        "ulpin_demo": "11007510000706",
        "building_id": "BLD-0706",
        "parcel_id": "PAR-G1-21",
        "owner_fictional": "Vihaan Joshi",
        "floors": 4,
        "height_m": 12.8,
        "parcel_area_m2": 506.25,
        "footprint_m2": 252
      }
    },
    {
      "type": "Feature",
      "id": "PAR-G1-31",
      "geometry": {
        "type": "Polygon",
        "coordinates": [
          [
            [
              77.04627501284833,
              28.61806863097377
            ],
            [
              77.04627501284833,
              28.6178665109594
            ],
            [
              77.046505266175,
              28.6178665109594
            ],
            [
              77.046505266175,
              28.61806863097377
            ],
            [
              77.04627501284833,
              28.61806863097377
            ]
          ]
        ]
      },
      "properties": {
        "synthetic": true,
        "ulpin_demo": "11007510000707",
        "building_id": "BLD-0707",
        "parcel_id": "PAR-G1-31",
        "owner_fictional": "Riya Saxena",
        "floors": 4,
        "height_m": 12.8,
        "parcel_area_m2": 506.25,
        "footprint_m2": 210
      }
    },
    {
      "type": "Feature",
      "id": "PAR-G1-41",
      "geometry": {
        "type": "Polygon",
        "coordinates": [
          [
            [
              77.046505266175,
              28.61806863097377
            ],
            [
              77.046505266175,
              28.6178665109594
            ],
            [
              77.0467355195017,
              28.6178665109594
            ],
            [
              77.0467355195017,
              28.61806863097377
            ],
            [
              77.046505266175,
              28.61806863097377
            ]
          ]
        ]
      },
      "properties": {
        "synthetic": true,
        "ulpin_demo": "11007510000708",
        "building_id": "BLD-0708",
        "parcel_id": "PAR-G1-41",
        "owner_fictional": "Diya Malhotra",
        "floors": 5,
        "height_m": 16,
        "parcel_area_m2": 506.25,
        "footprint_m2": 168
      }
    },
    {
      "type": "Feature",
      "id": "PAR-G1-12",
      "geometry": {
        "type": "Polygon",
        "coordinates": [
          [
            [
              77.04581450619496,
              28.6178665109594
            ],
            [
              77.04581450619496,
              28.617664390945023
            ],
            [
              77.04604475952164,
              28.617664390945023
            ],
            [
              77.04604475952164,
              28.6178665109594
            ],
            [
              77.04581450619496,
              28.6178665109594
            ]
          ]
        ]
      },
      "properties": {
        "synthetic": true,
        "ulpin_demo": "11007510000709",
        "building_id": "BLD-0709",
        "parcel_id": "PAR-G1-12",
        "owner_fictional": "Kabir Nair",
        "floors": 5,
        "height_m": 16,
        "parcel_area_m2": 506.25,
        "footprint_m2": 156
      }
    },
    {
      "type": "Feature",
      "id": "PAR-G1-22",
      "geometry": {
        "type": "Polygon",
        "coordinates": [
          [
            [
              77.04604475952164,
              28.6178665109594
            ],
            [
              77.04604475952164,
              28.617664390945023
            ],
            [
              77.04627501284833,
              28.617664390945023
            ],
            [
              77.04627501284833,
              28.6178665109594
            ],
            [
              77.04604475952164,
              28.6178665109594
            ]
          ]
        ]
      },
      "properties": {
        "synthetic": true,
        "ulpin_demo": "11007510000710",
        "building_id": "BLD-0710",
        "parcel_id": "PAR-G1-22",
        "owner_fictional": "Dev Ahuja",
        "floors": 5,
        "height_m": 16,
        "parcel_area_m2": 506.25,
        "footprint_m2": 180
      }
    },
    {
      "type": "Feature",
      "id": "PAR-G1-32",
      "geometry": {
        "type": "Polygon",
        "coordinates": [
          [
            [
              77.04627501284833,
              28.6178665109594
            ],
            [
              77.04627501284833,
              28.617664390945023
            ],
            [
              77.046505266175,
              28.617664390945023
            ],
            [
              77.046505266175,
              28.6178665109594
            ],
            [
              77.04627501284833,
              28.6178665109594
            ]
          ]
        ]
      },
      "properties": {
        "synthetic": true,
        "ulpin_demo": "11007510000711",
        "building_id": "BLD-0711",
        "parcel_id": "PAR-G1-32",
        "owner_fictional": "Nisha Anand",
        "floors": 4,
        "height_m": 12.8,
        "parcel_area_m2": 506.25,
        "footprint_m2": 196
      }
    },
    {
      "type": "Feature",
      "id": "PAR-G1-42",
      "geometry": {
        "type": "Polygon",
        "coordinates": [
          [
            [
              77.046505266175,
              28.6178665109594
            ],
            [
              77.046505266175,
              28.617664390945023
            ],
            [
              77.0467355195017,
              28.617664390945023
            ],
            [
              77.0467355195017,
              28.6178665109594
            ],
            [
              77.046505266175,
              28.6178665109594
            ]
          ]
        ]
      },
      "properties": {
        "synthetic": true,
        "ulpin_demo": "11007510000712",
        "building_id": "BLD-0712",
        "parcel_id": "PAR-G1-42",
        "owner_fictional": "Diya Malhotra",
        "floors": 4,
        "height_m": 12.8,
        "parcel_area_m2": 506.25,
        "footprint_m2": 225
      }
    },
    {
      "type": "Feature",
      "id": "PAR-G1-13",
      "geometry": {
        "type": "Polygon",
        "coordinates": [
          [
            [
              77.04581450619496,
              28.617664390945023
            ],
            [
              77.04581450619496,
              28.617462270930652
            ],
            [
              77.04604475952164,
              28.617462270930652
            ],
            [
              77.04604475952164,
              28.617664390945023
            ],
            [
              77.04581450619496,
              28.617664390945023
            ]
          ]
        ]
      },
      "properties": {
        "synthetic": true,
        "ulpin_demo": "11007510000713",
        "building_id": "BLD-0713",
        "parcel_id": "PAR-G1-13",
        "owner_fictional": "Tara Khanna",
        "floors": 6,
        "height_m": 19.200000000000003,
        "parcel_area_m2": 506.25,
        "footprint_m2": 272
      }
    },
    {
      "type": "Feature",
      "id": "PAR-G1-23",
      "geometry": {
        "type": "Polygon",
        "coordinates": [
          [
            [
              77.04604475952164,
              28.617664390945023
            ],
            [
              77.04604475952164,
              28.617462270930652
            ],
            [
              77.04627501284833,
              28.617462270930652
            ],
            [
              77.04627501284833,
              28.617664390945023
            ],
            [
              77.04604475952164,
              28.617664390945023
            ]
          ]
        ]
      },
      "properties": {
        "synthetic": true,
        "ulpin_demo": "11007510000714",
        "building_id": "BLD-0714",
        "parcel_id": "PAR-G1-23",
        "owner_fictional": "Tara Khanna",
        "floors": 4,
        "height_m": 12.8,
        "parcel_area_m2": 506.25,
        "footprint_m2": 270
      }
    },
    {
      "type": "Feature",
      "id": "PAR-G1-33",
      "geometry": {
        "type": "Polygon",
        "coordinates": [
          [
            [
              77.04627501284833,
              28.617664390945023
            ],
            [
              77.04627501284833,
              28.617462270930652
            ],
            [
              77.046505266175,
              28.617462270930652
            ],
            [
              77.046505266175,
              28.617664390945023
            ],
            [
              77.04627501284833,
              28.617664390945023
            ]
          ]
        ]
      },
      "properties": {
        "synthetic": true,
        "ulpin_demo": "11007510000715",
        "building_id": "BLD-0715",
        "parcel_id": "PAR-G1-33",
        "owner_fictional": "Arjun Sinha",
        "floors": 6,
        "height_m": 19.200000000000003,
        "parcel_area_m2": 506.25,
        "footprint_m2": 204
      }
    },
    {
      "type": "Feature",
      "id": "PAR-G1-43",
      "geometry": {
        "type": "Polygon",
        "coordinates": [
          [
            [
              77.046505266175,
              28.617664390945023
            ],
            [
              77.046505266175,
              28.617462270930652
            ],
            [
              77.0467355195017,
              28.617462270930652
            ],
            [
              77.0467355195017,
              28.617664390945023
            ],
            [
              77.046505266175,
              28.617664390945023
            ]
          ]
        ]
      },
      "properties": {
        "synthetic": true,
        "ulpin_demo": "11007510000716",
        "building_id": "BLD-0716",
        "parcel_id": "PAR-G1-43",
        "owner_fictional": "Dev Ahuja",
        "floors": 6,
        "height_m": 19.200000000000003,
        "parcel_area_m2": 506.25,
        "footprint_m2": 256
      }
    },
    {
      "type": "Feature",
      "id": "PAR-G1-14",
      "geometry": {
        "type": "Polygon",
        "coordinates": [
          [
            [
              77.04581450619496,
              28.617462270930652
            ],
            [
              77.04581450619496,
              28.617260150916277
            ],
            [
              77.04604475952164,
              28.617260150916277
            ],
            [
              77.04604475952164,
              28.617462270930652
            ],
            [
              77.04581450619496,
              28.617462270930652
            ]
          ]
        ]
      },
      "properties": {
        "synthetic": true,
        "ulpin_demo": "11007510000717",
        "building_id": "BLD-0717",
        "parcel_id": "PAR-G1-14",
        "owner_fictional": "Rohan Batra",
        "floors": 6,
        "height_m": 19.200000000000003,
        "parcel_area_m2": 506.25,
        "footprint_m2": 221
      }
    },
    {
      "type": "Feature",
      "id": "PAR-G1-24",
      "geometry": {
        "type": "Polygon",
        "coordinates": [
          [
            [
              77.04604475952164,
              28.617462270930652
            ],
            [
              77.04604475952164,
              28.617260150916277
            ],
            [
              77.04627501284833,
              28.617260150916277
            ],
            [
              77.04627501284833,
              28.617462270930652
            ],
            [
              77.04604475952164,
              28.617462270930652
            ]
          ]
        ]
      },
      "properties": {
        "synthetic": true,
        "ulpin_demo": "11007510000718",
        "building_id": "BLD-0718",
        "parcel_id": "PAR-G1-24",
        "owner_fictional": "Kabir Nair",
        "floors": 3,
        "height_m": 9.600000000000001,
        "parcel_area_m2": 506.25,
        "footprint_m2": 272
      }
    },
    {
      "type": "Feature",
      "id": "PAR-G1-34",
      "geometry": {
        "type": "Polygon",
        "coordinates": [
          [
            [
              77.04627501284833,
              28.617462270930652
            ],
            [
              77.04627501284833,
              28.617260150916277
            ],
            [
              77.046505266175,
              28.617260150916277
            ],
            [
              77.046505266175,
              28.617462270930652
            ],
            [
              77.04627501284833,
              28.617462270930652
            ]
          ]
        ]
      },
      "properties": {
        "synthetic": true,
        "ulpin_demo": "11007510000719",
        "building_id": "BLD-0719",
        "parcel_id": "PAR-G1-34",
        "owner_fictional": "Kavya Sethi",
        "floors": 5,
        "height_m": 16,
        "parcel_area_m2": 506.25,
        "footprint_m2": 272
      }
    },
    {
      "type": "Feature",
      "id": "PAR-G1-44",
      "geometry": {
        "type": "Polygon",
        "coordinates": [
          [
            [
              77.046505266175,
              28.617462270930652
            ],
            [
              77.046505266175,
              28.617260150916277
            ],
            [
              77.0467355195017,
              28.617260150916277
            ],
            [
              77.0467355195017,
              28.617462270930652
            ],
            [
              77.046505266175,
              28.617462270930652
            ]
          ]
        ]
      },
      "properties": {
        "synthetic": true,
        "ulpin_demo": "11007510000720",
        "building_id": "BLD-0720",
        "parcel_id": "PAR-G1-44",
        "owner_fictional": "Kabir Nair",
        "floors": 4,
        "height_m": 12.8,
        "parcel_area_m2": 506.25,
        "footprint_m2": 182
      }
    },
    {
      "type": "Feature",
      "id": "PAR-G2-11",
      "geometry": {
        "type": "Polygon",
        "coordinates": [
          [
            [
              77.04687878823829,
              28.61806863097377
            ],
            [
              77.04687878823829,
              28.6178665109594
            ],
            [
              77.04710904156498,
              28.6178665109594
            ],
            [
              77.04710904156498,
              28.61806863097377
            ],
            [
              77.04687878823829,
              28.61806863097377
            ]
          ]
        ]
      },
      "properties": {
        "synthetic": true,
        "ulpin_demo": "11007510000721",
        "building_id": "BLD-0721",
        "parcel_id": "PAR-G2-11",
        "owner_fictional": "Vihaan Joshi",
        "floors": 4,
        "height_m": 12.8,
        "parcel_area_m2": 506.25,
        "footprint_m2": 210
      }
    },
    {
      "type": "Feature",
      "id": "PAR-G2-21",
      "geometry": {
        "type": "Polygon",
        "coordinates": [
          [
            [
              77.04710904156498,
              28.61806863097377
            ],
            [
              77.04710904156498,
              28.6178665109594
            ],
            [
              77.04733929489166,
              28.6178665109594
            ],
            [
              77.04733929489166,
              28.61806863097377
            ],
            [
              77.04710904156498,
              28.61806863097377
            ]
          ]
        ]
      },
      "properties": {
        "synthetic": true,
        "ulpin_demo": "11007510000722",
        "building_id": "BLD-0722",
        "parcel_id": "PAR-G2-21",
        "owner_fictional": "Kabir Nair",
        "floors": 6,
        "height_m": 19.200000000000003,
        "parcel_area_m2": 506.25,
        "footprint_m2": 306
      }
    },
    {
      "type": "Feature",
      "id": "PAR-G2-31",
      "geometry": {
        "type": "Polygon",
        "coordinates": [
          [
            [
              77.04733929489166,
              28.61806863097377
            ],
            [
              77.04733929489166,
              28.6178665109594
            ],
            [
              77.04756954821833,
              28.6178665109594
            ],
            [
              77.04756954821833,
              28.61806863097377
            ],
            [
              77.04733929489166,
              28.61806863097377
            ]
          ]
        ]
      },
      "properties": {
        "synthetic": true,
        "ulpin_demo": "11007510000723",
        "building_id": "BLD-0723",
        "parcel_id": "PAR-G2-31",
        "owner_fictional": "Tara Khanna",
        "floors": 6,
        "height_m": 19.200000000000003,
        "parcel_area_m2": 506.25,
        "footprint_m2": 210
      }
    },
    {
      "type": "Feature",
      "id": "PAR-G2-41",
      "geometry": {
        "type": "Polygon",
        "coordinates": [
          [
            [
              77.04756954821833,
              28.61806863097377
            ],
            [
              77.04756954821833,
              28.6178665109594
            ],
            [
              77.04779980154503,
              28.6178665109594
            ],
            [
              77.04779980154503,
              28.61806863097377
            ],
            [
              77.04756954821833,
              28.61806863097377
            ]
          ]
        ]
      },
      "properties": {
        "synthetic": true,
        "ulpin_demo": "11007510000724",
        "building_id": "BLD-0724",
        "parcel_id": "PAR-G2-41",
        "owner_fictional": "Rohan Batra",
        "floors": 6,
        "height_m": 19.200000000000003,
        "parcel_area_m2": 506.25,
        "footprint_m2": 255
      }
    },
    {
      "type": "Feature",
      "id": "PAR-G2-12",
      "geometry": {
        "type": "Polygon",
        "coordinates": [
          [
            [
              77.04687878823829,
              28.6178665109594
            ],
            [
              77.04687878823829,
              28.617664390945023
            ],
            [
              77.04710904156498,
              28.617664390945023
            ],
            [
              77.04710904156498,
              28.6178665109594
            ],
            [
              77.04687878823829,
              28.6178665109594
            ]
          ]
        ]
      },
      "properties": {
        "synthetic": true,
        "ulpin_demo": "11007510000725",
        "building_id": "BLD-0725",
        "parcel_id": "PAR-G2-12",
        "owner_fictional": "Neel Kapoor",
        "floors": 3,
        "height_m": 9.600000000000001,
        "parcel_area_m2": 506.25,
        "footprint_m2": 238
      }
    },
    {
      "type": "Feature",
      "id": "PAR-G2-22",
      "geometry": {
        "type": "Polygon",
        "coordinates": [
          [
            [
              77.04710904156498,
              28.6178665109594
            ],
            [
              77.04710904156498,
              28.617664390945023
            ],
            [
              77.04733929489166,
              28.617664390945023
            ],
            [
              77.04733929489166,
              28.6178665109594
            ],
            [
              77.04710904156498,
              28.6178665109594
            ]
          ]
        ]
      },
      "properties": {
        "synthetic": true,
        "ulpin_demo": "11007510000726",
        "building_id": "BLD-0726",
        "parcel_id": "PAR-G2-22",
        "owner_fictional": "Dev Ahuja",
        "floors": 5,
        "height_m": 16,
        "parcel_area_m2": 506.25,
        "footprint_m2": 221
      }
    },
    {
      "type": "Feature",
      "id": "PAR-G2-32",
      "geometry": {
        "type": "Polygon",
        "coordinates": [
          [
            [
              77.04733929489166,
              28.6178665109594
            ],
            [
              77.04733929489166,
              28.617664390945023
            ],
            [
              77.04756954821833,
              28.617664390945023
            ],
            [
              77.04756954821833,
              28.6178665109594
            ],
            [
              77.04733929489166,
              28.6178665109594
            ]
          ]
        ]
      },
      "properties": {
        "synthetic": true,
        "ulpin_demo": "11007510000727",
        "building_id": "BLD-0727",
        "parcel_id": "PAR-G2-32",
        "owner_fictional": "Vihaan Joshi",
        "floors": 6,
        "height_m": 19.200000000000003,
        "parcel_area_m2": 506.25,
        "footprint_m2": 208
      }
    },
    {
      "type": "Feature",
      "id": "PAR-G2-42",
      "geometry": {
        "type": "Polygon",
        "coordinates": [
          [
            [
              77.04756954821833,
              28.6178665109594
            ],
            [
              77.04756954821833,
              28.617664390945023
            ],
            [
              77.04779980154503,
              28.617664390945023
            ],
            [
              77.04779980154503,
              28.6178665109594
            ],
            [
              77.04756954821833,
              28.6178665109594
            ]
          ]
        ]
      },
      "properties": {
        "synthetic": true,
        "ulpin_demo": "11007510000728",
        "building_id": "BLD-0728",
        "parcel_id": "PAR-G2-42",
        "owner_fictional": "Kabir Nair",
        "floors": 5,
        "height_m": 16,
        "parcel_area_m2": 506.25,
        "footprint_m2": 221
      }
    },
    {
      "type": "Feature",
      "id": "PAR-G2-13",
      "geometry": {
        "type": "Polygon",
        "coordinates": [
          [
            [
              77.04687878823829,
              28.617664390945023
            ],
            [
              77.04687878823829,
              28.617462270930652
            ],
            [
              77.04710904156498,
              28.617462270930652
            ],
            [
              77.04710904156498,
              28.617664390945023
            ],
            [
              77.04687878823829,
              28.617664390945023
            ]
          ]
        ]
      },
      "properties": {
        "synthetic": true,
        "ulpin_demo": "11007510000729",
        "building_id": "BLD-0729",
        "parcel_id": "PAR-G2-13",
        "owner_fictional": "Dev Ahuja",
        "floors": 6,
        "height_m": 19.200000000000003,
        "parcel_area_m2": 506.25,
        "footprint_m2": 255
      }
    },
    {
      "type": "Feature",
      "id": "PAR-G2-23",
      "geometry": {
        "type": "Polygon",
        "coordinates": [
          [
            [
              77.04710904156498,
              28.617664390945023
            ],
            [
              77.04710904156498,
              28.617462270930652
            ],
            [
              77.04733929489166,
              28.617462270930652
            ],
            [
              77.04733929489166,
              28.617664390945023
            ],
            [
              77.04710904156498,
              28.617664390945023
            ]
          ]
        ]
      },
      "properties": {
        "synthetic": true,
        "ulpin_demo": "11007510000730",
        "building_id": "BLD-0730",
        "parcel_id": "PAR-G2-23",
        "owner_fictional": "Nisha Anand",
        "floors": 4,
        "height_m": 12.8,
        "parcel_area_m2": 506.25,
        "footprint_m2": 192
      }
    },
    {
      "type": "Feature",
      "id": "PAR-G2-33",
      "geometry": {
        "type": "Polygon",
        "coordinates": [
          [
            [
              77.04733929489166,
              28.617664390945023
            ],
            [
              77.04733929489166,
              28.617462270930652
            ],
            [
              77.04756954821833,
              28.617462270930652
            ],
            [
              77.04756954821833,
              28.617664390945023
            ],
            [
              77.04733929489166,
              28.617664390945023
            ]
          ]
        ]
      },
      "properties": {
        "synthetic": true,
        "ulpin_demo": "11007510000731",
        "building_id": "BLD-0731",
        "parcel_id": "PAR-G2-33",
        "owner_fictional": "Ishaan Verma",
        "floors": 5,
        "height_m": 16,
        "parcel_area_m2": 506.25,
        "footprint_m2": 234
      }
    },
    {
      "type": "Feature",
      "id": "PAR-G2-43",
      "geometry": {
        "type": "Polygon",
        "coordinates": [
          [
            [
              77.04756954821833,
              28.617664390945023
            ],
            [
              77.04756954821833,
              28.617462270930652
            ],
            [
              77.04779980154503,
              28.617462270930652
            ],
            [
              77.04779980154503,
              28.617664390945023
            ],
            [
              77.04756954821833,
              28.617664390945023
            ]
          ]
        ]
      },
      "properties": {
        "synthetic": true,
        "ulpin_demo": "11007510000732",
        "building_id": "BLD-0732",
        "parcel_id": "PAR-G2-43",
        "owner_fictional": "Arjun Sinha",
        "floors": 6,
        "height_m": 19.200000000000003,
        "parcel_area_m2": 506.25,
        "footprint_m2": 208
      }
    },
    {
      "type": "Feature",
      "id": "PAR-G2-14",
      "geometry": {
        "type": "Polygon",
        "coordinates": [
          [
            [
              77.04687878823829,
              28.617462270930652
            ],
            [
              77.04687878823829,
              28.617260150916277
            ],
            [
              77.04710904156498,
              28.617260150916277
            ],
            [
              77.04710904156498,
              28.617462270930652
            ],
            [
              77.04687878823829,
              28.617462270930652
            ]
          ]
        ]
      },
      "properties": {
        "synthetic": true,
        "ulpin_demo": "11007510000733",
        "building_id": "BLD-0733",
        "parcel_id": "PAR-G2-14",
        "owner_fictional": "Ananya Rao",
        "floors": 3,
        "height_m": 9.600000000000001,
        "parcel_area_m2": 506.25,
        "footprint_m2": 169
      }
    },
    {
      "type": "Feature",
      "id": "PAR-G2-24",
      "geometry": {
        "type": "Polygon",
        "coordinates": [
          [
            [
              77.04710904156498,
              28.617462270930652
            ],
            [
              77.04710904156498,
              28.617260150916277
            ],
            [
              77.04733929489166,
              28.617260150916277
            ],
            [
              77.04733929489166,
              28.617462270930652
            ],
            [
              77.04710904156498,
              28.617462270930652
            ]
          ]
        ]
      },
      "properties": {
        "synthetic": true,
        "ulpin_demo": "11007510000734",
        "building_id": "BLD-0734",
        "parcel_id": "PAR-G2-24",
        "owner_fictional": "Rohan Batra",
        "floors": 3,
        "height_m": 9.600000000000001,
        "parcel_area_m2": 506.25,
        "footprint_m2": 270
      }
    },
    {
      "type": "Feature",
      "id": "PAR-G2-34",
      "geometry": {
        "type": "Polygon",
        "coordinates": [
          [
            [
              77.04733929489166,
              28.617462270930652
            ],
            [
              77.04733929489166,
              28.617260150916277
            ],
            [
              77.04756954821833,
              28.617260150916277
            ],
            [
              77.04756954821833,
              28.617462270930652
            ],
            [
              77.04733929489166,
              28.617462270930652
            ]
          ]
        ]
      },
      "properties": {
        "synthetic": true,
        "ulpin_demo": "11007510000735",
        "building_id": "BLD-0735",
        "parcel_id": "PAR-G2-34",
        "owner_fictional": "Diya Malhotra",
        "floors": 6,
        "height_m": 19.200000000000003,
        "parcel_area_m2": 506.25,
        "footprint_m2": 210
      }
    },
    {
      "type": "Feature",
      "id": "PAR-G2-44",
      "geometry": {
        "type": "Polygon",
        "coordinates": [
          [
            [
              77.04756954821833,
              28.617462270930652
            ],
            [
              77.04756954821833,
              28.617260150916277
            ],
            [
              77.04779980154503,
              28.617260150916277
            ],
            [
              77.04779980154503,
              28.617462270930652
            ],
            [
              77.04756954821833,
              28.617462270930652
            ]
          ]
        ]
      },
      "properties": {
        "synthetic": true,
        "ulpin_demo": "11007510000736",
        "building_id": "BLD-0736",
        "parcel_id": "PAR-G2-44",
        "owner_fictional": "Nisha Anand",
        "floors": 4,
        "height_m": 12.8,
        "parcel_area_m2": 506.25,
        "footprint_m2": 195
      }
    },
    {
      "type": "Feature",
      "id": "PAR-G3-11",
      "geometry": {
        "type": "Polygon",
        "coordinates": [
          [
            [
              77.04794307028163,
              28.61806863097377
            ],
            [
              77.04794307028163,
              28.6178665109594
            ],
            [
              77.04817332360831,
              28.6178665109594
            ],
            [
              77.04817332360831,
              28.61806863097377
            ],
            [
              77.04794307028163,
              28.61806863097377
            ]
          ]
        ]
      },
      "properties": {
        "synthetic": true,
        "ulpin_demo": "11007510000737",
        "building_id": "BLD-0737",
        "parcel_id": "PAR-G3-11",
        "owner_fictional": "Arjun Sinha",
        "floors": 4,
        "height_m": 12.8,
        "parcel_area_m2": 506.25,
        "footprint_m2": 210
      }
    },
    {
      "type": "Feature",
      "id": "PAR-G3-21",
      "geometry": {
        "type": "Polygon",
        "coordinates": [
          [
            [
              77.04817332360831,
              28.61806863097377
            ],
            [
              77.04817332360831,
              28.6178665109594
            ],
            [
              77.04840357693499,
              28.6178665109594
            ],
            [
              77.04840357693499,
              28.61806863097377
            ],
            [
              77.04817332360831,
              28.61806863097377
            ]
          ]
        ]
      },
      "properties": {
        "synthetic": true,
        "ulpin_demo": "11007510000738",
        "building_id": "BLD-0738",
        "parcel_id": "PAR-G3-21",
        "owner_fictional": "Kavya Sethi",
        "floors": 5,
        "height_m": 16,
        "parcel_area_m2": 506.25,
        "footprint_m2": 306
      }
    },
    {
      "type": "Feature",
      "id": "PAR-G3-31",
      "geometry": {
        "type": "Polygon",
        "coordinates": [
          [
            [
              77.04840357693499,
              28.61806863097377
            ],
            [
              77.04840357693499,
              28.6178665109594
            ],
            [
              77.04863383026168,
              28.6178665109594
            ],
            [
              77.04863383026168,
              28.61806863097377
            ],
            [
              77.04840357693499,
              28.61806863097377
            ]
          ]
        ]
      },
      "properties": {
        "synthetic": true,
        "ulpin_demo": "11007510000739",
        "building_id": "BLD-0739",
        "parcel_id": "PAR-G3-31",
        "owner_fictional": "Neel Kapoor",
        "floors": 3,
        "height_m": 9.600000000000001,
        "parcel_area_m2": 506.25,
        "footprint_m2": 270
      }
    },
    {
      "type": "Feature",
      "id": "PAR-G3-41",
      "geometry": {
        "type": "Polygon",
        "coordinates": [
          [
            [
              77.04863383026168,
              28.61806863097377
            ],
            [
              77.04863383026168,
              28.6178665109594
            ],
            [
              77.04886408358836,
              28.6178665109594
            ],
            [
              77.04886408358836,
              28.61806863097377
            ],
            [
              77.04863383026168,
              28.61806863097377
            ]
          ]
        ]
      },
      "properties": {
        "synthetic": true,
        "ulpin_demo": "11007510000740",
        "building_id": "BLD-0740",
        "parcel_id": "PAR-G3-41",
        "owner_fictional": "Kavya Sethi",
        "floors": 3,
        "height_m": 9.600000000000001,
        "parcel_area_m2": 506.25,
        "footprint_m2": 224
      }
    },
    {
      "type": "Feature",
      "id": "PAR-G3-12",
      "geometry": {
        "type": "Polygon",
        "coordinates": [
          [
            [
              77.04794307028163,
              28.6178665109594
            ],
            [
              77.04794307028163,
              28.617664390945023
            ],
            [
              77.04817332360831,
              28.617664390945023
            ],
            [
              77.04817332360831,
              28.6178665109594
            ],
            [
              77.04794307028163,
              28.6178665109594
            ]
          ]
        ]
      },
      "properties": {
        "synthetic": true,
        "ulpin_demo": "11007510000741",
        "building_id": "BLD-0741",
        "parcel_id": "PAR-G3-12",
        "owner_fictional": "Vihaan Joshi",
        "floors": 4,
        "height_m": 12.8,
        "parcel_area_m2": 506.25,
        "footprint_m2": 204
      }
    },
    {
      "type": "Feature",
      "id": "PAR-G3-22",
      "geometry": {
        "type": "Polygon",
        "coordinates": [
          [
            [
              77.04817332360831,
              28.6178665109594
            ],
            [
              77.04817332360831,
              28.617664390945023
            ],
            [
              77.04840357693499,
              28.617664390945023
            ],
            [
              77.04840357693499,
              28.6178665109594
            ],
            [
              77.04817332360831,
              28.6178665109594
            ]
          ]
        ]
      },
      "properties": {
        "synthetic": true,
        "ulpin_demo": "11007510000742",
        "building_id": "BLD-0742",
        "parcel_id": "PAR-G3-22",
        "owner_fictional": "Sana Gill",
        "floors": 5,
        "height_m": 16,
        "parcel_area_m2": 506.25,
        "footprint_m2": 221
      }
    },
    {
      "type": "Feature",
      "id": "PAR-G3-32",
      "geometry": {
        "type": "Polygon",
        "coordinates": [
          [
            [
              77.04840357693499,
              28.6178665109594
            ],
            [
              77.04840357693499,
              28.617664390945023
            ],
            [
              77.04863383026168,
              28.617664390945023
            ],
            [
              77.04863383026168,
              28.6178665109594
            ],
            [
              77.04840357693499,
              28.6178665109594
            ]
          ]
        ]
      },
      "properties": {
        "synthetic": true,
        "ulpin_demo": "11007510000743",
        "building_id": "BLD-0743",
        "parcel_id": "PAR-G3-32",
        "owner_fictional": "Neel Kapoor",
        "floors": 3,
        "height_m": 9.600000000000001,
        "parcel_area_m2": 506.25,
        "footprint_m2": 210
      }
    },
    {
      "type": "Feature",
      "id": "PAR-G3-42",
      "geometry": {
        "type": "Polygon",
        "coordinates": [
          [
            [
              77.04863383026168,
              28.6178665109594
            ],
            [
              77.04863383026168,
              28.617664390945023
            ],
            [
              77.04886408358836,
              28.617664390945023
            ],
            [
              77.04886408358836,
              28.6178665109594
            ],
            [
              77.04863383026168,
              28.6178665109594
            ]
          ]
        ]
      },
      "properties": {
        "synthetic": true,
        "ulpin_demo": "11007510000744",
        "building_id": "BLD-0744",
        "parcel_id": "PAR-G3-42",
        "owner_fictional": "Arjun Sinha",
        "floors": 5,
        "height_m": 16,
        "parcel_area_m2": 506.25,
        "footprint_m2": 196
      }
    },
    {
      "type": "Feature",
      "id": "PAR-G3-13",
      "geometry": {
        "type": "Polygon",
        "coordinates": [
          [
            [
              77.04794307028163,
              28.617664390945023
            ],
            [
              77.04794307028163,
              28.617462270930652
            ],
            [
              77.04817332360831,
              28.617462270930652
            ],
            [
              77.04817332360831,
              28.617664390945023
            ],
            [
              77.04794307028163,
              28.617664390945023
            ]
          ]
        ]
      },
      "properties": {
        "synthetic": true,
        "ulpin_demo": "11007510000745",
        "building_id": "BLD-0745",
        "parcel_id": "PAR-G3-13",
        "owner_fictional": "Kabir Nair",
        "floors": 3,
        "height_m": 9.600000000000001,
        "parcel_area_m2": 506.25,
        "footprint_m2": 240
      }
    },
    {
      "type": "Feature",
      "id": "PAR-G3-23",
      "geometry": {
        "type": "Polygon",
        "coordinates": [
          [
            [
              77.04817332360831,
              28.617664390945023
            ],
            [
              77.04817332360831,
              28.617462270930652
            ],
            [
              77.04840357693499,
              28.617462270930652
            ],
            [
              77.04840357693499,
              28.617664390945023
            ],
            [
              77.04817332360831,
              28.617664390945023
            ]
          ]
        ]
      },
      "properties": {
        "synthetic": true,
        "ulpin_demo": "11007510000746",
        "building_id": "BLD-0746",
        "parcel_id": "PAR-G3-23",
        "owner_fictional": "Vihaan Joshi",
        "floors": 3,
        "height_m": 9.600000000000001,
        "parcel_area_m2": 506.25,
        "footprint_m2": 208
      }
    },
    {
      "type": "Feature",
      "id": "PAR-G3-33",
      "geometry": {
        "type": "Polygon",
        "coordinates": [
          [
            [
              77.04840357693499,
              28.617664390945023
            ],
            [
              77.04840357693499,
              28.617462270930652
            ],
            [
              77.04863383026168,
              28.617462270930652
            ],
            [
              77.04863383026168,
              28.617664390945023
            ],
            [
              77.04840357693499,
              28.617664390945023
            ]
          ]
        ]
      },
      "properties": {
        "synthetic": true,
        "ulpin_demo": "11007510000747",
        "building_id": "BLD-0747",
        "parcel_id": "PAR-G3-33",
        "owner_fictional": "Nisha Anand",
        "floors": 6,
        "height_m": 19.200000000000003,
        "parcel_area_m2": 506.25,
        "footprint_m2": 256
      }
    },
    {
      "type": "Feature",
      "id": "PAR-G3-43",
      "geometry": {
        "type": "Polygon",
        "coordinates": [
          [
            [
              77.04863383026168,
              28.617664390945023
            ],
            [
              77.04863383026168,
              28.617462270930652
            ],
            [
              77.04886408358836,
              28.617462270930652
            ],
            [
              77.04886408358836,
              28.617664390945023
            ],
            [
              77.04863383026168,
              28.617664390945023
            ]
          ]
        ]
      },
      "properties": {
        "synthetic": true,
        "ulpin_demo": "11007510000748",
        "building_id": "BLD-0748",
        "parcel_id": "PAR-G3-43",
        "owner_fictional": "Aarav Mehta",
        "floors": 6,
        "height_m": 19.200000000000003,
        "parcel_area_m2": 506.25,
        "footprint_m2": 272
      }
    },
    {
      "type": "Feature",
      "id": "PAR-G3-14",
      "geometry": {
        "type": "Polygon",
        "coordinates": [
          [
            [
              77.04794307028163,
              28.617462270930652
            ],
            [
              77.04794307028163,
              28.617260150916277
            ],
            [
              77.04817332360831,
              28.617260150916277
            ],
            [
              77.04817332360831,
              28.617462270930652
            ],
            [
              77.04794307028163,
              28.617462270930652
            ]
          ]
        ]
      },
      "properties": {
        "synthetic": true,
        "ulpin_demo": "11007510000749",
        "building_id": "BLD-0749",
        "parcel_id": "PAR-G3-14",
        "owner_fictional": "Kavya Sethi",
        "floors": 3,
        "height_m": 9.600000000000001,
        "parcel_area_m2": 506.25,
        "footprint_m2": 195
      }
    },
    {
      "type": "Feature",
      "id": "PAR-G3-24",
      "geometry": {
        "type": "Polygon",
        "coordinates": [
          [
            [
              77.04817332360831,
              28.617462270930652
            ],
            [
              77.04817332360831,
              28.617260150916277
            ],
            [
              77.04840357693499,
              28.617260150916277
            ],
            [
              77.04840357693499,
              28.617462270930652
            ],
            [
              77.04817332360831,
              28.617462270930652
            ]
          ]
        ]
      },
      "properties": {
        "synthetic": true,
        "ulpin_demo": "11007510000750",
        "building_id": "BLD-0750",
        "parcel_id": "PAR-G3-24",
        "owner_fictional": "Neel Kapoor",
        "floors": 4,
        "height_m": 12.8,
        "parcel_area_m2": 506.25,
        "footprint_m2": 306
      }
    },
    {
      "type": "Feature",
      "id": "PAR-G3-34",
      "geometry": {
        "type": "Polygon",
        "coordinates": [
          [
            [
              77.04840357693499,
              28.617462270930652
            ],
            [
              77.04840357693499,
              28.617260150916277
            ],
            [
              77.04863383026168,
              28.617260150916277
            ],
            [
              77.04863383026168,
              28.617462270930652
            ],
            [
              77.04840357693499,
              28.617462270930652
            ]
          ]
        ]
      },
      "properties": {
        "synthetic": true,
        "ulpin_demo": "11007510000751",
        "building_id": "BLD-0751",
        "parcel_id": "PAR-G3-34",
        "owner_fictional": "Tara Khanna",
        "floors": 5,
        "height_m": 16,
        "parcel_area_m2": 506.25,
        "footprint_m2": 252
      }
    },
    {
      "type": "Feature",
      "id": "PAR-G3-44",
      "geometry": {
        "type": "Polygon",
        "coordinates": [
          [
            [
              77.04863383026168,
              28.617462270930652
            ],
            [
              77.04863383026168,
              28.617260150916277
            ],
            [
              77.04886408358836,
              28.617260150916277
            ],
            [
              77.04886408358836,
              28.617462270930652
            ],
            [
              77.04863383026168,
              28.617462270930652
            ]
          ]
        ]
      },
      "properties": {
        "synthetic": true,
        "ulpin_demo": "11007510000752",
        "building_id": "BLD-0752",
        "parcel_id": "PAR-G3-44",
        "owner_fictional": "Kavya Sethi",
        "floors": 4,
        "height_m": 12.8,
        "parcel_area_m2": 506.25,
        "footprint_m2": 224
      }
    },
    {
      "type": "Feature",
      "id": "PAR-G4-11",
      "geometry": {
        "type": "Polygon",
        "coordinates": [
          [
            [
              77.04900735232496,
              28.61806863097377
            ],
            [
              77.04900735232496,
              28.6178665109594
            ],
            [
              77.04923760565164,
              28.6178665109594
            ],
            [
              77.04923760565164,
              28.61806863097377
            ],
            [
              77.04900735232496,
              28.61806863097377
            ]
          ]
        ]
      },
      "properties": {
        "synthetic": true,
        "ulpin_demo": "11007510000753",
        "building_id": "BLD-0753",
        "parcel_id": "PAR-G4-11",
        "owner_fictional": "Ananya Rao",
        "floors": 5,
        "height_m": 16,
        "parcel_area_m2": 506.25,
        "footprint_m2": 255
      }
    },
    {
      "type": "Feature",
      "id": "PAR-G4-21",
      "geometry": {
        "type": "Polygon",
        "coordinates": [
          [
            [
              77.04923760565164,
              28.61806863097377
            ],
            [
              77.04923760565164,
              28.6178665109594
            ],
            [
              77.04946785897833,
              28.6178665109594
            ],
            [
              77.04946785897833,
              28.61806863097377
            ],
            [
              77.04923760565164,
              28.61806863097377
            ]
          ]
        ]
      },
      "properties": {
        "synthetic": true,
        "ulpin_demo": "11007510000754",
        "building_id": "BLD-0754",
        "parcel_id": "PAR-G4-21",
        "owner_fictional": "Rohan Batra",
        "floors": 3,
        "height_m": 9.600000000000001,
        "parcel_area_m2": 506.25,
        "footprint_m2": 195
      }
    },
    {
      "type": "Feature",
      "id": "PAR-G4-31",
      "geometry": {
        "type": "Polygon",
        "coordinates": [
          [
            [
              77.04946785897833,
              28.61806863097377
            ],
            [
              77.04946785897833,
              28.6178665109594
            ],
            [
              77.04969811230501,
              28.6178665109594
            ],
            [
              77.04969811230501,
              28.61806863097377
            ],
            [
              77.04946785897833,
              28.61806863097377
            ]
          ]
        ]
      },
      "properties": {
        "synthetic": true,
        "ulpin_demo": "11007510000755",
        "building_id": "BLD-0755",
        "parcel_id": "PAR-G4-31",
        "owner_fictional": "Rohan Batra",
        "floors": 4,
        "height_m": 12.8,
        "parcel_area_m2": 506.25,
        "footprint_m2": 289
      }
    },
    {
      "type": "Feature",
      "id": "PAR-G4-41",
      "geometry": {
        "type": "Polygon",
        "coordinates": [
          [
            [
              77.04969811230501,
              28.61806863097377
            ],
            [
              77.04969811230501,
              28.6178665109594
            ],
            [
              77.0499283656317,
              28.6178665109594
            ],
            [
              77.0499283656317,
              28.61806863097377
            ],
            [
              77.04969811230501,
              28.61806863097377
            ]
          ]
        ]
      },
      "properties": {
        "synthetic": true,
        "ulpin_demo": "11007510000756",
        "building_id": "BLD-0756",
        "parcel_id": "PAR-G4-41",
        "owner_fictional": "Nisha Anand",
        "floors": 4,
        "height_m": 12.8,
        "parcel_area_m2": 506.25,
        "footprint_m2": 240
      }
    },
    {
      "type": "Feature",
      "id": "PAR-G4-12",
      "geometry": {
        "type": "Polygon",
        "coordinates": [
          [
            [
              77.04900735232496,
              28.6178665109594
            ],
            [
              77.04900735232496,
              28.617664390945023
            ],
            [
              77.04923760565164,
              28.617664390945023
            ],
            [
              77.04923760565164,
              28.6178665109594
            ],
            [
              77.04900735232496,
              28.6178665109594
            ]
          ]
        ]
      },
      "properties": {
        "synthetic": true,
        "ulpin_demo": "11007510000757",
        "building_id": "BLD-0757",
        "parcel_id": "PAR-G4-12",
        "owner_fictional": "Dev Ahuja",
        "floors": 6,
        "height_m": 19.200000000000003,
        "parcel_area_m2": 506.25,
        "footprint_m2": 221
      }
    },
    {
      "type": "Feature",
      "id": "PAR-G4-22",
      "geometry": {
        "type": "Polygon",
        "coordinates": [
          [
            [
              77.04923760565164,
              28.6178665109594
            ],
            [
              77.04923760565164,
              28.617664390945023
            ],
            [
              77.04946785897833,
              28.617664390945023
            ],
            [
              77.04946785897833,
              28.6178665109594
            ],
            [
              77.04923760565164,
              28.6178665109594
            ]
          ]
        ]
      },
      "properties": {
        "synthetic": true,
        "ulpin_demo": "11007510000758",
        "building_id": "BLD-0758",
        "parcel_id": "PAR-G4-22",
        "owner_fictional": "Vihaan Joshi",
        "floors": 3,
        "height_m": 9.600000000000001,
        "parcel_area_m2": 506.25,
        "footprint_m2": 204
      }
    },
    {
      "type": "Feature",
      "id": "PAR-G4-32",
      "geometry": {
        "type": "Polygon",
        "coordinates": [
          [
            [
              77.04946785897833,
              28.6178665109594
            ],
            [
              77.04946785897833,
              28.617664390945023
            ],
            [
              77.04969811230501,
              28.617664390945023
            ],
            [
              77.04969811230501,
              28.6178665109594
            ],
            [
              77.04946785897833,
              28.6178665109594
            ]
          ]
        ]
      },
      "properties": {
        "synthetic": true,
        "ulpin_demo": "11007510000759",
        "building_id": "BLD-0759",
        "parcel_id": "PAR-G4-32",
        "owner_fictional": "Diya Malhotra",
        "floors": 3,
        "height_m": 9.600000000000001,
        "parcel_area_m2": 506.25,
        "footprint_m2": 156
      }
    },
    {
      "type": "Feature",
      "id": "PAR-G4-42",
      "geometry": {
        "type": "Polygon",
        "coordinates": [
          [
            [
              77.04969811230501,
              28.6178665109594
            ],
            [
              77.04969811230501,
              28.617664390945023
            ],
            [
              77.0499283656317,
              28.617664390945023
            ],
            [
              77.0499283656317,
              28.6178665109594
            ],
            [
              77.04969811230501,
              28.6178665109594
            ]
          ]
        ]
      },
      "properties": {
        "synthetic": true,
        "ulpin_demo": "11007510000760",
        "building_id": "BLD-0760",
        "parcel_id": "PAR-G4-42",
        "owner_fictional": "Kavya Sethi",
        "floors": 5,
        "height_m": 16,
        "parcel_area_m2": 506.25,
        "footprint_m2": 272
      }
    },
    {
      "type": "Feature",
      "id": "PAR-G4-13",
      "geometry": {
        "type": "Polygon",
        "coordinates": [
          [
            [
              77.04900735232496,
              28.617664390945023
            ],
            [
              77.04900735232496,
              28.617462270930652
            ],
            [
              77.04923760565164,
              28.617462270930652
            ],
            [
              77.04923760565164,
              28.617664390945023
            ],
            [
              77.04900735232496,
              28.617664390945023
            ]
          ]
        ]
      },
      "properties": {
        "synthetic": true,
        "ulpin_demo": "11007510000761",
        "building_id": "BLD-0761",
        "parcel_id": "PAR-G4-13",
        "owner_fictional": "Diya Malhotra",
        "floors": 3,
        "height_m": 9.600000000000001,
        "parcel_area_m2": 506.25,
        "footprint_m2": 256
      }
    },
    {
      "type": "Feature",
      "id": "PAR-G4-23",
      "geometry": {
        "type": "Polygon",
        "coordinates": [
          [
            [
              77.04923760565164,
              28.617664390945023
            ],
            [
              77.04923760565164,
              28.617462270930652
            ],
            [
              77.04946785897833,
              28.617462270930652
            ],
            [
              77.04946785897833,
              28.617664390945023
            ],
            [
              77.04923760565164,
              28.617664390945023
            ]
          ]
        ]
      },
      "properties": {
        "synthetic": true,
        "ulpin_demo": "11007510000762",
        "building_id": "BLD-0762",
        "parcel_id": "PAR-G4-23",
        "owner_fictional": "Ananya Rao",
        "floors": 6,
        "height_m": 19.200000000000003,
        "parcel_area_m2": 506.25,
        "footprint_m2": 195
      }
    },
    {
      "type": "Feature",
      "id": "PAR-G4-33",
      "geometry": {
        "type": "Polygon",
        "coordinates": [
          [
            [
              77.04946785897833,
              28.617664390945023
            ],
            [
              77.04946785897833,
              28.617462270930652
            ],
            [
              77.04969811230501,
              28.617462270930652
            ],
            [
              77.04969811230501,
              28.617664390945023
            ],
            [
              77.04946785897833,
              28.617664390945023
            ]
          ]
        ]
      },
      "properties": {
        "synthetic": true,
        "ulpin_demo": "11007510000763",
        "building_id": "BLD-0763",
        "parcel_id": "PAR-G4-33",
        "owner_fictional": "Neel Kapoor",
        "floors": 3,
        "height_m": 9.600000000000001,
        "parcel_area_m2": 506.25,
        "footprint_m2": 182
      }
    },
    {
      "type": "Feature",
      "id": "PAR-G4-43",
      "geometry": {
        "type": "Polygon",
        "coordinates": [
          [
            [
              77.04969811230501,
              28.617664390945023
            ],
            [
              77.04969811230501,
              28.617462270930652
            ],
            [
              77.0499283656317,
              28.617462270930652
            ],
            [
              77.0499283656317,
              28.617664390945023
            ],
            [
              77.04969811230501,
              28.617664390945023
            ]
          ]
        ]
      },
      "properties": {
        "synthetic": true,
        "ulpin_demo": "11007510000764",
        "building_id": "BLD-0764",
        "parcel_id": "PAR-G4-43",
        "owner_fictional": "Diya Malhotra",
        "floors": 4,
        "height_m": 12.8,
        "parcel_area_m2": 506.25,
        "footprint_m2": 288
      }
    },
    {
      "type": "Feature",
      "id": "PAR-G4-14",
      "geometry": {
        "type": "Polygon",
        "coordinates": [
          [
            [
              77.04900735232496,
              28.617462270930652
            ],
            [
              77.04900735232496,
              28.617260150916277
            ],
            [
              77.04923760565164,
              28.617260150916277
            ],
            [
              77.04923760565164,
              28.617462270930652
            ],
            [
              77.04900735232496,
              28.617462270930652
            ]
          ]
        ]
      },
      "properties": {
        "synthetic": true,
        "ulpin_demo": "11007510000765",
        "building_id": "BLD-0765",
        "parcel_id": "PAR-G4-14",
        "owner_fictional": "Sana Gill",
        "floors": 6,
        "height_m": 19.200000000000003,
        "parcel_area_m2": 506.25,
        "footprint_m2": 255
      }
    },
    {
      "type": "Feature",
      "id": "PAR-G4-24",
      "geometry": {
        "type": "Polygon",
        "coordinates": [
          [
            [
              77.04923760565164,
              28.617462270930652
            ],
            [
              77.04923760565164,
              28.617260150916277
            ],
            [
              77.04946785897833,
              28.617260150916277
            ],
            [
              77.04946785897833,
              28.617462270930652
            ],
            [
              77.04923760565164,
              28.617462270930652
            ]
          ]
        ]
      },
      "properties": {
        "synthetic": true,
        "ulpin_demo": "11007510000766",
        "building_id": "BLD-0766",
        "parcel_id": "PAR-G4-24",
        "owner_fictional": "Neel Kapoor",
        "floors": 5,
        "height_m": 16,
        "parcel_area_m2": 506.25,
        "footprint_m2": 210
      }
    },
    {
      "type": "Feature",
      "id": "PAR-G4-34",
      "geometry": {
        "type": "Polygon",
        "coordinates": [
          [
            [
              77.04946785897833,
              28.617462270930652
            ],
            [
              77.04946785897833,
              28.617260150916277
            ],
            [
              77.04969811230501,
              28.617260150916277
            ],
            [
              77.04969811230501,
              28.617462270930652
            ],
            [
              77.04946785897833,
              28.617462270930652
            ]
          ]
        ]
      },
      "properties": {
        "synthetic": true,
        "ulpin_demo": "11007510000767",
        "building_id": "BLD-0767",
        "parcel_id": "PAR-G4-34",
        "owner_fictional": "Rohan Batra",
        "floors": 5,
        "height_m": 16,
        "parcel_area_m2": 506.25,
        "footprint_m2": 192
      }
    },
    {
      "type": "Feature",
      "id": "PAR-G4-44",
      "geometry": {
        "type": "Polygon",
        "coordinates": [
          [
            [
              77.04969811230501,
              28.617462270930652
            ],
            [
              77.04969811230501,
              28.617260150916277
            ],
            [
              77.0499283656317,
              28.617260150916277
            ],
            [
              77.0499283656317,
              28.617462270930652
            ],
            [
              77.04969811230501,
              28.617462270930652
            ]
          ]
        ]
      },
      "properties": {
        "synthetic": true,
        "ulpin_demo": "11007510000768",
        "building_id": "BLD-0768",
        "parcel_id": "PAR-G4-44",
        "owner_fictional": "Diya Malhotra",
        "floors": 5,
        "height_m": 16,
        "parcel_area_m2": 506.25,
        "footprint_m2": 224
      }
    },
    {
      "type": "Feature",
      "id": "PAR-G5-11",
      "geometry": {
        "type": "Polygon",
        "coordinates": [
          [
            [
              77.0500716343683,
              28.61806863097377
            ],
            [
              77.0500716343683,
              28.6178665109594
            ],
            [
              77.05030188769499,
              28.6178665109594
            ],
            [
              77.05030188769499,
              28.61806863097377
            ],
            [
              77.0500716343683,
              28.61806863097377
            ]
          ]
        ]
      },
      "properties": {
        "synthetic": true,
        "ulpin_demo": "11007510000769",
        "building_id": "BLD-0769",
        "parcel_id": "PAR-G5-11",
        "owner_fictional": "Meera Arora",
        "floors": 4,
        "height_m": 12.8,
        "parcel_area_m2": 506.25,
        "footprint_m2": 208
      }
    },
    {
      "type": "Feature",
      "id": "PAR-G5-21",
      "geometry": {
        "type": "Polygon",
        "coordinates": [
          [
            [
              77.05030188769499,
              28.61806863097377
            ],
            [
              77.05030188769499,
              28.6178665109594
            ],
            [
              77.05053214102166,
              28.6178665109594
            ],
            [
              77.05053214102166,
              28.61806863097377
            ],
            [
              77.05030188769499,
              28.61806863097377
            ]
          ]
        ]
      },
      "properties": {
        "synthetic": true,
        "ulpin_demo": "11007510000770",
        "building_id": "BLD-0770",
        "parcel_id": "PAR-G5-21",
        "owner_fictional": "Riya Saxena",
        "floors": 6,
        "height_m": 19.200000000000003,
        "parcel_area_m2": 506.25,
        "footprint_m2": 195
      }
    },
    {
      "type": "Feature",
      "id": "PAR-G5-31",
      "geometry": {
        "type": "Polygon",
        "coordinates": [
          [
            [
              77.05053214102166,
              28.61806863097377
            ],
            [
              77.05053214102166,
              28.6178665109594
            ],
            [
              77.05076239434835,
              28.6178665109594
            ],
            [
              77.05076239434835,
              28.61806863097377
            ],
            [
              77.05053214102166,
              28.61806863097377
            ]
          ]
        ]
      },
      "properties": {
        "synthetic": true,
        "ulpin_demo": "11007510000771",
        "building_id": "BLD-0771",
        "parcel_id": "PAR-G5-31",
        "owner_fictional": "Dev Ahuja",
        "floors": 6,
        "height_m": 19.200000000000003,
        "parcel_area_m2": 506.25,
        "footprint_m2": 156
      }
    },
    {
      "type": "Feature",
      "id": "PAR-G5-41",
      "geometry": {
        "type": "Polygon",
        "coordinates": [
          [
            [
              77.05076239434835,
              28.61806863097377
            ],
            [
              77.05076239434835,
              28.6178665109594
            ],
            [
              77.05099264767503,
              28.6178665109594
            ],
            [
              77.05099264767503,
              28.61806863097377
            ],
            [
              77.05076239434835,
              28.61806863097377
            ]
          ]
        ]
      },
      "properties": {
        "synthetic": true,
        "ulpin_demo": "11007510000772",
        "building_id": "BLD-0772",
        "parcel_id": "PAR-G5-41",
        "owner_fictional": "Neel Kapoor",
        "floors": 3,
        "height_m": 9.600000000000001,
        "parcel_area_m2": 506.25,
        "footprint_m2": 208
      }
    },
    {
      "type": "Feature",
      "id": "PAR-G5-12",
      "geometry": {
        "type": "Polygon",
        "coordinates": [
          [
            [
              77.0500716343683,
              28.6178665109594
            ],
            [
              77.0500716343683,
              28.617664390945023
            ],
            [
              77.05030188769499,
              28.617664390945023
            ],
            [
              77.05030188769499,
              28.6178665109594
            ],
            [
              77.0500716343683,
              28.6178665109594
            ]
          ]
        ]
      },
      "properties": {
        "synthetic": true,
        "ulpin_demo": "11007510000773",
        "building_id": "BLD-0773",
        "parcel_id": "PAR-G5-12",
        "owner_fictional": "Rohan Batra",
        "floors": 6,
        "height_m": 19.200000000000003,
        "parcel_area_m2": 506.25,
        "footprint_m2": 306
      }
    },
    {
      "type": "Feature",
      "id": "PAR-G5-22",
      "geometry": {
        "type": "Polygon",
        "coordinates": [
          [
            [
              77.05030188769499,
              28.6178665109594
            ],
            [
              77.05030188769499,
              28.617664390945023
            ],
            [
              77.05053214102166,
              28.617664390945023
            ],
            [
              77.05053214102166,
              28.6178665109594
            ],
            [
              77.05030188769499,
              28.6178665109594
            ]
          ]
        ]
      },
      "properties": {
        "synthetic": true,
        "ulpin_demo": "11007510000774",
        "building_id": "BLD-0774",
        "parcel_id": "PAR-G5-22",
        "owner_fictional": "Neel Kapoor",
        "floors": 6,
        "height_m": 19.200000000000003,
        "parcel_area_m2": 506.25,
        "footprint_m2": 272
      }
    },
    {
      "type": "Feature",
      "id": "PAR-G5-32",
      "geometry": {
        "type": "Polygon",
        "coordinates": [
          [
            [
              77.05053214102166,
              28.6178665109594
            ],
            [
              77.05053214102166,
              28.617664390945023
            ],
            [
              77.05076239434835,
              28.617664390945023
            ],
            [
              77.05076239434835,
              28.6178665109594
            ],
            [
              77.05053214102166,
              28.6178665109594
            ]
          ]
        ]
      },
      "properties": {
        "synthetic": true,
        "ulpin_demo": "11007510000775",
        "building_id": "BLD-0775",
        "parcel_id": "PAR-G5-32",
        "owner_fictional": "Kavya Sethi",
        "floors": 5,
        "height_m": 16,
        "parcel_area_m2": 506.25,
        "footprint_m2": 216
      }
    },
    {
      "type": "Feature",
      "id": "PAR-G5-42",
      "geometry": {
        "type": "Polygon",
        "coordinates": [
          [
            [
              77.05076239434835,
              28.6178665109594
            ],
            [
              77.05076239434835,
              28.617664390945023
            ],
            [
              77.05099264767503,
              28.617664390945023
            ],
            [
              77.05099264767503,
              28.6178665109594
            ],
            [
              77.05076239434835,
              28.6178665109594
            ]
          ]
        ]
      },
      "properties": {
        "synthetic": true,
        "ulpin_demo": "11007510000776",
        "building_id": "BLD-0776",
        "parcel_id": "PAR-G5-42",
        "owner_fictional": "Nisha Anand",
        "floors": 3,
        "height_m": 9.600000000000001,
        "parcel_area_m2": 506.25,
        "footprint_m2": 270
      }
    },
    {
      "type": "Feature",
      "id": "PAR-G5-13",
      "geometry": {
        "type": "Polygon",
        "coordinates": [
          [
            [
              77.0500716343683,
              28.617664390945023
            ],
            [
              77.0500716343683,
              28.617462270930652
            ],
            [
              77.05030188769499,
              28.617462270930652
            ],
            [
              77.05030188769499,
              28.617664390945023
            ],
            [
              77.0500716343683,
              28.617664390945023
            ]
          ]
        ]
      },
      "properties": {
        "synthetic": true,
        "ulpin_demo": "11007510000777",
        "building_id": "BLD-0777",
        "parcel_id": "PAR-G5-13",
        "owner_fictional": "Tara Khanna",
        "floors": 3,
        "height_m": 9.600000000000001,
        "parcel_area_m2": 506.25,
        "footprint_m2": 238
      }
    },
    {
      "type": "Feature",
      "id": "PAR-G5-23",
      "geometry": {
        "type": "Polygon",
        "coordinates": [
          [
            [
              77.05030188769499,
              28.617664390945023
            ],
            [
              77.05030188769499,
              28.617462270930652
            ],
            [
              77.05053214102166,
              28.617462270930652
            ],
            [
              77.05053214102166,
              28.617664390945023
            ],
            [
              77.05030188769499,
              28.617664390945023
            ]
          ]
        ]
      },
      "properties": {
        "synthetic": true,
        "ulpin_demo": "11007510000778",
        "building_id": "BLD-0778",
        "parcel_id": "PAR-G5-23",
        "owner_fictional": "Vihaan Joshi",
        "floors": 4,
        "height_m": 12.8,
        "parcel_area_m2": 506.25,
        "footprint_m2": 195
      }
    },
    {
      "type": "Feature",
      "id": "PAR-G5-33",
      "geometry": {
        "type": "Polygon",
        "coordinates": [
          [
            [
              77.05053214102166,
              28.617664390945023
            ],
            [
              77.05053214102166,
              28.617462270930652
            ],
            [
              77.05076239434835,
              28.617462270930652
            ],
            [
              77.05076239434835,
              28.617664390945023
            ],
            [
              77.05053214102166,
              28.617664390945023
            ]
          ]
        ]
      },
      "properties": {
        "synthetic": true,
        "ulpin_demo": "11007510000779",
        "building_id": "BLD-0779",
        "parcel_id": "PAR-G5-33",
        "owner_fictional": "Tara Khanna",
        "floors": 3,
        "height_m": 9.600000000000001,
        "parcel_area_m2": 506.25,
        "footprint_m2": 210
      }
    },
    {
      "type": "Feature",
      "id": "PAR-G5-43",
      "geometry": {
        "type": "Polygon",
        "coordinates": [
          [
            [
              77.05076239434835,
              28.617664390945023
            ],
            [
              77.05076239434835,
              28.617462270930652
            ],
            [
              77.05099264767503,
              28.617462270930652
            ],
            [
              77.05099264767503,
              28.617664390945023
            ],
            [
              77.05076239434835,
              28.617664390945023
            ]
          ]
        ]
      },
      "properties": {
        "synthetic": true,
        "ulpin_demo": "11007510000780",
        "building_id": "BLD-0780",
        "parcel_id": "PAR-G5-43",
        "owner_fictional": "Aarav Mehta",
        "floors": 4,
        "height_m": 12.8,
        "parcel_area_m2": 506.25,
        "footprint_m2": 204
      }
    },
    {
      "type": "Feature",
      "id": "PAR-G5-14",
      "geometry": {
        "type": "Polygon",
        "coordinates": [
          [
            [
              77.0500716343683,
              28.617462270930652
            ],
            [
              77.0500716343683,
              28.617260150916277
            ],
            [
              77.05030188769499,
              28.617260150916277
            ],
            [
              77.05030188769499,
              28.617462270930652
            ],
            [
              77.0500716343683,
              28.617462270930652
            ]
          ]
        ]
      },
      "properties": {
        "synthetic": true,
        "ulpin_demo": "11007510000781",
        "building_id": "BLD-0781",
        "parcel_id": "PAR-G5-14",
        "owner_fictional": "Ishaan Verma",
        "floors": 6,
        "height_m": 19.200000000000003,
        "parcel_area_m2": 506.25,
        "footprint_m2": 288
      }
    },
    {
      "type": "Feature",
      "id": "PAR-G5-24",
      "geometry": {
        "type": "Polygon",
        "coordinates": [
          [
            [
              77.05030188769499,
              28.617462270930652
            ],
            [
              77.05030188769499,
              28.617260150916277
            ],
            [
              77.05053214102166,
              28.617260150916277
            ],
            [
              77.05053214102166,
              28.617462270930652
            ],
            [
              77.05030188769499,
              28.617462270930652
            ]
          ]
        ]
      },
      "properties": {
        "synthetic": true,
        "ulpin_demo": "11007510000782",
        "building_id": "BLD-0782",
        "parcel_id": "PAR-G5-24",
        "owner_fictional": "Meera Arora",
        "floors": 3,
        "height_m": 9.600000000000001,
        "parcel_area_m2": 506.25,
        "footprint_m2": 221
      }
    },
    {
      "type": "Feature",
      "id": "PAR-G5-34",
      "geometry": {
        "type": "Polygon",
        "coordinates": [
          [
            [
              77.05053214102166,
              28.617462270930652
            ],
            [
              77.05053214102166,
              28.617260150916277
            ],
            [
              77.05076239434835,
              28.617260150916277
            ],
            [
              77.05076239434835,
              28.617462270930652
            ],
            [
              77.05053214102166,
              28.617462270930652
            ]
          ]
        ]
      },
      "properties": {
        "synthetic": true,
        "ulpin_demo": "11007510000783",
        "building_id": "BLD-0783",
        "parcel_id": "PAR-G5-34",
        "owner_fictional": "Riya Saxena",
        "floors": 4,
        "height_m": 12.8,
        "parcel_area_m2": 506.25,
        "footprint_m2": 156
      }
    },
    {
      "type": "Feature",
      "id": "PAR-G5-44",
      "geometry": {
        "type": "Polygon",
        "coordinates": [
          [
            [
              77.05076239434835,
              28.617462270930652
            ],
            [
              77.05076239434835,
              28.617260150916277
            ],
            [
              77.05099264767503,
              28.617260150916277
            ],
            [
              77.05099264767503,
              28.617462270930652
            ],
            [
              77.05076239434835,
              28.617462270930652
            ]
          ]
        ]
      },
      "properties": {
        "synthetic": true,
        "ulpin_demo": "11007510000784",
        "building_id": "BLD-0784",
        "parcel_id": "PAR-G5-44",
        "owner_fictional": "Ishaan Verma",
        "floors": 5,
        "height_m": 16,
        "parcel_area_m2": 506.25,
        "footprint_m2": 182
      }
    },
    {
      "type": "Feature",
      "id": "PAR-G7-11",
      "geometry": {
        "type": "Polygon",
        "coordinates": [
          [
            [
              77.05220019845497,
              28.61806863097377
            ],
            [
              77.05220019845497,
              28.6178665109594
            ],
            [
              77.05243045178166,
              28.6178665109594
            ],
            [
              77.05243045178166,
              28.61806863097377
            ],
            [
              77.05220019845497,
              28.61806863097377
            ]
          ]
        ]
      },
      "properties": {
        "synthetic": true,
        "ulpin_demo": "11007510000785",
        "building_id": "BLD-0785",
        "parcel_id": "PAR-G7-11",
        "owner_fictional": "Sana Gill",
        "floors": 5,
        "height_m": 16,
        "parcel_area_m2": 506.25,
        "footprint_m2": 224
      }
    },
    {
      "type": "Feature",
      "id": "PAR-G7-21",
      "geometry": {
        "type": "Polygon",
        "coordinates": [
          [
            [
              77.05243045178166,
              28.61806863097377
            ],
            [
              77.05243045178166,
              28.6178665109594
            ],
            [
              77.05266070510834,
              28.6178665109594
            ],
            [
              77.05266070510834,
              28.61806863097377
            ],
            [
              77.05243045178166,
              28.61806863097377
            ]
          ]
        ]
      },
      "properties": {
        "synthetic": true,
        "ulpin_demo": "11007510000786",
        "building_id": "BLD-0786",
        "parcel_id": "PAR-G7-21",
        "owner_fictional": "Ananya Rao",
        "floors": 3,
        "height_m": 9.600000000000001,
        "parcel_area_m2": 506.25,
        "footprint_m2": 216
      }
    },
    {
      "type": "Feature",
      "id": "PAR-G7-31",
      "geometry": {
        "type": "Polygon",
        "coordinates": [
          [
            [
              77.05266070510834,
              28.61806863097377
            ],
            [
              77.05266070510834,
              28.6178665109594
            ],
            [
              77.05289095843501,
              28.6178665109594
            ],
            [
              77.05289095843501,
              28.61806863097377
            ],
            [
              77.05266070510834,
              28.61806863097377
            ]
          ]
        ]
      },
      "properties": {
        "synthetic": true,
        "ulpin_demo": "11007510000787",
        "building_id": "BLD-0787",
        "parcel_id": "PAR-G7-31",
        "owner_fictional": "Ananya Rao",
        "floors": 4,
        "height_m": 12.8,
        "parcel_area_m2": 506.25,
        "footprint_m2": 210
      }
    },
    {
      "type": "Feature",
      "id": "PAR-G7-41",
      "geometry": {
        "type": "Polygon",
        "coordinates": [
          [
            [
              77.05289095843501,
              28.61806863097377
            ],
            [
              77.05289095843501,
              28.6178665109594
            ],
            [
              77.0531212117617,
              28.6178665109594
            ],
            [
              77.0531212117617,
              28.61806863097377
            ],
            [
              77.05289095843501,
              28.61806863097377
            ]
          ]
        ]
      },
      "properties": {
        "synthetic": true,
        "ulpin_demo": "11007510000788",
        "building_id": "BLD-0788",
        "parcel_id": "PAR-G7-41",
        "owner_fictional": "Rohan Batra",
        "floors": 5,
        "height_m": 16,
        "parcel_area_m2": 506.25,
        "footprint_m2": 288
      }
    },
    {
      "type": "Feature",
      "id": "PAR-G7-12",
      "geometry": {
        "type": "Polygon",
        "coordinates": [
          [
            [
              77.05220019845497,
              28.6178665109594
            ],
            [
              77.05220019845497,
              28.617664390945023
            ],
            [
              77.05243045178166,
              28.617664390945023
            ],
            [
              77.05243045178166,
              28.6178665109594
            ],
            [
              77.05220019845497,
              28.6178665109594
            ]
          ]
        ]
      },
      "properties": {
        "synthetic": true,
        "ulpin_demo": "11007510000789",
        "building_id": "BLD-0789",
        "parcel_id": "PAR-G7-12",
        "owner_fictional": "Tara Khanna",
        "floors": 4,
        "height_m": 12.8,
        "parcel_area_m2": 506.25,
        "footprint_m2": 168
      }
    },
    {
      "type": "Feature",
      "id": "PAR-G7-22",
      "geometry": {
        "type": "Polygon",
        "coordinates": [
          [
            [
              77.05243045178166,
              28.6178665109594
            ],
            [
              77.05243045178166,
              28.617664390945023
            ],
            [
              77.05266070510834,
              28.617664390945023
            ],
            [
              77.05266070510834,
              28.6178665109594
            ],
            [
              77.05243045178166,
              28.6178665109594
            ]
          ]
        ]
      },
      "properties": {
        "synthetic": true,
        "ulpin_demo": "11007510000790",
        "building_id": "BLD-0790",
        "parcel_id": "PAR-G7-22",
        "owner_fictional": "Nisha Anand",
        "floors": 3,
        "height_m": 9.600000000000001,
        "parcel_area_m2": 506.25,
        "footprint_m2": 256
      }
    },
    {
      "type": "Feature",
      "id": "PAR-G7-32",
      "geometry": {
        "type": "Polygon",
        "coordinates": [
          [
            [
              77.05266070510834,
              28.6178665109594
            ],
            [
              77.05266070510834,
              28.617664390945023
            ],
            [
              77.05289095843501,
              28.617664390945023
            ],
            [
              77.05289095843501,
              28.6178665109594
            ],
            [
              77.05266070510834,
              28.6178665109594
            ]
          ]
        ]
      },
      "properties": {
        "synthetic": true,
        "ulpin_demo": "11007510000791",
        "building_id": "BLD-0791",
        "parcel_id": "PAR-G7-32",
        "owner_fictional": "Dev Ahuja",
        "floors": 6,
        "height_m": 19.200000000000003,
        "parcel_area_m2": 506.25,
        "footprint_m2": 270
      }
    },
    {
      "type": "Feature",
      "id": "PAR-G7-42",
      "geometry": {
        "type": "Polygon",
        "coordinates": [
          [
            [
              77.05289095843501,
              28.6178665109594
            ],
            [
              77.05289095843501,
              28.617664390945023
            ],
            [
              77.0531212117617,
              28.617664390945023
            ],
            [
              77.0531212117617,
              28.6178665109594
            ],
            [
              77.05289095843501,
              28.6178665109594
            ]
          ]
        ]
      },
      "properties": {
        "synthetic": true,
        "ulpin_demo": "11007510000792",
        "building_id": "BLD-0792",
        "parcel_id": "PAR-G7-42",
        "owner_fictional": "Kavya Sethi",
        "floors": 4,
        "height_m": 12.8,
        "parcel_area_m2": 506.25,
        "footprint_m2": 255
      }
    },
    {
      "type": "Feature",
      "id": "PAR-G7-13",
      "geometry": {
        "type": "Polygon",
        "coordinates": [
          [
            [
              77.05220019845497,
              28.617664390945023
            ],
            [
              77.05220019845497,
              28.617462270930652
            ],
            [
              77.05243045178166,
              28.617462270930652
            ],
            [
              77.05243045178166,
              28.617664390945023
            ],
            [
              77.05220019845497,
              28.617664390945023
            ]
          ]
        ]
      },
      "properties": {
        "synthetic": true,
        "ulpin_demo": "11007510000793",
        "building_id": "BLD-0793",
        "parcel_id": "PAR-G7-13",
        "owner_fictional": "Kavya Sethi",
        "floors": 4,
        "height_m": 12.8,
        "parcel_area_m2": 506.25,
        "footprint_m2": 156
      }
    },
    {
      "type": "Feature",
      "id": "PAR-G7-23",
      "geometry": {
        "type": "Polygon",
        "coordinates": [
          [
            [
              77.05243045178166,
              28.617664390945023
            ],
            [
              77.05243045178166,
              28.617462270930652
            ],
            [
              77.05266070510834,
              28.617462270930652
            ],
            [
              77.05266070510834,
              28.617664390945023
            ],
            [
              77.05243045178166,
              28.617664390945023
            ]
          ]
        ]
      },
      "properties": {
        "synthetic": true,
        "ulpin_demo": "11007510000794",
        "building_id": "BLD-0794",
        "parcel_id": "PAR-G7-23",
        "owner_fictional": "Rohan Batra",
        "floors": 6,
        "height_m": 19.200000000000003,
        "parcel_area_m2": 506.25,
        "footprint_m2": 272
      }
    },
    {
      "type": "Feature",
      "id": "PAR-G7-33",
      "geometry": {
        "type": "Polygon",
        "coordinates": [
          [
            [
              77.05266070510834,
              28.617664390945023
            ],
            [
              77.05266070510834,
              28.617462270930652
            ],
            [
              77.05289095843501,
              28.617462270930652
            ],
            [
              77.05289095843501,
              28.617664390945023
            ],
            [
              77.05266070510834,
              28.617664390945023
            ]
          ]
        ]
      },
      "properties": {
        "synthetic": true,
        "ulpin_demo": "11007510000795",
        "building_id": "BLD-0795",
        "parcel_id": "PAR-G7-33",
        "owner_fictional": "Rohan Batra",
        "floors": 5,
        "height_m": 16,
        "parcel_area_m2": 506.25,
        "footprint_m2": 252
      }
    },
    {
      "type": "Feature",
      "id": "PAR-G7-43",
      "geometry": {
        "type": "Polygon",
        "coordinates": [
          [
            [
              77.05289095843501,
              28.617664390945023
            ],
            [
              77.05289095843501,
              28.617462270930652
            ],
            [
              77.0531212117617,
              28.617462270930652
            ],
            [
              77.0531212117617,
              28.617664390945023
            ],
            [
              77.05289095843501,
              28.617664390945023
            ]
          ]
        ]
      },
      "properties": {
        "synthetic": true,
        "ulpin_demo": "11007510000796",
        "building_id": "BLD-0796",
        "parcel_id": "PAR-G7-43",
        "owner_fictional": "Nisha Anand",
        "floors": 3,
        "height_m": 9.600000000000001,
        "parcel_area_m2": 506.25,
        "footprint_m2": 255
      }
    },
    {
      "type": "Feature",
      "id": "PAR-G7-14",
      "geometry": {
        "type": "Polygon",
        "coordinates": [
          [
            [
              77.05220019845497,
              28.617462270930652
            ],
            [
              77.05220019845497,
              28.617260150916277
            ],
            [
              77.05243045178166,
              28.617260150916277
            ],
            [
              77.05243045178166,
              28.617462270930652
            ],
            [
              77.05220019845497,
              28.617462270930652
            ]
          ]
        ]
      },
      "properties": {
        "synthetic": true,
        "ulpin_demo": "11007510000797",
        "building_id": "BLD-0797",
        "parcel_id": "PAR-G7-14",
        "owner_fictional": "Rohan Batra",
        "floors": 6,
        "height_m": 19.200000000000003,
        "parcel_area_m2": 506.25,
        "footprint_m2": 210
      }
    },
    {
      "type": "Feature",
      "id": "PAR-G7-24",
      "geometry": {
        "type": "Polygon",
        "coordinates": [
          [
            [
              77.05243045178166,
              28.617462270930652
            ],
            [
              77.05243045178166,
              28.617260150916277
            ],
            [
              77.05266070510834,
              28.617260150916277
            ],
            [
              77.05266070510834,
              28.617462270930652
            ],
            [
              77.05243045178166,
              28.617462270930652
            ]
          ]
        ]
      },
      "properties": {
        "synthetic": true,
        "ulpin_demo": "11007510000798",
        "building_id": "BLD-0798",
        "parcel_id": "PAR-G7-24",
        "owner_fictional": "Sana Gill",
        "floors": 3,
        "height_m": 9.600000000000001,
        "parcel_area_m2": 506.25,
        "footprint_m2": 272
      }
    },
    {
      "type": "Feature",
      "id": "PAR-G7-34",
      "geometry": {
        "type": "Polygon",
        "coordinates": [
          [
            [
              77.05266070510834,
              28.617462270930652
            ],
            [
              77.05266070510834,
              28.617260150916277
            ],
            [
              77.05289095843501,
              28.617260150916277
            ],
            [
              77.05289095843501,
              28.617462270930652
            ],
            [
              77.05266070510834,
              28.617462270930652
            ]
          ]
        ]
      },
      "properties": {
        "synthetic": true,
        "ulpin_demo": "11007510000799",
        "building_id": "BLD-0799",
        "parcel_id": "PAR-G7-34",
        "owner_fictional": "Tara Khanna",
        "floors": 6,
        "height_m": 19.200000000000003,
        "parcel_area_m2": 506.25,
        "footprint_m2": 182
      }
    },
    {
      "type": "Feature",
      "id": "PAR-G7-44",
      "geometry": {
        "type": "Polygon",
        "coordinates": [
          [
            [
              77.05289095843501,
              28.617462270930652
            ],
            [
              77.05289095843501,
              28.617260150916277
            ],
            [
              77.0531212117617,
              28.617260150916277
            ],
            [
              77.0531212117617,
              28.617462270930652
            ],
            [
              77.05289095843501,
              28.617462270930652
            ]
          ]
        ]
      },
      "properties": {
        "synthetic": true,
        "ulpin_demo": "11007510000800",
        "building_id": "BLD-0800",
        "parcel_id": "PAR-G7-44",
        "owner_fictional": "Tara Khanna",
        "floors": 5,
        "height_m": 16,
        "parcel_area_m2": 506.25,
        "footprint_m2": 288
      }
    },
    {
      "type": "Feature",
      "id": "PAR-G8-11",
      "geometry": {
        "type": "Polygon",
        "coordinates": [
          [
            [
              77.0532644804983,
              28.61806863097377
            ],
            [
              77.0532644804983,
              28.6178665109594
            ],
            [
              77.05349473382499,
              28.6178665109594
            ],
            [
              77.05349473382499,
              28.61806863097377
            ],
            [
              77.0532644804983,
              28.61806863097377
            ]
          ]
        ]
      },
      "properties": {
        "synthetic": true,
        "ulpin_demo": "11007510000801",
        "building_id": "BLD-0801",
        "parcel_id": "PAR-G8-11",
        "owner_fictional": "Sana Gill",
        "floors": 3,
        "height_m": 9.600000000000001,
        "parcel_area_m2": 506.25,
        "footprint_m2": 255
      }
    },
    {
      "type": "Feature",
      "id": "PAR-G8-21",
      "geometry": {
        "type": "Polygon",
        "coordinates": [
          [
            [
              77.05349473382499,
              28.61806863097377
            ],
            [
              77.05349473382499,
              28.6178665109594
            ],
            [
              77.05372498715167,
              28.6178665109594
            ],
            [
              77.05372498715167,
              28.61806863097377
            ],
            [
              77.05349473382499,
              28.61806863097377
            ]
          ]
        ]
      },
      "properties": {
        "synthetic": true,
        "ulpin_demo": "11007510000802",
        "building_id": "BLD-0802",
        "parcel_id": "PAR-G8-21",
        "owner_fictional": "Kabir Nair",
        "floors": 4,
        "height_m": 12.8,
        "parcel_area_m2": 506.25,
        "footprint_m2": 272
      }
    },
    {
      "type": "Feature",
      "id": "PAR-G8-31",
      "geometry": {
        "type": "Polygon",
        "coordinates": [
          [
            [
              77.05372498715167,
              28.61806863097377
            ],
            [
              77.05372498715167,
              28.6178665109594
            ],
            [
              77.05395524047836,
              28.6178665109594
            ],
            [
              77.05395524047836,
              28.61806863097377
            ],
            [
              77.05372498715167,
              28.61806863097377
            ]
          ]
        ]
      },
      "properties": {
        "synthetic": true,
        "ulpin_demo": "11007510000803",
        "building_id": "BLD-0803",
        "parcel_id": "PAR-G8-31",
        "owner_fictional": "Vihaan Joshi",
        "floors": 5,
        "height_m": 16,
        "parcel_area_m2": 506.25,
        "footprint_m2": 204
      }
    },
    {
      "type": "Feature",
      "id": "PAR-G8-41",
      "geometry": {
        "type": "Polygon",
        "coordinates": [
          [
            [
              77.05395524047836,
              28.61806863097377
            ],
            [
              77.05395524047836,
              28.6178665109594
            ],
            [
              77.05418549380504,
              28.6178665109594
            ],
            [
              77.05418549380504,
              28.61806863097377
            ],
            [
              77.05395524047836,
              28.61806863097377
            ]
          ]
        ]
      },
      "properties": {
        "synthetic": true,
        "ulpin_demo": "11007510000804",
        "building_id": "BLD-0804",
        "parcel_id": "PAR-G8-41",
        "owner_fictional": "Aarav Mehta",
        "floors": 6,
        "height_m": 19.200000000000003,
        "parcel_area_m2": 506.25,
        "footprint_m2": 221
      }
    },
    {
      "type": "Feature",
      "id": "PAR-G8-12",
      "geometry": {
        "type": "Polygon",
        "coordinates": [
          [
            [
              77.0532644804983,
              28.6178665109594
            ],
            [
              77.0532644804983,
              28.617664390945023
            ],
            [
              77.05349473382499,
              28.617664390945023
            ],
            [
              77.05349473382499,
              28.6178665109594
            ],
            [
              77.0532644804983,
              28.6178665109594
            ]
          ]
        ]
      },
      "properties": {
        "synthetic": true,
        "ulpin_demo": "11007510000805",
        "building_id": "BLD-0805",
        "parcel_id": "PAR-G8-12",
        "owner_fictional": "Riya Saxena",
        "floors": 5,
        "height_m": 16,
        "parcel_area_m2": 506.25,
        "footprint_m2": 156
      }
    },
    {
      "type": "Feature",
      "id": "PAR-G8-22",
      "geometry": {
        "type": "Polygon",
        "coordinates": [
          [
            [
              77.05349473382499,
              28.6178665109594
            ],
            [
              77.05349473382499,
              28.617664390945023
            ],
            [
              77.05372498715167,
              28.617664390945023
            ],
            [
              77.05372498715167,
              28.6178665109594
            ],
            [
              77.05349473382499,
              28.6178665109594
            ]
          ]
        ]
      },
      "properties": {
        "synthetic": true,
        "ulpin_demo": "11007510000806",
        "building_id": "BLD-0806",
        "parcel_id": "PAR-G8-22",
        "owner_fictional": "Tara Khanna",
        "floors": 4,
        "height_m": 12.8,
        "parcel_area_m2": 506.25,
        "footprint_m2": 238
      }
    },
    {
      "type": "Feature",
      "id": "PAR-G8-32",
      "geometry": {
        "type": "Polygon",
        "coordinates": [
          [
            [
              77.05372498715167,
              28.6178665109594
            ],
            [
              77.05372498715167,
              28.617664390945023
            ],
            [
              77.05395524047836,
              28.617664390945023
            ],
            [
              77.05395524047836,
              28.6178665109594
            ],
            [
              77.05372498715167,
              28.6178665109594
            ]
          ]
        ]
      },
      "properties": {
        "synthetic": true,
        "ulpin_demo": "11007510000807",
        "building_id": "BLD-0807",
        "parcel_id": "PAR-G8-32",
        "owner_fictional": "Vihaan Joshi",
        "floors": 3,
        "height_m": 9.600000000000001,
        "parcel_area_m2": 506.25,
        "footprint_m2": 210
      }
    },
    {
      "type": "Feature",
      "id": "PAR-G8-42",
      "geometry": {
        "type": "Polygon",
        "coordinates": [
          [
            [
              77.05395524047836,
              28.6178665109594
            ],
            [
              77.05395524047836,
              28.617664390945023
            ],
            [
              77.05418549380504,
              28.617664390945023
            ],
            [
              77.05418549380504,
              28.6178665109594
            ],
            [
              77.05395524047836,
              28.6178665109594
            ]
          ]
        ]
      },
      "properties": {
        "synthetic": true,
        "ulpin_demo": "11007510000808",
        "building_id": "BLD-0808",
        "parcel_id": "PAR-G8-42",
        "owner_fictional": "Riya Saxena",
        "floors": 6,
        "height_m": 19.200000000000003,
        "parcel_area_m2": 506.25,
        "footprint_m2": 225
      }
    },
    {
      "type": "Feature",
      "id": "PAR-G8-13",
      "geometry": {
        "type": "Polygon",
        "coordinates": [
          [
            [
              77.0532644804983,
              28.617664390945023
            ],
            [
              77.0532644804983,
              28.617462270930652
            ],
            [
              77.05349473382499,
              28.617462270930652
            ],
            [
              77.05349473382499,
              28.617664390945023
            ],
            [
              77.0532644804983,
              28.617664390945023
            ]
          ]
        ]
      },
      "properties": {
        "synthetic": true,
        "ulpin_demo": "11007510000809",
        "building_id": "BLD-0809",
        "parcel_id": "PAR-G8-13",
        "owner_fictional": "Vihaan Joshi",
        "floors": 5,
        "height_m": 16,
        "parcel_area_m2": 506.25,
        "footprint_m2": 289
      }
    },
    {
      "type": "Feature",
      "id": "PAR-G8-23",
      "geometry": {
        "type": "Polygon",
        "coordinates": [
          [
            [
              77.05349473382499,
              28.617664390945023
            ],
            [
              77.05349473382499,
              28.617462270930652
            ],
            [
              77.05372498715167,
              28.617462270930652
            ],
            [
              77.05372498715167,
              28.617664390945023
            ],
            [
              77.05349473382499,
              28.617664390945023
            ]
          ]
        ]
      },
      "properties": {
        "synthetic": true,
        "ulpin_demo": "11007510000810",
        "building_id": "BLD-0810",
        "parcel_id": "PAR-G8-23",
        "owner_fictional": "Vihaan Joshi",
        "floors": 4,
        "height_m": 12.8,
        "parcel_area_m2": 506.25,
        "footprint_m2": 182
      }
    },
    {
      "type": "Feature",
      "id": "PAR-G8-33",
      "geometry": {
        "type": "Polygon",
        "coordinates": [
          [
            [
              77.05372498715167,
              28.617664390945023
            ],
            [
              77.05372498715167,
              28.617462270930652
            ],
            [
              77.05395524047836,
              28.617462270930652
            ],
            [
              77.05395524047836,
              28.617664390945023
            ],
            [
              77.05372498715167,
              28.617664390945023
            ]
          ]
        ]
      },
      "properties": {
        "synthetic": true,
        "ulpin_demo": "11007510000811",
        "building_id": "BLD-0811",
        "parcel_id": "PAR-G8-33",
        "owner_fictional": "Diya Malhotra",
        "floors": 3,
        "height_m": 9.600000000000001,
        "parcel_area_m2": 506.25,
        "footprint_m2": 168
      }
    },
    {
      "type": "Feature",
      "id": "PAR-G8-43",
      "geometry": {
        "type": "Polygon",
        "coordinates": [
          [
            [
              77.05395524047836,
              28.617664390945023
            ],
            [
              77.05395524047836,
              28.617462270930652
            ],
            [
              77.05418549380504,
              28.617462270930652
            ],
            [
              77.05418549380504,
              28.617664390945023
            ],
            [
              77.05395524047836,
              28.617664390945023
            ]
          ]
        ]
      },
      "properties": {
        "synthetic": true,
        "ulpin_demo": "11007510000812",
        "building_id": "BLD-0812",
        "parcel_id": "PAR-G8-43",
        "owner_fictional": "Neel Kapoor",
        "floors": 6,
        "height_m": 19.200000000000003,
        "parcel_area_m2": 506.25,
        "footprint_m2": 208
      }
    },
    {
      "type": "Feature",
      "id": "PAR-G8-14",
      "geometry": {
        "type": "Polygon",
        "coordinates": [
          [
            [
              77.0532644804983,
              28.617462270930652
            ],
            [
              77.0532644804983,
              28.617260150916277
            ],
            [
              77.05349473382499,
              28.617260150916277
            ],
            [
              77.05349473382499,
              28.617462270930652
            ],
            [
              77.0532644804983,
              28.617462270930652
            ]
          ]
        ]
      },
      "properties": {
        "synthetic": true,
        "ulpin_demo": "11007510000813",
        "building_id": "BLD-0813",
        "parcel_id": "PAR-G8-14",
        "owner_fictional": "Aarav Mehta",
        "floors": 6,
        "height_m": 19.200000000000003,
        "parcel_area_m2": 506.25,
        "footprint_m2": 195
      }
    },
    {
      "type": "Feature",
      "id": "PAR-G8-24",
      "geometry": {
        "type": "Polygon",
        "coordinates": [
          [
            [
              77.05349473382499,
              28.617462270930652
            ],
            [
              77.05349473382499,
              28.617260150916277
            ],
            [
              77.05372498715167,
              28.617260150916277
            ],
            [
              77.05372498715167,
              28.617462270930652
            ],
            [
              77.05349473382499,
              28.617462270930652
            ]
          ]
        ]
      },
      "properties": {
        "synthetic": true,
        "ulpin_demo": "11007510000814",
        "building_id": "BLD-0814",
        "parcel_id": "PAR-G8-24",
        "owner_fictional": "Diya Malhotra",
        "floors": 4,
        "height_m": 12.8,
        "parcel_area_m2": 506.25,
        "footprint_m2": 270
      }
    },
    {
      "type": "Feature",
      "id": "PAR-G8-34",
      "geometry": {
        "type": "Polygon",
        "coordinates": [
          [
            [
              77.05372498715167,
              28.617462270930652
            ],
            [
              77.05372498715167,
              28.617260150916277
            ],
            [
              77.05395524047836,
              28.617260150916277
            ],
            [
              77.05395524047836,
              28.617462270930652
            ],
            [
              77.05372498715167,
              28.617462270930652
            ]
          ]
        ]
      },
      "properties": {
        "synthetic": true,
        "ulpin_demo": "11007510000815",
        "building_id": "BLD-0815",
        "parcel_id": "PAR-G8-34",
        "owner_fictional": "Sana Gill",
        "floors": 3,
        "height_m": 9.600000000000001,
        "parcel_area_m2": 506.25,
        "footprint_m2": 238
      }
    },
    {
      "type": "Feature",
      "id": "PAR-G8-44",
      "geometry": {
        "type": "Polygon",
        "coordinates": [
          [
            [
              77.05395524047836,
              28.617462270930652
            ],
            [
              77.05395524047836,
              28.617260150916277
            ],
            [
              77.05418549380504,
              28.617260150916277
            ],
            [
              77.05418549380504,
              28.617462270930652
            ],
            [
              77.05395524047836,
              28.617462270930652
            ]
          ]
        ]
      },
      "properties": {
        "synthetic": true,
        "ulpin_demo": "11007510000816",
        "building_id": "BLD-0816",
        "parcel_id": "PAR-G8-44",
        "owner_fictional": "Aarav Mehta",
        "floors": 5,
        "height_m": 16,
        "parcel_area_m2": 506.25,
        "footprint_m2": 180
      }
    },
    {
      "type": "Feature",
      "id": "PAR-H1-11",
      "geometry": {
        "type": "Polygon",
        "coordinates": [
          [
            [
              77.04581450619496,
              28.61713438735178
            ],
            [
              77.04581450619496,
              28.616932267337408
            ],
            [
              77.04604475952164,
              28.616932267337408
            ],
            [
              77.04604475952164,
              28.61713438735178
            ],
            [
              77.04581450619496,
              28.61713438735178
            ]
          ]
        ]
      },
      "properties": {
        "synthetic": true,
        "ulpin_demo": "11007510000817",
        "building_id": "BLD-0817",
        "parcel_id": "PAR-H1-11",
        "owner_fictional": "Riya Saxena",
        "floors": 4,
        "height_m": 12.8,
        "parcel_area_m2": 506.25,
        "footprint_m2": 216
      }
    },
    {
      "type": "Feature",
      "id": "PAR-H1-21",
      "geometry": {
        "type": "Polygon",
        "coordinates": [
          [
            [
              77.04604475952164,
              28.61713438735178
            ],
            [
              77.04604475952164,
              28.616932267337408
            ],
            [
              77.04627501284833,
              28.616932267337408
            ],
            [
              77.04627501284833,
              28.61713438735178
            ],
            [
              77.04604475952164,
              28.61713438735178
            ]
          ]
        ]
      },
      "properties": {
        "synthetic": true,
        "ulpin_demo": "11007510000818",
        "building_id": "BLD-0818",
        "parcel_id": "PAR-H1-21",
        "owner_fictional": "Dev Ahuja",
        "floors": 6,
        "height_m": 19.200000000000003,
        "parcel_area_m2": 506.25,
        "footprint_m2": 168
      }
    },
    {
      "type": "Feature",
      "id": "PAR-H1-31",
      "geometry": {
        "type": "Polygon",
        "coordinates": [
          [
            [
              77.04627501284833,
              28.61713438735178
            ],
            [
              77.04627501284833,
              28.616932267337408
            ],
            [
              77.046505266175,
              28.616932267337408
            ],
            [
              77.046505266175,
              28.61713438735178
            ],
            [
              77.04627501284833,
              28.61713438735178
            ]
          ]
        ]
      },
      "properties": {
        "synthetic": true,
        "ulpin_demo": "11007510000819",
        "building_id": "BLD-0819",
        "parcel_id": "PAR-H1-31",
        "owner_fictional": "Neel Kapoor",
        "floors": 3,
        "height_m": 9.600000000000001,
        "parcel_area_m2": 506.25,
        "footprint_m2": 272
      }
    },
    {
      "type": "Feature",
      "id": "PAR-H1-41",
      "geometry": {
        "type": "Polygon",
        "coordinates": [
          [
            [
              77.046505266175,
              28.61713438735178
            ],
            [
              77.046505266175,
              28.616932267337408
            ],
            [
              77.0467355195017,
              28.616932267337408
            ],
            [
              77.0467355195017,
              28.61713438735178
            ],
            [
              77.046505266175,
              28.61713438735178
            ]
          ]
        ]
      },
      "properties": {
        "synthetic": true,
        "ulpin_demo": "11007510000820",
        "building_id": "BLD-0820",
        "parcel_id": "PAR-H1-41",
        "owner_fictional": "Sana Gill",
        "floors": 6,
        "height_m": 19.200000000000003,
        "parcel_area_m2": 506.25,
        "footprint_m2": 195
      }
    },
    {
      "type": "Feature",
      "id": "PAR-H1-12",
      "geometry": {
        "type": "Polygon",
        "coordinates": [
          [
            [
              77.04581450619496,
              28.616932267337408
            ],
            [
              77.04581450619496,
              28.616730147323032
            ],
            [
              77.04604475952164,
              28.616730147323032
            ],
            [
              77.04604475952164,
              28.616932267337408
            ],
            [
              77.04581450619496,
              28.616932267337408
            ]
          ]
        ]
      },
      "properties": {
        "synthetic": true,
        "ulpin_demo": "11007510000821",
        "building_id": "BLD-0821",
        "parcel_id": "PAR-H1-12",
        "owner_fictional": "Vihaan Joshi",
        "floors": 3,
        "height_m": 9.600000000000001,
        "parcel_area_m2": 506.25,
        "footprint_m2": 234
      }
    },
    {
      "type": "Feature",
      "id": "PAR-H1-22",
      "geometry": {
        "type": "Polygon",
        "coordinates": [
          [
            [
              77.04604475952164,
              28.616932267337408
            ],
            [
              77.04604475952164,
              28.616730147323032
            ],
            [
              77.04627501284833,
              28.616730147323032
            ],
            [
              77.04627501284833,
              28.616932267337408
            ],
            [
              77.04604475952164,
              28.616932267337408
            ]
          ]
        ]
      },
      "properties": {
        "synthetic": true,
        "ulpin_demo": "11007510000822",
        "building_id": "BLD-0822",
        "parcel_id": "PAR-H1-22",
        "owner_fictional": "Sana Gill",
        "floors": 4,
        "height_m": 12.8,
        "parcel_area_m2": 506.25,
        "footprint_m2": 169
      }
    },
    {
      "type": "Feature",
      "id": "PAR-H1-32",
      "geometry": {
        "type": "Polygon",
        "coordinates": [
          [
            [
              77.04627501284833,
              28.616932267337408
            ],
            [
              77.04627501284833,
              28.616730147323032
            ],
            [
              77.046505266175,
              28.616730147323032
            ],
            [
              77.046505266175,
              28.616932267337408
            ],
            [
              77.04627501284833,
              28.616932267337408
            ]
          ]
        ]
      },
      "properties": {
        "synthetic": true,
        "ulpin_demo": "11007510000823",
        "building_id": "BLD-0823",
        "parcel_id": "PAR-H1-32",
        "owner_fictional": "Meera Arora",
        "floors": 3,
        "height_m": 9.600000000000001,
        "parcel_area_m2": 506.25,
        "footprint_m2": 210
      }
    },
    {
      "type": "Feature",
      "id": "PAR-H1-42",
      "geometry": {
        "type": "Polygon",
        "coordinates": [
          [
            [
              77.046505266175,
              28.616932267337408
            ],
            [
              77.046505266175,
              28.616730147323032
            ],
            [
              77.0467355195017,
              28.616730147323032
            ],
            [
              77.0467355195017,
              28.616932267337408
            ],
            [
              77.046505266175,
              28.616932267337408
            ]
          ]
        ]
      },
      "properties": {
        "synthetic": true,
        "ulpin_demo": "11007510000824",
        "building_id": "BLD-0824",
        "parcel_id": "PAR-H1-42",
        "owner_fictional": "Kavya Sethi",
        "floors": 4,
        "height_m": 12.8,
        "parcel_area_m2": 506.25,
        "footprint_m2": 240
      }
    },
    {
      "type": "Feature",
      "id": "PAR-H1-13",
      "geometry": {
        "type": "Polygon",
        "coordinates": [
          [
            [
              77.04581450619496,
              28.616730147323032
            ],
            [
              77.04581450619496,
              28.61652802730866
            ],
            [
              77.04604475952164,
              28.61652802730866
            ],
            [
              77.04604475952164,
              28.616730147323032
            ],
            [
              77.04581450619496,
              28.616730147323032
            ]
          ]
        ]
      },
      "properties": {
        "synthetic": true,
        "ulpin_demo": "11007510000825",
        "building_id": "BLD-0825",
        "parcel_id": "PAR-H1-13",
        "owner_fictional": "Dev Ahuja",
        "floors": 6,
        "height_m": 19.200000000000003,
        "parcel_area_m2": 506.25,
        "footprint_m2": 272
      }
    },
    {
      "type": "Feature",
      "id": "PAR-H1-23",
      "geometry": {
        "type": "Polygon",
        "coordinates": [
          [
            [
              77.04604475952164,
              28.616730147323032
            ],
            [
              77.04604475952164,
              28.61652802730866
            ],
            [
              77.04627501284833,
              28.61652802730866
            ],
            [
              77.04627501284833,
              28.616730147323032
            ],
            [
              77.04604475952164,
              28.616730147323032
            ]
          ]
        ]
      },
      "properties": {
        "synthetic": true,
        "ulpin_demo": "11007510000826",
        "building_id": "BLD-0826",
        "parcel_id": "PAR-H1-23",
        "owner_fictional": "Neel Kapoor",
        "floors": 6,
        "height_m": 19.200000000000003,
        "parcel_area_m2": 506.25,
        "footprint_m2": 195
      }
    },
    {
      "type": "Feature",
      "id": "PAR-H1-33",
      "geometry": {
        "type": "Polygon",
        "coordinates": [
          [
            [
              77.04627501284833,
              28.616730147323032
            ],
            [
              77.04627501284833,
              28.61652802730866
            ],
            [
              77.046505266175,
              28.61652802730866
            ],
            [
              77.046505266175,
              28.616730147323032
            ],
            [
              77.04627501284833,
              28.616730147323032
            ]
          ]
        ]
      },
      "properties": {
        "synthetic": true,
        "ulpin_demo": "11007510000827",
        "building_id": "BLD-0827",
        "parcel_id": "PAR-H1-33",
        "owner_fictional": "Aarav Mehta",
        "floors": 4,
        "height_m": 12.8,
        "parcel_area_m2": 506.25,
        "footprint_m2": 180
      }
    },
    {
      "type": "Feature",
      "id": "PAR-H1-43",
      "geometry": {
        "type": "Polygon",
        "coordinates": [
          [
            [
              77.046505266175,
              28.616730147323032
            ],
            [
              77.046505266175,
              28.61652802730866
            ],
            [
              77.0467355195017,
              28.61652802730866
            ],
            [
              77.0467355195017,
              28.616730147323032
            ],
            [
              77.046505266175,
              28.616730147323032
            ]
          ]
        ]
      },
      "properties": {
        "synthetic": true,
        "ulpin_demo": "11007510000828",
        "building_id": "BLD-0828",
        "parcel_id": "PAR-H1-43",
        "owner_fictional": "Neel Kapoor",
        "floors": 5,
        "height_m": 16,
        "parcel_area_m2": 506.25,
        "footprint_m2": 272
      }
    },
    {
      "type": "Feature",
      "id": "PAR-H1-14",
      "geometry": {
        "type": "Polygon",
        "coordinates": [
          [
            [
              77.04581450619496,
              28.61652802730866
            ],
            [
              77.04581450619496,
              28.61632590729429
            ],
            [
              77.04604475952164,
              28.61632590729429
            ],
            [
              77.04604475952164,
              28.61652802730866
            ],
            [
              77.04581450619496,
              28.61652802730866
            ]
          ]
        ]
      },
      "properties": {
        "synthetic": true,
        "ulpin_demo": "11007510000829",
        "building_id": "BLD-0829",
        "parcel_id": "PAR-H1-14",
        "owner_fictional": "Sana Gill",
        "floors": 4,
        "height_m": 12.8,
        "parcel_area_m2": 506.25,
        "footprint_m2": 195
      }
    },
    {
      "type": "Feature",
      "id": "PAR-H1-24",
      "geometry": {
        "type": "Polygon",
        "coordinates": [
          [
            [
              77.04604475952164,
              28.61652802730866
            ],
            [
              77.04604475952164,
              28.61632590729429
            ],
            [
              77.04627501284833,
              28.61632590729429
            ],
            [
              77.04627501284833,
              28.61652802730866
            ],
            [
              77.04604475952164,
              28.61652802730866
            ]
          ]
        ]
      },
      "properties": {
        "synthetic": true,
        "ulpin_demo": "11007510000830",
        "building_id": "BLD-0830",
        "parcel_id": "PAR-H1-24",
        "owner_fictional": "Meera Arora",
        "floors": 3,
        "height_m": 9.600000000000001,
        "parcel_area_m2": 506.25,
        "footprint_m2": 195
      }
    },
    {
      "type": "Feature",
      "id": "PAR-H1-34",
      "geometry": {
        "type": "Polygon",
        "coordinates": [
          [
            [
              77.04627501284833,
              28.61652802730866
            ],
            [
              77.04627501284833,
              28.61632590729429
            ],
            [
              77.046505266175,
              28.61632590729429
            ],
            [
              77.046505266175,
              28.61652802730866
            ],
            [
              77.04627501284833,
              28.61652802730866
            ]
          ]
        ]
      },
      "properties": {
        "synthetic": true,
        "ulpin_demo": "11007510000831",
        "building_id": "BLD-0831",
        "parcel_id": "PAR-H1-34",
        "owner_fictional": "Diya Malhotra",
        "floors": 4,
        "height_m": 12.8,
        "parcel_area_m2": 506.25,
        "footprint_m2": 240
      }
    },
    {
      "type": "Feature",
      "id": "PAR-H1-44",
      "geometry": {
        "type": "Polygon",
        "coordinates": [
          [
            [
              77.046505266175,
              28.61652802730866
            ],
            [
              77.046505266175,
              28.61632590729429
            ],
            [
              77.0467355195017,
              28.61632590729429
            ],
            [
              77.0467355195017,
              28.61652802730866
            ],
            [
              77.046505266175,
              28.61652802730866
            ]
          ]
        ]
      },
      "properties": {
        "synthetic": true,
        "ulpin_demo": "11007510000832",
        "building_id": "BLD-0832",
        "parcel_id": "PAR-H1-44",
        "owner_fictional": "Rohan Batra",
        "floors": 4,
        "height_m": 12.8,
        "parcel_area_m2": 506.25,
        "footprint_m2": 210
      }
    },
    {
      "type": "Feature",
      "id": "PAR-H2-11",
      "geometry": {
        "type": "Polygon",
        "coordinates": [
          [
            [
              77.04687878823829,
              28.61713438735178
            ],
            [
              77.04687878823829,
              28.616932267337408
            ],
            [
              77.04710904156498,
              28.616932267337408
            ],
            [
              77.04710904156498,
              28.61713438735178
            ],
            [
              77.04687878823829,
              28.61713438735178
            ]
          ]
        ]
      },
      "properties": {
        "synthetic": true,
        "ulpin_demo": "11007510000833",
        "building_id": "BLD-0833",
        "parcel_id": "PAR-H2-11",
        "owner_fictional": "Sana Gill",
        "floors": 3,
        "height_m": 9.600000000000001,
        "parcel_area_m2": 506.25,
        "footprint_m2": 225
      }
    },
    {
      "type": "Feature",
      "id": "PAR-H2-21",
      "geometry": {
        "type": "Polygon",
        "coordinates": [
          [
            [
              77.04710904156498,
              28.61713438735178
            ],
            [
              77.04710904156498,
              28.616932267337408
            ],
            [
              77.04733929489166,
              28.616932267337408
            ],
            [
              77.04733929489166,
              28.61713438735178
            ],
            [
              77.04710904156498,
              28.61713438735178
            ]
          ]
        ]
      },
      "properties": {
        "synthetic": true,
        "ulpin_demo": "11007510000834",
        "building_id": "BLD-0834",
        "parcel_id": "PAR-H2-21",
        "owner_fictional": "Rohan Batra",
        "floors": 4,
        "height_m": 12.8,
        "parcel_area_m2": 506.25,
        "footprint_m2": 224
      }
    },
    {
      "type": "Feature",
      "id": "PAR-H2-31",
      "geometry": {
        "type": "Polygon",
        "coordinates": [
          [
            [
              77.04733929489166,
              28.61713438735178
            ],
            [
              77.04733929489166,
              28.616932267337408
            ],
            [
              77.04756954821833,
              28.616932267337408
            ],
            [
              77.04756954821833,
              28.61713438735178
            ],
            [
              77.04733929489166,
              28.61713438735178
            ]
          ]
        ]
      },
      "properties": {
        "synthetic": true,
        "ulpin_demo": "11007510000835",
        "building_id": "BLD-0835",
        "parcel_id": "PAR-H2-31",
        "owner_fictional": "Kabir Nair",
        "floors": 5,
        "height_m": 16,
        "parcel_area_m2": 506.25,
        "footprint_m2": 255
      }
    },
    {
      "type": "Feature",
      "id": "PAR-H2-41",
      "geometry": {
        "type": "Polygon",
        "coordinates": [
          [
            [
              77.04756954821833,
              28.61713438735178
            ],
            [
              77.04756954821833,
              28.616932267337408
            ],
            [
              77.04779980154503,
              28.616932267337408
            ],
            [
              77.04779980154503,
              28.61713438735178
            ],
            [
              77.04756954821833,
              28.61713438735178
            ]
          ]
        ]
      },
      "properties": {
        "synthetic": true,
        "ulpin_demo": "11007510000836",
        "building_id": "BLD-0836",
        "parcel_id": "PAR-H2-41",
        "owner_fictional": "Sana Gill",
        "floors": 4,
        "height_m": 12.8,
        "parcel_area_m2": 506.25,
        "footprint_m2": 195
      }
    },
    {
      "type": "Feature",
      "id": "PAR-H2-12",
      "geometry": {
        "type": "Polygon",
        "coordinates": [
          [
            [
              77.04687878823829,
              28.616932267337408
            ],
            [
              77.04687878823829,
              28.616730147323032
            ],
            [
              77.04710904156498,
              28.616730147323032
            ],
            [
              77.04710904156498,
              28.616932267337408
            ],
            [
              77.04687878823829,
              28.616932267337408
            ]
          ]
        ]
      },
      "properties": {
        "synthetic": true,
        "ulpin_demo": "11007510000837",
        "building_id": "BLD-0837",
        "parcel_id": "PAR-H2-12",
        "owner_fictional": "Dev Ahuja",
        "floors": 4,
        "height_m": 12.8,
        "parcel_area_m2": 506.25,
        "footprint_m2": 306
      }
    },
    {
      "type": "Feature",
      "id": "PAR-H2-22",
      "geometry": {
        "type": "Polygon",
        "coordinates": [
          [
            [
              77.04710904156498,
              28.616932267337408
            ],
            [
              77.04710904156498,
              28.616730147323032
            ],
            [
              77.04733929489166,
              28.616730147323032
            ],
            [
              77.04733929489166,
              28.616932267337408
            ],
            [
              77.04710904156498,
              28.616932267337408
            ]
          ]
        ]
      },
      "properties": {
        "synthetic": true,
        "ulpin_demo": "11007510000838",
        "building_id": "BLD-0838",
        "parcel_id": "PAR-H2-22",
        "owner_fictional": "Tara Khanna",
        "floors": 4,
        "height_m": 12.8,
        "parcel_area_m2": 506.25,
        "footprint_m2": 252
      }
    },
    {
      "type": "Feature",
      "id": "PAR-H2-32",
      "geometry": {
        "type": "Polygon",
        "coordinates": [
          [
            [
              77.04733929489166,
              28.616932267337408
            ],
            [
              77.04733929489166,
              28.616730147323032
            ],
            [
              77.04756954821833,
              28.616730147323032
            ],
            [
              77.04756954821833,
              28.616932267337408
            ],
            [
              77.04733929489166,
              28.616932267337408
            ]
          ]
        ]
      },
      "properties": {
        "synthetic": true,
        "ulpin_demo": "11007510000839",
        "building_id": "BLD-0839",
        "parcel_id": "PAR-H2-32",
        "owner_fictional": "Tara Khanna",
        "floors": 4,
        "height_m": 12.8,
        "parcel_area_m2": 506.25,
        "footprint_m2": 272
      }
    },
    {
      "type": "Feature",
      "id": "PAR-H2-42",
      "geometry": {
        "type": "Polygon",
        "coordinates": [
          [
            [
              77.04756954821833,
              28.616932267337408
            ],
            [
              77.04756954821833,
              28.616730147323032
            ],
            [
              77.04779980154503,
              28.616730147323032
            ],
            [
              77.04779980154503,
              28.616932267337408
            ],
            [
              77.04756954821833,
              28.616932267337408
            ]
          ]
        ]
      },
      "properties": {
        "synthetic": true,
        "ulpin_demo": "11007510000840",
        "building_id": "BLD-0840",
        "parcel_id": "PAR-H2-42",
        "owner_fictional": "Tara Khanna",
        "floors": 3,
        "height_m": 9.600000000000001,
        "parcel_area_m2": 506.25,
        "footprint_m2": 192
      }
    },
    {
      "type": "Feature",
      "id": "PAR-H2-13",
      "geometry": {
        "type": "Polygon",
        "coordinates": [
          [
            [
              77.04687878823829,
              28.616730147323032
            ],
            [
              77.04687878823829,
              28.61652802730866
            ],
            [
              77.04710904156498,
              28.61652802730866
            ],
            [
              77.04710904156498,
              28.616730147323032
            ],
            [
              77.04687878823829,
              28.616730147323032
            ]
          ]
        ]
      },
      "properties": {
        "synthetic": true,
        "ulpin_demo": "11007510000841",
        "building_id": "BLD-0841",
        "parcel_id": "PAR-H2-13",
        "owner_fictional": "Sana Gill",
        "floors": 4,
        "height_m": 12.8,
        "parcel_area_m2": 506.25,
        "footprint_m2": 210
      }
    },
    {
      "type": "Feature",
      "id": "PAR-H2-23",
      "geometry": {
        "type": "Polygon",
        "coordinates": [
          [
            [
              77.04710904156498,
              28.616730147323032
            ],
            [
              77.04710904156498,
              28.61652802730866
            ],
            [
              77.04733929489166,
              28.61652802730866
            ],
            [
              77.04733929489166,
              28.616730147323032
            ],
            [
              77.04710904156498,
              28.616730147323032
            ]
          ]
        ]
      },
      "properties": {
        "synthetic": true,
        "ulpin_demo": "11007510000842",
        "building_id": "BLD-0842",
        "parcel_id": "PAR-H2-23",
        "owner_fictional": "Kabir Nair",
        "floors": 6,
        "height_m": 19.200000000000003,
        "parcel_area_m2": 506.25,
        "footprint_m2": 225
      }
    },
    {
      "type": "Feature",
      "id": "PAR-H2-33",
      "geometry": {
        "type": "Polygon",
        "coordinates": [
          [
            [
              77.04733929489166,
              28.616730147323032
            ],
            [
              77.04733929489166,
              28.61652802730866
            ],
            [
              77.04756954821833,
              28.61652802730866
            ],
            [
              77.04756954821833,
              28.616730147323032
            ],
            [
              77.04733929489166,
              28.616730147323032
            ]
          ]
        ]
      },
      "properties": {
        "synthetic": true,
        "ulpin_demo": "11007510000843",
        "building_id": "BLD-0843",
        "parcel_id": "PAR-H2-33",
        "owner_fictional": "Kavya Sethi",
        "floors": 6,
        "height_m": 19.200000000000003,
        "parcel_area_m2": 506.25,
        "footprint_m2": 306
      }
    },
    {
      "type": "Feature",
      "id": "PAR-H2-43",
      "geometry": {
        "type": "Polygon",
        "coordinates": [
          [
            [
              77.04756954821833,
              28.616730147323032
            ],
            [
              77.04756954821833,
              28.61652802730866
            ],
            [
              77.04779980154503,
              28.61652802730866
            ],
            [
              77.04779980154503,
              28.616730147323032
            ],
            [
              77.04756954821833,
              28.616730147323032
            ]
          ]
        ]
      },
      "properties": {
        "synthetic": true,
        "ulpin_demo": "11007510000844",
        "building_id": "BLD-0844",
        "parcel_id": "PAR-H2-43",
        "owner_fictional": "Vihaan Joshi",
        "floors": 3,
        "height_m": 9.600000000000001,
        "parcel_area_m2": 506.25,
        "footprint_m2": 208
      }
    },
    {
      "type": "Feature",
      "id": "PAR-H2-14",
      "geometry": {
        "type": "Polygon",
        "coordinates": [
          [
            [
              77.04687878823829,
              28.61652802730866
            ],
            [
              77.04687878823829,
              28.61632590729429
            ],
            [
              77.04710904156498,
              28.61632590729429
            ],
            [
              77.04710904156498,
              28.61652802730866
            ],
            [
              77.04687878823829,
              28.61652802730866
            ]
          ]
        ]
      },
      "properties": {
        "synthetic": true,
        "ulpin_demo": "11007510000845",
        "building_id": "BLD-0845",
        "parcel_id": "PAR-H2-14",
        "owner_fictional": "Meera Arora",
        "floors": 3,
        "height_m": 9.600000000000001,
        "parcel_area_m2": 506.25,
        "footprint_m2": 238
      }
    },
    {
      "type": "Feature",
      "id": "PAR-H2-24",
      "geometry": {
        "type": "Polygon",
        "coordinates": [
          [
            [
              77.04710904156498,
              28.61652802730866
            ],
            [
              77.04710904156498,
              28.61632590729429
            ],
            [
              77.04733929489166,
              28.61632590729429
            ],
            [
              77.04733929489166,
              28.61652802730866
            ],
            [
              77.04710904156498,
              28.61652802730866
            ]
          ]
        ]
      },
      "properties": {
        "synthetic": true,
        "ulpin_demo": "11007510000846",
        "building_id": "BLD-0846",
        "parcel_id": "PAR-H2-24",
        "owner_fictional": "Ananya Rao",
        "floors": 4,
        "height_m": 12.8,
        "parcel_area_m2": 506.25,
        "footprint_m2": 289
      }
    },
    {
      "type": "Feature",
      "id": "PAR-H2-34",
      "geometry": {
        "type": "Polygon",
        "coordinates": [
          [
            [
              77.04733929489166,
              28.61652802730866
            ],
            [
              77.04733929489166,
              28.61632590729429
            ],
            [
              77.04756954821833,
              28.61632590729429
            ],
            [
              77.04756954821833,
              28.61652802730866
            ],
            [
              77.04733929489166,
              28.61652802730866
            ]
          ]
        ]
      },
      "properties": {
        "synthetic": true,
        "ulpin_demo": "11007510000847",
        "building_id": "BLD-0847",
        "parcel_id": "PAR-H2-34",
        "owner_fictional": "Nisha Anand",
        "floors": 4,
        "height_m": 12.8,
        "parcel_area_m2": 506.25,
        "footprint_m2": 272
      }
    },
    {
      "type": "Feature",
      "id": "PAR-H2-44",
      "geometry": {
        "type": "Polygon",
        "coordinates": [
          [
            [
              77.04756954821833,
              28.61652802730866
            ],
            [
              77.04756954821833,
              28.61632590729429
            ],
            [
              77.04779980154503,
              28.61632590729429
            ],
            [
              77.04779980154503,
              28.61652802730866
            ],
            [
              77.04756954821833,
              28.61652802730866
            ]
          ]
        ]
      },
      "properties": {
        "synthetic": true,
        "ulpin_demo": "11007510000848",
        "building_id": "BLD-0848",
        "parcel_id": "PAR-H2-44",
        "owner_fictional": "Vihaan Joshi",
        "floors": 3,
        "height_m": 9.600000000000001,
        "parcel_area_m2": 506.25,
        "footprint_m2": 208
      }
    },
    {
      "type": "Feature",
      "id": "PAR-H3-11",
      "geometry": {
        "type": "Polygon",
        "coordinates": [
          [
            [
              77.04794307028163,
              28.61713438735178
            ],
            [
              77.04794307028163,
              28.616932267337408
            ],
            [
              77.04817332360831,
              28.616932267337408
            ],
            [
              77.04817332360831,
              28.61713438735178
            ],
            [
              77.04794307028163,
              28.61713438735178
            ]
          ]
        ]
      },
      "properties": {
        "synthetic": true,
        "ulpin_demo": "11007510000849",
        "building_id": "BLD-0849",
        "parcel_id": "PAR-H3-11",
        "owner_fictional": "Kavya Sethi",
        "floors": 3,
        "height_m": 9.600000000000001,
        "parcel_area_m2": 506.25,
        "footprint_m2": 208
      }
    },
    {
      "type": "Feature",
      "id": "PAR-H3-21",
      "geometry": {
        "type": "Polygon",
        "coordinates": [
          [
            [
              77.04817332360831,
              28.61713438735178
            ],
            [
              77.04817332360831,
              28.616932267337408
            ],
            [
              77.04840357693499,
              28.616932267337408
            ],
            [
              77.04840357693499,
              28.61713438735178
            ],
            [
              77.04817332360831,
              28.61713438735178
            ]
          ]
        ]
      },
      "properties": {
        "synthetic": true,
        "ulpin_demo": "11007510000850",
        "building_id": "BLD-0850",
        "parcel_id": "PAR-H3-21",
        "owner_fictional": "Neel Kapoor",
        "floors": 3,
        "height_m": 9.600000000000001,
        "parcel_area_m2": 506.25,
        "footprint_m2": 225
      }
    },
    {
      "type": "Feature",
      "id": "PAR-H3-31",
      "geometry": {
        "type": "Polygon",
        "coordinates": [
          [
            [
              77.04840357693499,
              28.61713438735178
            ],
            [
              77.04840357693499,
              28.616932267337408
            ],
            [
              77.04863383026168,
              28.616932267337408
            ],
            [
              77.04863383026168,
              28.61713438735178
            ],
            [
              77.04840357693499,
              28.61713438735178
            ]
          ]
        ]
      },
      "properties": {
        "synthetic": true,
        "ulpin_demo": "11007510000851",
        "building_id": "BLD-0851",
        "parcel_id": "PAR-H3-31",
        "owner_fictional": "Neel Kapoor",
        "floors": 3,
        "height_m": 9.600000000000001,
        "parcel_area_m2": 506.25,
        "footprint_m2": 216
      }
    },
    {
      "type": "Feature",
      "id": "PAR-H3-41",
      "geometry": {
        "type": "Polygon",
        "coordinates": [
          [
            [
              77.04863383026168,
              28.61713438735178
            ],
            [
              77.04863383026168,
              28.616932267337408
            ],
            [
              77.04886408358836,
              28.616932267337408
            ],
            [
              77.04886408358836,
              28.61713438735178
            ],
            [
              77.04863383026168,
              28.61713438735178
            ]
          ]
        ]
      },
      "properties": {
        "synthetic": true,
        "ulpin_demo": "11007510000852",
        "building_id": "BLD-0852",
        "parcel_id": "PAR-H3-41",
        "owner_fictional": "Kabir Nair",
        "floors": 5,
        "height_m": 16,
        "parcel_area_m2": 506.25,
        "footprint_m2": 240
      }
    },
    {
      "type": "Feature",
      "id": "PAR-H3-12",
      "geometry": {
        "type": "Polygon",
        "coordinates": [
          [
            [
              77.04794307028163,
              28.616932267337408
            ],
            [
              77.04794307028163,
              28.616730147323032
            ],
            [
              77.04817332360831,
              28.616730147323032
            ],
            [
              77.04817332360831,
              28.616932267337408
            ],
            [
              77.04794307028163,
              28.616932267337408
            ]
          ]
        ]
      },
      "properties": {
        "synthetic": true,
        "ulpin_demo": "11007510000853",
        "building_id": "BLD-0853",
        "parcel_id": "PAR-H3-12",
        "owner_fictional": "Dev Ahuja",
        "floors": 5,
        "height_m": 16,
        "parcel_area_m2": 506.25,
        "footprint_m2": 210
      }
    },
    {
      "type": "Feature",
      "id": "PAR-H3-22",
      "geometry": {
        "type": "Polygon",
        "coordinates": [
          [
            [
              77.04817332360831,
              28.616932267337408
            ],
            [
              77.04817332360831,
              28.616730147323032
            ],
            [
              77.04840357693499,
              28.616730147323032
            ],
            [
              77.04840357693499,
              28.616932267337408
            ],
            [
              77.04817332360831,
              28.616932267337408
            ]
          ]
        ]
      },
      "properties": {
        "synthetic": true,
        "ulpin_demo": "11007510000854",
        "building_id": "BLD-0854",
        "parcel_id": "PAR-H3-22",
        "owner_fictional": "Vihaan Joshi",
        "floors": 6,
        "height_m": 19.200000000000003,
        "parcel_area_m2": 506.25,
        "footprint_m2": 306
      }
    },
    {
      "type": "Feature",
      "id": "PAR-H3-32",
      "geometry": {
        "type": "Polygon",
        "coordinates": [
          [
            [
              77.04840357693499,
              28.616932267337408
            ],
            [
              77.04840357693499,
              28.616730147323032
            ],
            [
              77.04863383026168,
              28.616730147323032
            ],
            [
              77.04863383026168,
              28.616932267337408
            ],
            [
              77.04840357693499,
              28.616932267337408
            ]
          ]
        ]
      },
      "properties": {
        "synthetic": true,
        "ulpin_demo": "11007510000855",
        "building_id": "BLD-0855",
        "parcel_id": "PAR-H3-32",
        "owner_fictional": "Arjun Sinha",
        "floors": 4,
        "height_m": 12.8,
        "parcel_area_m2": 506.25,
        "footprint_m2": 204
      }
    },
    {
      "type": "Feature",
      "id": "PAR-H3-42",
      "geometry": {
        "type": "Polygon",
        "coordinates": [
          [
            [
              77.04863383026168,
              28.616932267337408
            ],
            [
              77.04863383026168,
              28.616730147323032
            ],
            [
              77.04886408358836,
              28.616730147323032
            ],
            [
              77.04886408358836,
              28.616932267337408
            ],
            [
              77.04863383026168,
              28.616932267337408
            ]
          ]
        ]
      },
      "properties": {
        "synthetic": true,
        "ulpin_demo": "11007510000856",
        "building_id": "BLD-0856",
        "parcel_id": "PAR-H3-42",
        "owner_fictional": "Arjun Sinha",
        "floors": 5,
        "height_m": 16,
        "parcel_area_m2": 506.25,
        "footprint_m2": 224
      }
    },
    {
      "type": "Feature",
      "id": "PAR-H3-13",
      "geometry": {
        "type": "Polygon",
        "coordinates": [
          [
            [
              77.04794307028163,
              28.616730147323032
            ],
            [
              77.04794307028163,
              28.61652802730866
            ],
            [
              77.04817332360831,
              28.61652802730866
            ],
            [
              77.04817332360831,
              28.616730147323032
            ],
            [
              77.04794307028163,
              28.616730147323032
            ]
          ]
        ]
      },
      "properties": {
        "synthetic": true,
        "ulpin_demo": "11007510000857",
        "building_id": "BLD-0857",
        "parcel_id": "PAR-H3-13",
        "owner_fictional": "Ishaan Verma",
        "floors": 4,
        "height_m": 12.8,
        "parcel_area_m2": 506.25,
        "footprint_m2": 156
      }
    },
    {
      "type": "Feature",
      "id": "PAR-H3-23",
      "geometry": {
        "type": "Polygon",
        "coordinates": [
          [
            [
              77.04817332360831,
              28.616730147323032
            ],
            [
              77.04817332360831,
              28.61652802730866
            ],
            [
              77.04840357693499,
              28.61652802730866
            ],
            [
              77.04840357693499,
              28.616730147323032
            ],
            [
              77.04817332360831,
              28.616730147323032
            ]
          ]
        ]
      },
      "properties": {
        "synthetic": true,
        "ulpin_demo": "11007510000858",
        "building_id": "BLD-0858",
        "parcel_id": "PAR-H3-23",
        "owner_fictional": "Neel Kapoor",
        "floors": 3,
        "height_m": 9.600000000000001,
        "parcel_area_m2": 506.25,
        "footprint_m2": 180
      }
    },
    {
      "type": "Feature",
      "id": "PAR-H3-33",
      "geometry": {
        "type": "Polygon",
        "coordinates": [
          [
            [
              77.04840357693499,
              28.616730147323032
            ],
            [
              77.04840357693499,
              28.61652802730866
            ],
            [
              77.04863383026168,
              28.61652802730866
            ],
            [
              77.04863383026168,
              28.616730147323032
            ],
            [
              77.04840357693499,
              28.616730147323032
            ]
          ]
        ]
      },
      "properties": {
        "synthetic": true,
        "ulpin_demo": "11007510000859",
        "building_id": "BLD-0859",
        "parcel_id": "PAR-H3-33",
        "owner_fictional": "Nisha Anand",
        "floors": 5,
        "height_m": 16,
        "parcel_area_m2": 506.25,
        "footprint_m2": 196
      }
    },
    {
      "type": "Feature",
      "id": "PAR-H3-43",
      "geometry": {
        "type": "Polygon",
        "coordinates": [
          [
            [
              77.04863383026168,
              28.616730147323032
            ],
            [
              77.04863383026168,
              28.61652802730866
            ],
            [
              77.04886408358836,
              28.61652802730866
            ],
            [
              77.04886408358836,
              28.616730147323032
            ],
            [
              77.04863383026168,
              28.616730147323032
            ]
          ]
        ]
      },
      "properties": {
        "synthetic": true,
        "ulpin_demo": "11007510000860",
        "building_id": "BLD-0860",
        "parcel_id": "PAR-H3-43",
        "owner_fictional": "Ananya Rao",
        "floors": 6,
        "height_m": 19.200000000000003,
        "parcel_area_m2": 506.25,
        "footprint_m2": 306
      }
    },
    {
      "type": "Feature",
      "id": "PAR-H3-14",
      "geometry": {
        "type": "Polygon",
        "coordinates": [
          [
            [
              77.04794307028163,
              28.61652802730866
            ],
            [
              77.04794307028163,
              28.61632590729429
            ],
            [
              77.04817332360831,
              28.61632590729429
            ],
            [
              77.04817332360831,
              28.61652802730866
            ],
            [
              77.04794307028163,
              28.61652802730866
            ]
          ]
        ]
      },
      "properties": {
        "synthetic": true,
        "ulpin_demo": "11007510000861",
        "building_id": "BLD-0861",
        "parcel_id": "PAR-H3-14",
        "owner_fictional": "Diya Malhotra",
        "floors": 4,
        "height_m": 12.8,
        "parcel_area_m2": 506.25,
        "footprint_m2": 240
      }
    },
    {
      "type": "Feature",
      "id": "PAR-H3-24",
      "geometry": {
        "type": "Polygon",
        "coordinates": [
          [
            [
              77.04817332360831,
              28.61652802730866
            ],
            [
              77.04817332360831,
              28.61632590729429
            ],
            [
              77.04840357693499,
              28.61632590729429
            ],
            [
              77.04840357693499,
              28.61652802730866
            ],
            [
              77.04817332360831,
              28.61652802730866
            ]
          ]
        ]
      },
      "properties": {
        "synthetic": true,
        "ulpin_demo": "11007510000862",
        "building_id": "BLD-0862",
        "parcel_id": "PAR-H3-24",
        "owner_fictional": "Riya Saxena",
        "floors": 5,
        "height_m": 16,
        "parcel_area_m2": 506.25,
        "footprint_m2": 238
      }
    },
    {
      "type": "Feature",
      "id": "PAR-H3-34",
      "geometry": {
        "type": "Polygon",
        "coordinates": [
          [
            [
              77.04840357693499,
              28.61652802730866
            ],
            [
              77.04840357693499,
              28.61632590729429
            ],
            [
              77.04863383026168,
              28.61632590729429
            ],
            [
              77.04863383026168,
              28.61652802730866
            ],
            [
              77.04840357693499,
              28.61652802730866
            ]
          ]
        ]
      },
      "properties": {
        "synthetic": true,
        "ulpin_demo": "11007510000863",
        "building_id": "BLD-0863",
        "parcel_id": "PAR-H3-34",
        "owner_fictional": "Rohan Batra",
        "floors": 5,
        "height_m": 16,
        "parcel_area_m2": 506.25,
        "footprint_m2": 240
      }
    },
    {
      "type": "Feature",
      "id": "PAR-H3-44",
      "geometry": {
        "type": "Polygon",
        "coordinates": [
          [
            [
              77.04863383026168,
              28.61652802730866
            ],
            [
              77.04863383026168,
              28.61632590729429
            ],
            [
              77.04886408358836,
              28.61632590729429
            ],
            [
              77.04886408358836,
              28.61652802730866
            ],
            [
              77.04863383026168,
              28.61652802730866
            ]
          ]
        ]
      },
      "properties": {
        "synthetic": true,
        "ulpin_demo": "11007510000864",
        "building_id": "BLD-0864",
        "parcel_id": "PAR-H3-44",
        "owner_fictional": "Sana Gill",
        "floors": 5,
        "height_m": 16,
        "parcel_area_m2": 506.25,
        "footprint_m2": 272
      }
    },
    {
      "type": "Feature",
      "id": "PAR-H4-11",
      "geometry": {
        "type": "Polygon",
        "coordinates": [
          [
            [
              77.04900735232496,
              28.61713438735178
            ],
            [
              77.04900735232496,
              28.616932267337408
            ],
            [
              77.04923760565164,
              28.616932267337408
            ],
            [
              77.04923760565164,
              28.61713438735178
            ],
            [
              77.04900735232496,
              28.61713438735178
            ]
          ]
        ]
      },
      "properties": {
        "synthetic": true,
        "ulpin_demo": "11007510000865",
        "building_id": "BLD-0865",
        "parcel_id": "PAR-H4-11",
        "owner_fictional": "Ananya Rao",
        "floors": 4,
        "height_m": 12.8,
        "parcel_area_m2": 506.25,
        "footprint_m2": 204
      }
    },
    {
      "type": "Feature",
      "id": "PAR-H4-21",
      "geometry": {
        "type": "Polygon",
        "coordinates": [
          [
            [
              77.04923760565164,
              28.61713438735178
            ],
            [
              77.04923760565164,
              28.616932267337408
            ],
            [
              77.04946785897833,
              28.616932267337408
            ],
            [
              77.04946785897833,
              28.61713438735178
            ],
            [
              77.04923760565164,
              28.61713438735178
            ]
          ]
        ]
      },
      "properties": {
        "synthetic": true,
        "ulpin_demo": "11007510000866",
        "building_id": "BLD-0866",
        "parcel_id": "PAR-H4-21",
        "owner_fictional": "Rohan Batra",
        "floors": 4,
        "height_m": 12.8,
        "parcel_area_m2": 506.25,
        "footprint_m2": 180
      }
    },
    {
      "type": "Feature",
      "id": "PAR-H4-31",
      "geometry": {
        "type": "Polygon",
        "coordinates": [
          [
            [
              77.04946785897833,
              28.61713438735178
            ],
            [
              77.04946785897833,
              28.616932267337408
            ],
            [
              77.04969811230501,
              28.616932267337408
            ],
            [
              77.04969811230501,
              28.61713438735178
            ],
            [
              77.04946785897833,
              28.61713438735178
            ]
          ]
        ]
      },
      "properties": {
        "synthetic": true,
        "ulpin_demo": "11007510000867",
        "building_id": "BLD-0867",
        "parcel_id": "PAR-H4-31",
        "owner_fictional": "Kabir Nair",
        "floors": 6,
        "height_m": 19.200000000000003,
        "parcel_area_m2": 506.25,
        "footprint_m2": 156
      }
    },
    {
      "type": "Feature",
      "id": "PAR-H4-41",
      "geometry": {
        "type": "Polygon",
        "coordinates": [
          [
            [
              77.04969811230501,
              28.61713438735178
            ],
            [
              77.04969811230501,
              28.616932267337408
            ],
            [
              77.0499283656317,
              28.616932267337408
            ],
            [
              77.0499283656317,
              28.61713438735178
            ],
            [
              77.04969811230501,
              28.61713438735178
            ]
          ]
        ]
      },
      "properties": {
        "synthetic": true,
        "ulpin_demo": "11007510000868",
        "building_id": "BLD-0868",
        "parcel_id": "PAR-H4-41",
        "owner_fictional": "Ananya Rao",
        "floors": 5,
        "height_m": 16,
        "parcel_area_m2": 506.25,
        "footprint_m2": 195
      }
    },
    {
      "type": "Feature",
      "id": "PAR-H4-12",
      "geometry": {
        "type": "Polygon",
        "coordinates": [
          [
            [
              77.04900735232496,
              28.616932267337408
            ],
            [
              77.04900735232496,
              28.616730147323032
            ],
            [
              77.04923760565164,
              28.616730147323032
            ],
            [
              77.04923760565164,
              28.616932267337408
            ],
            [
              77.04900735232496,
              28.616932267337408
            ]
          ]
        ]
      },
      "properties": {
        "synthetic": true,
        "ulpin_demo": "11007510000869",
        "building_id": "BLD-0869",
        "parcel_id": "PAR-H4-12",
        "owner_fictional": "Riya Saxena",
        "floors": 6,
        "height_m": 19.200000000000003,
        "parcel_area_m2": 506.25,
        "footprint_m2": 240
      }
    },
    {
      "type": "Feature",
      "id": "PAR-H4-22",
      "geometry": {
        "type": "Polygon",
        "coordinates": [
          [
            [
              77.04923760565164,
              28.616932267337408
            ],
            [
              77.04923760565164,
              28.616730147323032
            ],
            [
              77.04946785897833,
              28.616730147323032
            ],
            [
              77.04946785897833,
              28.616932267337408
            ],
            [
              77.04923760565164,
              28.616932267337408
            ]
          ]
        ]
      },
      "properties": {
        "synthetic": true,
        "ulpin_demo": "11007510000870",
        "building_id": "BLD-0870",
        "parcel_id": "PAR-H4-22",
        "owner_fictional": "Aarav Mehta",
        "floors": 3,
        "height_m": 9.600000000000001,
        "parcel_area_m2": 506.25,
        "footprint_m2": 238
      }
    },
    {
      "type": "Feature",
      "id": "PAR-H4-32",
      "geometry": {
        "type": "Polygon",
        "coordinates": [
          [
            [
              77.04946785897833,
              28.616932267337408
            ],
            [
              77.04946785897833,
              28.616730147323032
            ],
            [
              77.04969811230501,
              28.616730147323032
            ],
            [
              77.04969811230501,
              28.616932267337408
            ],
            [
              77.04946785897833,
              28.616932267337408
            ]
          ]
        ]
      },
      "properties": {
        "synthetic": true,
        "ulpin_demo": "11007510000871",
        "building_id": "BLD-0871",
        "parcel_id": "PAR-H4-32",
        "owner_fictional": "Rohan Batra",
        "floors": 6,
        "height_m": 19.200000000000003,
        "parcel_area_m2": 506.25,
        "footprint_m2": 238
      }
    },
    {
      "type": "Feature",
      "id": "PAR-H4-42",
      "geometry": {
        "type": "Polygon",
        "coordinates": [
          [
            [
              77.04969811230501,
              28.616932267337408
            ],
            [
              77.04969811230501,
              28.616730147323032
            ],
            [
              77.0499283656317,
              28.616730147323032
            ],
            [
              77.0499283656317,
              28.616932267337408
            ],
            [
              77.04969811230501,
              28.616932267337408
            ]
          ]
        ]
      },
      "properties": {
        "synthetic": true,
        "ulpin_demo": "11007510000872",
        "building_id": "BLD-0872",
        "parcel_id": "PAR-H4-42",
        "owner_fictional": "Aarav Mehta",
        "floors": 4,
        "height_m": 12.8,
        "parcel_area_m2": 506.25,
        "footprint_m2": 208
      }
    },
    {
      "type": "Feature",
      "id": "PAR-H4-13",
      "geometry": {
        "type": "Polygon",
        "coordinates": [
          [
            [
              77.04900735232496,
              28.616730147323032
            ],
            [
              77.04900735232496,
              28.61652802730866
            ],
            [
              77.04923760565164,
              28.61652802730866
            ],
            [
              77.04923760565164,
              28.616730147323032
            ],
            [
              77.04900735232496,
              28.616730147323032
            ]
          ]
        ]
      },
      "properties": {
        "synthetic": true,
        "ulpin_demo": "11007510000873",
        "building_id": "BLD-0873",
        "parcel_id": "PAR-H4-13",
        "owner_fictional": "Dev Ahuja",
        "floors": 5,
        "height_m": 16,
        "parcel_area_m2": 506.25,
        "footprint_m2": 272
      }
    },
    {
      "type": "Feature",
      "id": "PAR-H4-23",
      "geometry": {
        "type": "Polygon",
        "coordinates": [
          [
            [
              77.04923760565164,
              28.616730147323032
            ],
            [
              77.04923760565164,
              28.61652802730866
            ],
            [
              77.04946785897833,
              28.61652802730866
            ],
            [
              77.04946785897833,
              28.616730147323032
            ],
            [
              77.04923760565164,
              28.616730147323032
            ]
          ]
        ]
      },
      "properties": {
        "synthetic": true,
        "ulpin_demo": "11007510000874",
        "building_id": "BLD-0874",
        "parcel_id": "PAR-H4-23",
        "owner_fictional": "Tara Khanna",
        "floors": 6,
        "height_m": 19.200000000000003,
        "parcel_area_m2": 506.25,
        "footprint_m2": 196
      }
    },
    {
      "type": "Feature",
      "id": "PAR-H4-33",
      "geometry": {
        "type": "Polygon",
        "coordinates": [
          [
            [
              77.04946785897833,
              28.616730147323032
            ],
            [
              77.04946785897833,
              28.61652802730866
            ],
            [
              77.04969811230501,
              28.61652802730866
            ],
            [
              77.04969811230501,
              28.616730147323032
            ],
            [
              77.04946785897833,
              28.616730147323032
            ]
          ]
        ]
      },
      "properties": {
        "synthetic": true,
        "ulpin_demo": "11007510000875",
        "building_id": "BLD-0875",
        "parcel_id": "PAR-H4-33",
        "owner_fictional": "Rohan Batra",
        "floors": 3,
        "height_m": 9.600000000000001,
        "parcel_area_m2": 506.25,
        "footprint_m2": 234
      }
    },
    {
      "type": "Feature",
      "id": "PAR-H4-43",
      "geometry": {
        "type": "Polygon",
        "coordinates": [
          [
            [
              77.04969811230501,
              28.616730147323032
            ],
            [
              77.04969811230501,
              28.61652802730866
            ],
            [
              77.0499283656317,
              28.61652802730866
            ],
            [
              77.0499283656317,
              28.616730147323032
            ],
            [
              77.04969811230501,
              28.616730147323032
            ]
          ]
        ]
      },
      "properties": {
        "synthetic": true,
        "ulpin_demo": "11007510000876",
        "building_id": "BLD-0876",
        "parcel_id": "PAR-H4-43",
        "owner_fictional": "Meera Arora",
        "floors": 6,
        "height_m": 19.200000000000003,
        "parcel_area_m2": 506.25,
        "footprint_m2": 240
      }
    },
    {
      "type": "Feature",
      "id": "PAR-H4-14",
      "geometry": {
        "type": "Polygon",
        "coordinates": [
          [
            [
              77.04900735232496,
              28.61652802730866
            ],
            [
              77.04900735232496,
              28.61632590729429
            ],
            [
              77.04923760565164,
              28.61632590729429
            ],
            [
              77.04923760565164,
              28.61652802730866
            ],
            [
              77.04900735232496,
              28.61652802730866
            ]
          ]
        ]
      },
      "properties": {
        "synthetic": true,
        "ulpin_demo": "11007510000877",
        "building_id": "BLD-0877",
        "parcel_id": "PAR-H4-14",
        "owner_fictional": "Vihaan Joshi",
        "floors": 4,
        "height_m": 12.8,
        "parcel_area_m2": 506.25,
        "footprint_m2": 182
      }
    },
    {
      "type": "Feature",
      "id": "PAR-H4-24",
      "geometry": {
        "type": "Polygon",
        "coordinates": [
          [
            [
              77.04923760565164,
              28.61652802730866
            ],
            [
              77.04923760565164,
              28.61632590729429
            ],
            [
              77.04946785897833,
              28.61632590729429
            ],
            [
              77.04946785897833,
              28.61652802730866
            ],
            [
              77.04923760565164,
              28.61652802730866
            ]
          ]
        ]
      },
      "properties": {
        "synthetic": true,
        "ulpin_demo": "11007510000878",
        "building_id": "BLD-0878",
        "parcel_id": "PAR-H4-24",
        "owner_fictional": "Kabir Nair",
        "floors": 5,
        "height_m": 16,
        "parcel_area_m2": 506.25,
        "footprint_m2": 169
      }
    },
    {
      "type": "Feature",
      "id": "PAR-H4-34",
      "geometry": {
        "type": "Polygon",
        "coordinates": [
          [
            [
              77.04946785897833,
              28.61652802730866
            ],
            [
              77.04946785897833,
              28.61632590729429
            ],
            [
              77.04969811230501,
              28.61632590729429
            ],
            [
              77.04969811230501,
              28.61652802730866
            ],
            [
              77.04946785897833,
              28.61652802730866
            ]
          ]
        ]
      },
      "properties": {
        "synthetic": true,
        "ulpin_demo": "11007510000879",
        "building_id": "BLD-0879",
        "parcel_id": "PAR-H4-34",
        "owner_fictional": "Neel Kapoor",
        "floors": 4,
        "height_m": 12.8,
        "parcel_area_m2": 506.25,
        "footprint_m2": 255
      }
    },
    {
      "type": "Feature",
      "id": "PAR-H4-44",
      "geometry": {
        "type": "Polygon",
        "coordinates": [
          [
            [
              77.04969811230501,
              28.61652802730866
            ],
            [
              77.04969811230501,
              28.61632590729429
            ],
            [
              77.0499283656317,
              28.61632590729429
            ],
            [
              77.0499283656317,
              28.61652802730866
            ],
            [
              77.04969811230501,
              28.61652802730866
            ]
          ]
        ]
      },
      "properties": {
        "synthetic": true,
        "ulpin_demo": "11007510000880",
        "building_id": "BLD-0880",
        "parcel_id": "PAR-H4-44",
        "owner_fictional": "Ishaan Verma",
        "floors": 6,
        "height_m": 19.200000000000003,
        "parcel_area_m2": 506.25,
        "footprint_m2": 240
      }
    },
    {
      "type": "Feature",
      "id": "PAR-H5-11",
      "geometry": {
        "type": "Polygon",
        "coordinates": [
          [
            [
              77.0500716343683,
              28.61713438735178
            ],
            [
              77.0500716343683,
              28.616932267337408
            ],
            [
              77.05030188769499,
              28.616932267337408
            ],
            [
              77.05030188769499,
              28.61713438735178
            ],
            [
              77.0500716343683,
              28.61713438735178
            ]
          ]
        ]
      },
      "properties": {
        "synthetic": true,
        "ulpin_demo": "11007510000881",
        "building_id": "BLD-0881",
        "parcel_id": "PAR-H5-11",
        "owner_fictional": "Diya Malhotra",
        "floors": 5,
        "height_m": 16,
        "parcel_area_m2": 506.25,
        "footprint_m2": 210
      }
    },
    {
      "type": "Feature",
      "id": "PAR-H5-21",
      "geometry": {
        "type": "Polygon",
        "coordinates": [
          [
            [
              77.05030188769499,
              28.61713438735178
            ],
            [
              77.05030188769499,
              28.616932267337408
            ],
            [
              77.05053214102166,
              28.616932267337408
            ],
            [
              77.05053214102166,
              28.61713438735178
            ],
            [
              77.05030188769499,
              28.61713438735178
            ]
          ]
        ]
      },
      "properties": {
        "synthetic": true,
        "ulpin_demo": "11007510000882",
        "building_id": "BLD-0882",
        "parcel_id": "PAR-H5-21",
        "owner_fictional": "Kabir Nair",
        "floors": 4,
        "height_m": 12.8,
        "parcel_area_m2": 506.25,
        "footprint_m2": 168
      }
    },
    {
      "type": "Feature",
      "id": "PAR-H5-31",
      "geometry": {
        "type": "Polygon",
        "coordinates": [
          [
            [
              77.05053214102166,
              28.61713438735178
            ],
            [
              77.05053214102166,
              28.616932267337408
            ],
            [
              77.05076239434835,
              28.616932267337408
            ],
            [
              77.05076239434835,
              28.61713438735178
            ],
            [
              77.05053214102166,
              28.61713438735178
            ]
          ]
        ]
      },
      "properties": {
        "synthetic": true,
        "ulpin_demo": "11007510000883",
        "building_id": "BLD-0883",
        "parcel_id": "PAR-H5-31",
        "owner_fictional": "Ananya Rao",
        "floors": 3,
        "height_m": 9.600000000000001,
        "parcel_area_m2": 506.25,
        "footprint_m2": 289
      }
    },
    {
      "type": "Feature",
      "id": "PAR-H5-41",
      "geometry": {
        "type": "Polygon",
        "coordinates": [
          [
            [
              77.05076239434835,
              28.61713438735178
            ],
            [
              77.05076239434835,
              28.616932267337408
            ],
            [
              77.05099264767503,
              28.616932267337408
            ],
            [
              77.05099264767503,
              28.61713438735178
            ],
            [
              77.05076239434835,
              28.61713438735178
            ]
          ]
        ]
      },
      "properties": {
        "synthetic": true,
        "ulpin_demo": "11007510000884",
        "building_id": "BLD-0884",
        "parcel_id": "PAR-H5-41",
        "owner_fictional": "Diya Malhotra",
        "floors": 4,
        "height_m": 12.8,
        "parcel_area_m2": 506.25,
        "footprint_m2": 221
      }
    },
    {
      "type": "Feature",
      "id": "PAR-H5-12",
      "geometry": {
        "type": "Polygon",
        "coordinates": [
          [
            [
              77.0500716343683,
              28.616932267337408
            ],
            [
              77.0500716343683,
              28.616730147323032
            ],
            [
              77.05030188769499,
              28.616730147323032
            ],
            [
              77.05030188769499,
              28.616932267337408
            ],
            [
              77.0500716343683,
              28.616932267337408
            ]
          ]
        ]
      },
      "properties": {
        "synthetic": true,
        "ulpin_demo": "11007510000885",
        "building_id": "BLD-0885",
        "parcel_id": "PAR-H5-12",
        "owner_fictional": "Vihaan Joshi",
        "floors": 3,
        "height_m": 9.600000000000001,
        "parcel_area_m2": 506.25,
        "footprint_m2": 225
      }
    },
    {
      "type": "Feature",
      "id": "PAR-H5-22",
      "geometry": {
        "type": "Polygon",
        "coordinates": [
          [
            [
              77.05030188769499,
              28.616932267337408
            ],
            [
              77.05030188769499,
              28.616730147323032
            ],
            [
              77.05053214102166,
              28.616730147323032
            ],
            [
              77.05053214102166,
              28.616932267337408
            ],
            [
              77.05030188769499,
              28.616932267337408
            ]
          ]
        ]
      },
      "properties": {
        "synthetic": true,
        "ulpin_demo": "11007510000886",
        "building_id": "BLD-0886",
        "parcel_id": "PAR-H5-22",
        "owner_fictional": "Neel Kapoor",
        "floors": 6,
        "height_m": 19.200000000000003,
        "parcel_area_m2": 506.25,
        "footprint_m2": 204
      }
    },
    {
      "type": "Feature",
      "id": "PAR-H5-32",
      "geometry": {
        "type": "Polygon",
        "coordinates": [
          [
            [
              77.05053214102166,
              28.616932267337408
            ],
            [
              77.05053214102166,
              28.616730147323032
            ],
            [
              77.05076239434835,
              28.616730147323032
            ],
            [
              77.05076239434835,
              28.616932267337408
            ],
            [
              77.05053214102166,
              28.616932267337408
            ]
          ]
        ]
      },
      "properties": {
        "synthetic": true,
        "ulpin_demo": "11007510000887",
        "building_id": "BLD-0887",
        "parcel_id": "PAR-H5-32",
        "owner_fictional": "Arjun Sinha",
        "floors": 4,
        "height_m": 12.8,
        "parcel_area_m2": 506.25,
        "footprint_m2": 289
      }
    },
    {
      "type": "Feature",
      "id": "PAR-H5-42",
      "geometry": {
        "type": "Polygon",
        "coordinates": [
          [
            [
              77.05076239434835,
              28.616932267337408
            ],
            [
              77.05076239434835,
              28.616730147323032
            ],
            [
              77.05099264767503,
              28.616730147323032
            ],
            [
              77.05099264767503,
              28.616932267337408
            ],
            [
              77.05076239434835,
              28.616932267337408
            ]
          ]
        ]
      },
      "properties": {
        "synthetic": true,
        "ulpin_demo": "11007510000888",
        "building_id": "BLD-0888",
        "parcel_id": "PAR-H5-42",
        "owner_fictional": "Neel Kapoor",
        "floors": 3,
        "height_m": 9.600000000000001,
        "parcel_area_m2": 506.25,
        "footprint_m2": 252
      }
    },
    {
      "type": "Feature",
      "id": "PAR-H5-13",
      "geometry": {
        "type": "Polygon",
        "coordinates": [
          [
            [
              77.0500716343683,
              28.616730147323032
            ],
            [
              77.0500716343683,
              28.61652802730866
            ],
            [
              77.05030188769499,
              28.61652802730866
            ],
            [
              77.05030188769499,
              28.616730147323032
            ],
            [
              77.0500716343683,
              28.616730147323032
            ]
          ]
        ]
      },
      "properties": {
        "synthetic": true,
        "ulpin_demo": "11007510000889",
        "building_id": "BLD-0889",
        "parcel_id": "PAR-H5-13",
        "owner_fictional": "Rohan Batra",
        "floors": 5,
        "height_m": 16,
        "parcel_area_m2": 506.25,
        "footprint_m2": 289
      }
    },
    {
      "type": "Feature",
      "id": "PAR-H5-23",
      "geometry": {
        "type": "Polygon",
        "coordinates": [
          [
            [
              77.05030188769499,
              28.616730147323032
            ],
            [
              77.05030188769499,
              28.61652802730866
            ],
            [
              77.05053214102166,
              28.61652802730866
            ],
            [
              77.05053214102166,
              28.616730147323032
            ],
            [
              77.05030188769499,
              28.616730147323032
            ]
          ]
        ]
      },
      "properties": {
        "synthetic": true,
        "ulpin_demo": "11007510000890",
        "building_id": "BLD-0890",
        "parcel_id": "PAR-H5-23",
        "owner_fictional": "Tara Khanna",
        "floors": 5,
        "height_m": 16,
        "parcel_area_m2": 506.25,
        "footprint_m2": 256
      }
    },
    {
      "type": "Feature",
      "id": "PAR-H5-33",
      "geometry": {
        "type": "Polygon",
        "coordinates": [
          [
            [
              77.05053214102166,
              28.616730147323032
            ],
            [
              77.05053214102166,
              28.61652802730866
            ],
            [
              77.05076239434835,
              28.61652802730866
            ],
            [
              77.05076239434835,
              28.616730147323032
            ],
            [
              77.05053214102166,
              28.616730147323032
            ]
          ]
        ]
      },
      "properties": {
        "synthetic": true,
        "ulpin_demo": "11007510000891",
        "building_id": "BLD-0891",
        "parcel_id": "PAR-H5-33",
        "owner_fictional": "Nisha Anand",
        "floors": 4,
        "height_m": 12.8,
        "parcel_area_m2": 506.25,
        "footprint_m2": 210
      }
    },
    {
      "type": "Feature",
      "id": "PAR-H5-43",
      "geometry": {
        "type": "Polygon",
        "coordinates": [
          [
            [
              77.05076239434835,
              28.616730147323032
            ],
            [
              77.05076239434835,
              28.61652802730866
            ],
            [
              77.05099264767503,
              28.61652802730866
            ],
            [
              77.05099264767503,
              28.616730147323032
            ],
            [
              77.05076239434835,
              28.616730147323032
            ]
          ]
        ]
      },
      "properties": {
        "synthetic": true,
        "ulpin_demo": "11007510000892",
        "building_id": "BLD-0892",
        "parcel_id": "PAR-H5-43",
        "owner_fictional": "Vihaan Joshi",
        "floors": 3,
        "height_m": 9.600000000000001,
        "parcel_area_m2": 506.25,
        "footprint_m2": 195
      }
    },
    {
      "type": "Feature",
      "id": "PAR-H5-14",
      "geometry": {
        "type": "Polygon",
        "coordinates": [
          [
            [
              77.0500716343683,
              28.61652802730866
            ],
            [
              77.0500716343683,
              28.61632590729429
            ],
            [
              77.05030188769499,
              28.61632590729429
            ],
            [
              77.05030188769499,
              28.61652802730866
            ],
            [
              77.0500716343683,
              28.61652802730866
            ]
          ]
        ]
      },
      "properties": {
        "synthetic": true,
        "ulpin_demo": "11007510000893",
        "building_id": "BLD-0893",
        "parcel_id": "PAR-H5-14",
        "owner_fictional": "Aarav Mehta",
        "floors": 5,
        "height_m": 16,
        "parcel_area_m2": 506.25,
        "footprint_m2": 256
      }
    },
    {
      "type": "Feature",
      "id": "PAR-H5-24",
      "geometry": {
        "type": "Polygon",
        "coordinates": [
          [
            [
              77.05030188769499,
              28.61652802730866
            ],
            [
              77.05030188769499,
              28.61632590729429
            ],
            [
              77.05053214102166,
              28.61632590729429
            ],
            [
              77.05053214102166,
              28.61652802730866
            ],
            [
              77.05030188769499,
              28.61652802730866
            ]
          ]
        ]
      },
      "properties": {
        "synthetic": true,
        "ulpin_demo": "11007510000894",
        "building_id": "BLD-0894",
        "parcel_id": "PAR-H5-24",
        "owner_fictional": "Ishaan Verma",
        "floors": 4,
        "height_m": 12.8,
        "parcel_area_m2": 506.25,
        "footprint_m2": 234
      }
    },
    {
      "type": "Feature",
      "id": "PAR-H5-34",
      "geometry": {
        "type": "Polygon",
        "coordinates": [
          [
            [
              77.05053214102166,
              28.61652802730866
            ],
            [
              77.05053214102166,
              28.61632590729429
            ],
            [
              77.05076239434835,
              28.61632590729429
            ],
            [
              77.05076239434835,
              28.61652802730866
            ],
            [
              77.05053214102166,
              28.61652802730866
            ]
          ]
        ]
      },
      "properties": {
        "synthetic": true,
        "ulpin_demo": "11007510000895",
        "building_id": "BLD-0895",
        "parcel_id": "PAR-H5-34",
        "owner_fictional": "Neel Kapoor",
        "floors": 3,
        "height_m": 9.600000000000001,
        "parcel_area_m2": 506.25,
        "footprint_m2": 225
      }
    },
    {
      "type": "Feature",
      "id": "PAR-H5-44",
      "geometry": {
        "type": "Polygon",
        "coordinates": [
          [
            [
              77.05076239434835,
              28.61652802730866
            ],
            [
              77.05076239434835,
              28.61632590729429
            ],
            [
              77.05099264767503,
              28.61632590729429
            ],
            [
              77.05099264767503,
              28.61652802730866
            ],
            [
              77.05076239434835,
              28.61652802730866
            ]
          ]
        ]
      },
      "properties": {
        "synthetic": true,
        "ulpin_demo": "11007510000896",
        "building_id": "BLD-0896",
        "parcel_id": "PAR-H5-44",
        "owner_fictional": "Vihaan Joshi",
        "floors": 3,
        "height_m": 9.600000000000001,
        "parcel_area_m2": 506.25,
        "footprint_m2": 180
      }
    },
    {
      "type": "Feature",
      "id": "PAR-H6-11",
      "geometry": {
        "type": "Polygon",
        "coordinates": [
          [
            [
              77.05113591641164,
              28.61713438735178
            ],
            [
              77.05113591641164,
              28.616932267337408
            ],
            [
              77.05136616973832,
              28.616932267337408
            ],
            [
              77.05136616973832,
              28.61713438735178
            ],
            [
              77.05113591641164,
              28.61713438735178
            ]
          ]
        ]
      },
      "properties": {
        "synthetic": true,
        "ulpin_demo": "11007510000897",
        "building_id": "BLD-0897",
        "parcel_id": "PAR-H6-11",
        "owner_fictional": "Dev Ahuja",
        "floors": 3,
        "height_m": 9.600000000000001,
        "parcel_area_m2": 506.25,
        "footprint_m2": 196
      }
    },
    {
      "type": "Feature",
      "id": "PAR-H6-21",
      "geometry": {
        "type": "Polygon",
        "coordinates": [
          [
            [
              77.05136616973832,
              28.61713438735178
            ],
            [
              77.05136616973832,
              28.616932267337408
            ],
            [
              77.051596423065,
              28.616932267337408
            ],
            [
              77.051596423065,
              28.61713438735178
            ],
            [
              77.05136616973832,
              28.61713438735178
            ]
          ]
        ]
      },
      "properties": {
        "synthetic": true,
        "ulpin_demo": "11007510000898",
        "building_id": "BLD-0898",
        "parcel_id": "PAR-H6-21",
        "owner_fictional": "Vihaan Joshi",
        "floors": 4,
        "height_m": 12.8,
        "parcel_area_m2": 506.25,
        "footprint_m2": 234
      }
    },
    {
      "type": "Feature",
      "id": "PAR-H6-31",
      "geometry": {
        "type": "Polygon",
        "coordinates": [
          [
            [
              77.051596423065,
              28.61713438735178
            ],
            [
              77.051596423065,
              28.616932267337408
            ],
            [
              77.05182667639168,
              28.616932267337408
            ],
            [
              77.05182667639168,
              28.61713438735178
            ],
            [
              77.051596423065,
              28.61713438735178
            ]
          ]
        ]
      },
      "properties": {
        "synthetic": true,
        "ulpin_demo": "11007510000899",
        "building_id": "BLD-0899",
        "parcel_id": "PAR-H6-31",
        "owner_fictional": "Kavya Sethi",
        "floors": 6,
        "height_m": 19.200000000000003,
        "parcel_area_m2": 506.25,
        "footprint_m2": 255
      }
    },
    {
      "type": "Feature",
      "id": "PAR-H6-41",
      "geometry": {
        "type": "Polygon",
        "coordinates": [
          [
            [
              77.05182667639168,
              28.61713438735178
            ],
            [
              77.05182667639168,
              28.616932267337408
            ],
            [
              77.05205692971836,
              28.616932267337408
            ],
            [
              77.05205692971836,
              28.61713438735178
            ],
            [
              77.05182667639168,
              28.61713438735178
            ]
          ]
        ]
      },
      "properties": {
        "synthetic": true,
        "ulpin_demo": "11007510000900",
        "building_id": "BLD-0900",
        "parcel_id": "PAR-H6-41",
        "owner_fictional": "Aarav Mehta",
        "floors": 4,
        "height_m": 12.8,
        "parcel_area_m2": 506.25,
        "footprint_m2": 234
      }
    },
    {
      "type": "Feature",
      "id": "PAR-H6-12",
      "geometry": {
        "type": "Polygon",
        "coordinates": [
          [
            [
              77.05113591641164,
              28.616932267337408
            ],
            [
              77.05113591641164,
              28.616730147323032
            ],
            [
              77.05136616973832,
              28.616730147323032
            ],
            [
              77.05136616973832,
              28.616932267337408
            ],
            [
              77.05113591641164,
              28.616932267337408
            ]
          ]
        ]
      },
      "properties": {
        "synthetic": true,
        "ulpin_demo": "11007510000901",
        "building_id": "BLD-0901",
        "parcel_id": "PAR-H6-12",
        "owner_fictional": "Diya Malhotra",
        "floors": 4,
        "height_m": 12.8,
        "parcel_area_m2": 506.25,
        "footprint_m2": 289
      }
    },
    {
      "type": "Feature",
      "id": "PAR-H6-22",
      "geometry": {
        "type": "Polygon",
        "coordinates": [
          [
            [
              77.05136616973832,
              28.616932267337408
            ],
            [
              77.05136616973832,
              28.616730147323032
            ],
            [
              77.051596423065,
              28.616730147323032
            ],
            [
              77.051596423065,
              28.616932267337408
            ],
            [
              77.05136616973832,
              28.616932267337408
            ]
          ]
        ]
      },
      "properties": {
        "synthetic": true,
        "ulpin_demo": "11007510000902",
        "building_id": "BLD-0902",
        "parcel_id": "PAR-H6-22",
        "owner_fictional": "Arjun Sinha",
        "floors": 5,
        "height_m": 16,
        "parcel_area_m2": 506.25,
        "footprint_m2": 204
      }
    },
    {
      "type": "Feature",
      "id": "PAR-H6-32",
      "geometry": {
        "type": "Polygon",
        "coordinates": [
          [
            [
              77.051596423065,
              28.616932267337408
            ],
            [
              77.051596423065,
              28.616730147323032
            ],
            [
              77.05182667639168,
              28.616730147323032
            ],
            [
              77.05182667639168,
              28.616932267337408
            ],
            [
              77.051596423065,
              28.616932267337408
            ]
          ]
        ]
      },
      "properties": {
        "synthetic": true,
        "ulpin_demo": "11007510000903",
        "building_id": "BLD-0903",
        "parcel_id": "PAR-H6-32",
        "owner_fictional": "Aarav Mehta",
        "floors": 4,
        "height_m": 12.8,
        "parcel_area_m2": 506.25,
        "footprint_m2": 306
      }
    },
    {
      "type": "Feature",
      "id": "PAR-H6-42",
      "geometry": {
        "type": "Polygon",
        "coordinates": [
          [
            [
              77.05182667639168,
              28.616932267337408
            ],
            [
              77.05182667639168,
              28.616730147323032
            ],
            [
              77.05205692971836,
              28.616730147323032
            ],
            [
              77.05205692971836,
              28.616932267337408
            ],
            [
              77.05182667639168,
              28.616932267337408
            ]
          ]
        ]
      },
      "properties": {
        "synthetic": true,
        "ulpin_demo": "11007510000904",
        "building_id": "BLD-0904",
        "parcel_id": "PAR-H6-42",
        "owner_fictional": "Kabir Nair",
        "floors": 6,
        "height_m": 19.200000000000003,
        "parcel_area_m2": 506.25,
        "footprint_m2": 270
      }
    },
    {
      "type": "Feature",
      "id": "PAR-H6-13",
      "geometry": {
        "type": "Polygon",
        "coordinates": [
          [
            [
              77.05113591641164,
              28.616730147323032
            ],
            [
              77.05113591641164,
              28.61652802730866
            ],
            [
              77.05136616973832,
              28.61652802730866
            ],
            [
              77.05136616973832,
              28.616730147323032
            ],
            [
              77.05113591641164,
              28.616730147323032
            ]
          ]
        ]
      },
      "properties": {
        "synthetic": true,
        "ulpin_demo": "11007510000905",
        "building_id": "BLD-0905",
        "parcel_id": "PAR-H6-13",
        "owner_fictional": "Dev Ahuja",
        "floors": 5,
        "height_m": 16,
        "parcel_area_m2": 506.25,
        "footprint_m2": 208
      }
    },
    {
      "type": "Feature",
      "id": "PAR-H6-23",
      "geometry": {
        "type": "Polygon",
        "coordinates": [
          [
            [
              77.05136616973832,
              28.616730147323032
            ],
            [
              77.05136616973832,
              28.61652802730866
            ],
            [
              77.051596423065,
              28.61652802730866
            ],
            [
              77.051596423065,
              28.616730147323032
            ],
            [
              77.05136616973832,
              28.616730147323032
            ]
          ]
        ]
      },
      "properties": {
        "synthetic": true,
        "ulpin_demo": "11007510000906",
        "building_id": "BLD-0906",
        "parcel_id": "PAR-H6-23",
        "owner_fictional": "Rohan Batra",
        "floors": 5,
        "height_m": 16,
        "parcel_area_m2": 506.25,
        "footprint_m2": 255
      }
    },
    {
      "type": "Feature",
      "id": "PAR-H6-33",
      "geometry": {
        "type": "Polygon",
        "coordinates": [
          [
            [
              77.051596423065,
              28.616730147323032
            ],
            [
              77.051596423065,
              28.61652802730866
            ],
            [
              77.05182667639168,
              28.61652802730866
            ],
            [
              77.05182667639168,
              28.616730147323032
            ],
            [
              77.051596423065,
              28.616730147323032
            ]
          ]
        ]
      },
      "properties": {
        "synthetic": true,
        "ulpin_demo": "11007510000907",
        "building_id": "BLD-0907",
        "parcel_id": "PAR-H6-33",
        "owner_fictional": "Vihaan Joshi",
        "floors": 5,
        "height_m": 16,
        "parcel_area_m2": 506.25,
        "footprint_m2": 255
      }
    },
    {
      "type": "Feature",
      "id": "PAR-H6-43",
      "geometry": {
        "type": "Polygon",
        "coordinates": [
          [
            [
              77.05182667639168,
              28.616730147323032
            ],
            [
              77.05182667639168,
              28.61652802730866
            ],
            [
              77.05205692971836,
              28.61652802730866
            ],
            [
              77.05205692971836,
              28.616730147323032
            ],
            [
              77.05182667639168,
              28.616730147323032
            ]
          ]
        ]
      },
      "properties": {
        "synthetic": true,
        "ulpin_demo": "11007510000908",
        "building_id": "BLD-0908",
        "parcel_id": "PAR-H6-43",
        "owner_fictional": "Meera Arora",
        "floors": 4,
        "height_m": 12.8,
        "parcel_area_m2": 506.25,
        "footprint_m2": 252
      }
    },
    {
      "type": "Feature",
      "id": "PAR-H6-14",
      "geometry": {
        "type": "Polygon",
        "coordinates": [
          [
            [
              77.05113591641164,
              28.61652802730866
            ],
            [
              77.05113591641164,
              28.61632590729429
            ],
            [
              77.05136616973832,
              28.61632590729429
            ],
            [
              77.05136616973832,
              28.61652802730866
            ],
            [
              77.05113591641164,
              28.61652802730866
            ]
          ]
        ]
      },
      "properties": {
        "synthetic": true,
        "ulpin_demo": "11007510000909",
        "building_id": "BLD-0909",
        "parcel_id": "PAR-H6-14",
        "owner_fictional": "Neel Kapoor",
        "floors": 6,
        "height_m": 19.200000000000003,
        "parcel_area_m2": 506.25,
        "footprint_m2": 195
      }
    },
    {
      "type": "Feature",
      "id": "PAR-H6-24",
      "geometry": {
        "type": "Polygon",
        "coordinates": [
          [
            [
              77.05136616973832,
              28.61652802730866
            ],
            [
              77.05136616973832,
              28.61632590729429
            ],
            [
              77.051596423065,
              28.61632590729429
            ],
            [
              77.051596423065,
              28.61652802730866
            ],
            [
              77.05136616973832,
              28.61652802730866
            ]
          ]
        ]
      },
      "properties": {
        "synthetic": true,
        "ulpin_demo": "11007510000910",
        "building_id": "BLD-0910",
        "parcel_id": "PAR-H6-24",
        "owner_fictional": "Ishaan Verma",
        "floors": 3,
        "height_m": 9.600000000000001,
        "parcel_area_m2": 506.25,
        "footprint_m2": 168
      }
    },
    {
      "type": "Feature",
      "id": "PAR-H6-34",
      "geometry": {
        "type": "Polygon",
        "coordinates": [
          [
            [
              77.051596423065,
              28.61652802730866
            ],
            [
              77.051596423065,
              28.61632590729429
            ],
            [
              77.05182667639168,
              28.61632590729429
            ],
            [
              77.05182667639168,
              28.61652802730866
            ],
            [
              77.051596423065,
              28.61652802730866
            ]
          ]
        ]
      },
      "properties": {
        "synthetic": true,
        "ulpin_demo": "11007510000911",
        "building_id": "BLD-0911",
        "parcel_id": "PAR-H6-34",
        "owner_fictional": "Riya Saxena",
        "floors": 5,
        "height_m": 16,
        "parcel_area_m2": 506.25,
        "footprint_m2": 270
      }
    },
    {
      "type": "Feature",
      "id": "PAR-H6-44",
      "geometry": {
        "type": "Polygon",
        "coordinates": [
          [
            [
              77.05182667639168,
              28.61652802730866
            ],
            [
              77.05182667639168,
              28.61632590729429
            ],
            [
              77.05205692971836,
              28.61632590729429
            ],
            [
              77.05205692971836,
              28.61652802730866
            ],
            [
              77.05182667639168,
              28.61652802730866
            ]
          ]
        ]
      },
      "properties": {
        "synthetic": true,
        "ulpin_demo": "11007510000912",
        "building_id": "BLD-0912",
        "parcel_id": "PAR-H6-44",
        "owner_fictional": "Rohan Batra",
        "floors": 6,
        "height_m": 19.200000000000003,
        "parcel_area_m2": 506.25,
        "footprint_m2": 240
      }
    },
    {
      "type": "Feature",
      "id": "PAR-H7-11",
      "geometry": {
        "type": "Polygon",
        "coordinates": [
          [
            [
              77.05220019845497,
              28.61713438735178
            ],
            [
              77.05220019845497,
              28.616932267337408
            ],
            [
              77.05243045178166,
              28.616932267337408
            ],
            [
              77.05243045178166,
              28.61713438735178
            ],
            [
              77.05220019845497,
              28.61713438735178
            ]
          ]
        ]
      },
      "properties": {
        "synthetic": true,
        "ulpin_demo": "11007510000913",
        "building_id": "BLD-0913",
        "parcel_id": "PAR-H7-11",
        "owner_fictional": "Arjun Sinha",
        "floors": 4,
        "height_m": 12.8,
        "parcel_area_m2": 506.25,
        "footprint_m2": 210
      }
    },
    {
      "type": "Feature",
      "id": "PAR-H7-21",
      "geometry": {
        "type": "Polygon",
        "coordinates": [
          [
            [
              77.05243045178166,
              28.61713438735178
            ],
            [
              77.05243045178166,
              28.616932267337408
            ],
            [
              77.05266070510834,
              28.616932267337408
            ],
            [
              77.05266070510834,
              28.61713438735178
            ],
            [
              77.05243045178166,
              28.61713438735178
            ]
          ]
        ]
      },
      "properties": {
        "synthetic": true,
        "ulpin_demo": "11007510000914",
        "building_id": "BLD-0914",
        "parcel_id": "PAR-H7-21",
        "owner_fictional": "Nisha Anand",
        "floors": 4,
        "height_m": 12.8,
        "parcel_area_m2": 506.25,
        "footprint_m2": 192
      }
    },
    {
      "type": "Feature",
      "id": "PAR-H7-31",
      "geometry": {
        "type": "Polygon",
        "coordinates": [
          [
            [
              77.05266070510834,
              28.61713438735178
            ],
            [
              77.05266070510834,
              28.616932267337408
            ],
            [
              77.05289095843501,
              28.616932267337408
            ],
            [
              77.05289095843501,
              28.61713438735178
            ],
            [
              77.05266070510834,
              28.61713438735178
            ]
          ]
        ]
      },
      "properties": {
        "synthetic": true,
        "ulpin_demo": "11007510000915",
        "building_id": "BLD-0915",
        "parcel_id": "PAR-H7-31",
        "owner_fictional": "Vihaan Joshi",
        "floors": 6,
        "height_m": 19.200000000000003,
        "parcel_area_m2": 506.25,
        "footprint_m2": 169
      }
    },
    {
      "type": "Feature",
      "id": "PAR-H7-41",
      "geometry": {
        "type": "Polygon",
        "coordinates": [
          [
            [
              77.05289095843501,
              28.61713438735178
            ],
            [
              77.05289095843501,
              28.616932267337408
            ],
            [
              77.0531212117617,
              28.616932267337408
            ],
            [
              77.0531212117617,
              28.61713438735178
            ],
            [
              77.05289095843501,
              28.61713438735178
            ]
          ]
        ]
      },
      "properties": {
        "synthetic": true,
        "ulpin_demo": "11007510000916",
        "building_id": "BLD-0916",
        "parcel_id": "PAR-H7-41",
        "owner_fictional": "Rohan Batra",
        "floors": 4,
        "height_m": 12.8,
        "parcel_area_m2": 506.25,
        "footprint_m2": 256
      }
    },
    {
      "type": "Feature",
      "id": "PAR-H7-12",
      "geometry": {
        "type": "Polygon",
        "coordinates": [
          [
            [
              77.05220019845497,
              28.616932267337408
            ],
            [
              77.05220019845497,
              28.616730147323032
            ],
            [
              77.05243045178166,
              28.616730147323032
            ],
            [
              77.05243045178166,
              28.616932267337408
            ],
            [
              77.05220019845497,
              28.616932267337408
            ]
          ]
        ]
      },
      "properties": {
        "synthetic": true,
        "ulpin_demo": "11007510000917",
        "building_id": "BLD-0917",
        "parcel_id": "PAR-H7-12",
        "owner_fictional": "Diya Malhotra",
        "floors": 5,
        "height_m": 16,
        "parcel_area_m2": 506.25,
        "footprint_m2": 204
      }
    },
    {
      "type": "Feature",
      "id": "PAR-H7-22",
      "geometry": {
        "type": "Polygon",
        "coordinates": [
          [
            [
              77.05243045178166,
              28.616932267337408
            ],
            [
              77.05243045178166,
              28.616730147323032
            ],
            [
              77.05266070510834,
              28.616730147323032
            ],
            [
              77.05266070510834,
              28.616932267337408
            ],
            [
              77.05243045178166,
              28.616932267337408
            ]
          ]
        ]
      },
      "properties": {
        "synthetic": true,
        "ulpin_demo": "11007510000918",
        "building_id": "BLD-0918",
        "parcel_id": "PAR-H7-22",
        "owner_fictional": "Kavya Sethi",
        "floors": 3,
        "height_m": 9.600000000000001,
        "parcel_area_m2": 506.25,
        "footprint_m2": 195
      }
    },
    {
      "type": "Feature",
      "id": "PAR-H7-32",
      "geometry": {
        "type": "Polygon",
        "coordinates": [
          [
            [
              77.05266070510834,
              28.616932267337408
            ],
            [
              77.05266070510834,
              28.616730147323032
            ],
            [
              77.05289095843501,
              28.616730147323032
            ],
            [
              77.05289095843501,
              28.616932267337408
            ],
            [
              77.05266070510834,
              28.616932267337408
            ]
          ]
        ]
      },
      "properties": {
        "synthetic": true,
        "ulpin_demo": "11007510000919",
        "building_id": "BLD-0919",
        "parcel_id": "PAR-H7-32",
        "owner_fictional": "Sana Gill",
        "floors": 3,
        "height_m": 9.600000000000001,
        "parcel_area_m2": 506.25,
        "footprint_m2": 288
      }
    },
    {
      "type": "Feature",
      "id": "PAR-H7-42",
      "geometry": {
        "type": "Polygon",
        "coordinates": [
          [
            [
              77.05289095843501,
              28.616932267337408
            ],
            [
              77.05289095843501,
              28.616730147323032
            ],
            [
              77.0531212117617,
              28.616730147323032
            ],
            [
              77.0531212117617,
              28.616932267337408
            ],
            [
              77.05289095843501,
              28.616932267337408
            ]
          ]
        ]
      },
      "properties": {
        "synthetic": true,
        "ulpin_demo": "11007510000920",
        "building_id": "BLD-0920",
        "parcel_id": "PAR-H7-42",
        "owner_fictional": "Kabir Nair",
        "floors": 3,
        "height_m": 9.600000000000001,
        "parcel_area_m2": 506.25,
        "footprint_m2": 208
      }
    },
    {
      "type": "Feature",
      "id": "PAR-H7-13",
      "geometry": {
        "type": "Polygon",
        "coordinates": [
          [
            [
              77.05220019845497,
              28.616730147323032
            ],
            [
              77.05220019845497,
              28.61652802730866
            ],
            [
              77.05243045178166,
              28.61652802730866
            ],
            [
              77.05243045178166,
              28.616730147323032
            ],
            [
              77.05220019845497,
              28.616730147323032
            ]
          ]
        ]
      },
      "properties": {
        "synthetic": true,
        "ulpin_demo": "11007510000921",
        "building_id": "BLD-0921",
        "parcel_id": "PAR-H7-13",
        "owner_fictional": "Tara Khanna",
        "floors": 3,
        "height_m": 9.600000000000001,
        "parcel_area_m2": 506.25,
        "footprint_m2": 270
      }
    },
    {
      "type": "Feature",
      "id": "PAR-H7-23",
      "geometry": {
        "type": "Polygon",
        "coordinates": [
          [
            [
              77.05243045178166,
              28.616730147323032
            ],
            [
              77.05243045178166,
              28.61652802730866
            ],
            [
              77.05266070510834,
              28.61652802730866
            ],
            [
              77.05266070510834,
              28.616730147323032
            ],
            [
              77.05243045178166,
              28.616730147323032
            ]
          ]
        ]
      },
      "properties": {
        "synthetic": true,
        "ulpin_demo": "11007510000922",
        "building_id": "BLD-0922",
        "parcel_id": "PAR-H7-23",
        "owner_fictional": "Kavya Sethi",
        "floors": 5,
        "height_m": 16,
        "parcel_area_m2": 506.25,
        "footprint_m2": 196
      }
    },
    {
      "type": "Feature",
      "id": "PAR-H7-33",
      "geometry": {
        "type": "Polygon",
        "coordinates": [
          [
            [
              77.05266070510834,
              28.616730147323032
            ],
            [
              77.05266070510834,
              28.61652802730866
            ],
            [
              77.05289095843501,
              28.61652802730866
            ],
            [
              77.05289095843501,
              28.616730147323032
            ],
            [
              77.05266070510834,
              28.616730147323032
            ]
          ]
        ]
      },
      "properties": {
        "synthetic": true,
        "ulpin_demo": "11007510000923",
        "building_id": "BLD-0923",
        "parcel_id": "PAR-H7-33",
        "owner_fictional": "Neel Kapoor",
        "floors": 5,
        "height_m": 16,
        "parcel_area_m2": 506.25,
        "footprint_m2": 238
      }
    },
    {
      "type": "Feature",
      "id": "PAR-H7-43",
      "geometry": {
        "type": "Polygon",
        "coordinates": [
          [
            [
              77.05289095843501,
              28.616730147323032
            ],
            [
              77.05289095843501,
              28.61652802730866
            ],
            [
              77.0531212117617,
              28.61652802730866
            ],
            [
              77.0531212117617,
              28.616730147323032
            ],
            [
              77.05289095843501,
              28.616730147323032
            ]
          ]
        ]
      },
      "properties": {
        "synthetic": true,
        "ulpin_demo": "11007510000924",
        "building_id": "BLD-0924",
        "parcel_id": "PAR-H7-43",
        "owner_fictional": "Tara Khanna",
        "floors": 4,
        "height_m": 12.8,
        "parcel_area_m2": 506.25,
        "footprint_m2": 255
      }
    },
    {
      "type": "Feature",
      "id": "PAR-H7-14",
      "geometry": {
        "type": "Polygon",
        "coordinates": [
          [
            [
              77.05220019845497,
              28.61652802730866
            ],
            [
              77.05220019845497,
              28.61632590729429
            ],
            [
              77.05243045178166,
              28.61632590729429
            ],
            [
              77.05243045178166,
              28.61652802730866
            ],
            [
              77.05220019845497,
              28.61652802730866
            ]
          ]
        ]
      },
      "properties": {
        "synthetic": true,
        "ulpin_demo": "11007510000925",
        "building_id": "BLD-0925",
        "parcel_id": "PAR-H7-14",
        "owner_fictional": "Tara Khanna",
        "floors": 3,
        "height_m": 9.600000000000001,
        "parcel_area_m2": 506.25,
        "footprint_m2": 238
      }
    },
    {
      "type": "Feature",
      "id": "PAR-H7-24",
      "geometry": {
        "type": "Polygon",
        "coordinates": [
          [
            [
              77.05243045178166,
              28.61652802730866
            ],
            [
              77.05243045178166,
              28.61632590729429
            ],
            [
              77.05266070510834,
              28.61632590729429
            ],
            [
              77.05266070510834,
              28.61652802730866
            ],
            [
              77.05243045178166,
              28.61652802730866
            ]
          ]
        ]
      },
      "properties": {
        "synthetic": true,
        "ulpin_demo": "11007510000926",
        "building_id": "BLD-0926",
        "parcel_id": "PAR-H7-24",
        "owner_fictional": "Sana Gill",
        "floors": 3,
        "height_m": 9.600000000000001,
        "parcel_area_m2": 506.25,
        "footprint_m2": 168
      }
    },
    {
      "type": "Feature",
      "id": "PAR-H7-34",
      "geometry": {
        "type": "Polygon",
        "coordinates": [
          [
            [
              77.05266070510834,
              28.61652802730866
            ],
            [
              77.05266070510834,
              28.61632590729429
            ],
            [
              77.05289095843501,
              28.61632590729429
            ],
            [
              77.05289095843501,
              28.61652802730866
            ],
            [
              77.05266070510834,
              28.61652802730866
            ]
          ]
        ]
      },
      "properties": {
        "synthetic": true,
        "ulpin_demo": "11007510000927",
        "building_id": "BLD-0927",
        "parcel_id": "PAR-H7-34",
        "owner_fictional": "Riya Saxena",
        "floors": 6,
        "height_m": 19.200000000000003,
        "parcel_area_m2": 506.25,
        "footprint_m2": 168
      }
    },
    {
      "type": "Feature",
      "id": "PAR-H7-44",
      "geometry": {
        "type": "Polygon",
        "coordinates": [
          [
            [
              77.05289095843501,
              28.61652802730866
            ],
            [
              77.05289095843501,
              28.61632590729429
            ],
            [
              77.0531212117617,
              28.61632590729429
            ],
            [
              77.0531212117617,
              28.61652802730866
            ],
            [
              77.05289095843501,
              28.61652802730866
            ]
          ]
        ]
      },
      "properties": {
        "synthetic": true,
        "ulpin_demo": "11007510000928",
        "building_id": "BLD-0928",
        "parcel_id": "PAR-H7-44",
        "owner_fictional": "Nisha Anand",
        "floors": 5,
        "height_m": 16,
        "parcel_area_m2": 506.25,
        "footprint_m2": 208
      }
    },
    {
      "type": "Feature",
      "id": "PAR-H8-11",
      "geometry": {
        "type": "Polygon",
        "coordinates": [
          [
            [
              77.0532644804983,
              28.61713438735178
            ],
            [
              77.0532644804983,
              28.616932267337408
            ],
            [
              77.05349473382499,
              28.616932267337408
            ],
            [
              77.05349473382499,
              28.61713438735178
            ],
            [
              77.0532644804983,
              28.61713438735178
            ]
          ]
        ]
      },
      "properties": {
        "synthetic": true,
        "ulpin_demo": "11007510000929",
        "building_id": "BLD-0929",
        "parcel_id": "PAR-H8-11",
        "owner_fictional": "Ishaan Verma",
        "floors": 6,
        "height_m": 19.200000000000003,
        "parcel_area_m2": 506.25,
        "footprint_m2": 196
      }
    },
    {
      "type": "Feature",
      "id": "PAR-H8-21",
      "geometry": {
        "type": "Polygon",
        "coordinates": [
          [
            [
              77.05349473382499,
              28.61713438735178
            ],
            [
              77.05349473382499,
              28.616932267337408
            ],
            [
              77.05372498715167,
              28.616932267337408
            ],
            [
              77.05372498715167,
              28.61713438735178
            ],
            [
              77.05349473382499,
              28.61713438735178
            ]
          ]
        ]
      },
      "properties": {
        "synthetic": true,
        "ulpin_demo": "11007510000930",
        "building_id": "BLD-0930",
        "parcel_id": "PAR-H8-21",
        "owner_fictional": "Meera Arora",
        "floors": 4,
        "height_m": 12.8,
        "parcel_area_m2": 506.25,
        "footprint_m2": 255
      }
    },
    {
      "type": "Feature",
      "id": "PAR-H8-31",
      "geometry": {
        "type": "Polygon",
        "coordinates": [
          [
            [
              77.05372498715167,
              28.61713438735178
            ],
            [
              77.05372498715167,
              28.616932267337408
            ],
            [
              77.05395524047836,
              28.616932267337408
            ],
            [
              77.05395524047836,
              28.61713438735178
            ],
            [
              77.05372498715167,
              28.61713438735178
            ]
          ]
        ]
      },
      "properties": {
        "synthetic": true,
        "ulpin_demo": "11007510000931",
        "building_id": "BLD-0931",
        "parcel_id": "PAR-H8-31",
        "owner_fictional": "Tara Khanna",
        "floors": 5,
        "height_m": 16,
        "parcel_area_m2": 506.25,
        "footprint_m2": 289
      }
    },
    {
      "type": "Feature",
      "id": "PAR-H8-41",
      "geometry": {
        "type": "Polygon",
        "coordinates": [
          [
            [
              77.05395524047836,
              28.61713438735178
            ],
            [
              77.05395524047836,
              28.616932267337408
            ],
            [
              77.05418549380504,
              28.616932267337408
            ],
            [
              77.05418549380504,
              28.61713438735178
            ],
            [
              77.05395524047836,
              28.61713438735178
            ]
          ]
        ]
      },
      "properties": {
        "synthetic": true,
        "ulpin_demo": "11007510000932",
        "building_id": "BLD-0932",
        "parcel_id": "PAR-H8-41",
        "owner_fictional": "Rohan Batra",
        "floors": 3,
        "height_m": 9.600000000000001,
        "parcel_area_m2": 506.25,
        "footprint_m2": 221
      }
    },
    {
      "type": "Feature",
      "id": "PAR-H8-12",
      "geometry": {
        "type": "Polygon",
        "coordinates": [
          [
            [
              77.0532644804983,
              28.616932267337408
            ],
            [
              77.0532644804983,
              28.616730147323032
            ],
            [
              77.05349473382499,
              28.616730147323032
            ],
            [
              77.05349473382499,
              28.616932267337408
            ],
            [
              77.0532644804983,
              28.616932267337408
            ]
          ]
        ]
      },
      "properties": {
        "synthetic": true,
        "ulpin_demo": "11007510000933",
        "building_id": "BLD-0933",
        "parcel_id": "PAR-H8-12",
        "owner_fictional": "Diya Malhotra",
        "floors": 5,
        "height_m": 16,
        "parcel_area_m2": 506.25,
        "footprint_m2": 168
      }
    },
    {
      "type": "Feature",
      "id": "PAR-H8-22",
      "geometry": {
        "type": "Polygon",
        "coordinates": [
          [
            [
              77.05349473382499,
              28.616932267337408
            ],
            [
              77.05349473382499,
              28.616730147323032
            ],
            [
              77.05372498715167,
              28.616730147323032
            ],
            [
              77.05372498715167,
              28.616932267337408
            ],
            [
              77.05349473382499,
              28.616932267337408
            ]
          ]
        ]
      },
      "properties": {
        "synthetic": true,
        "ulpin_demo": "11007510000934",
        "building_id": "BLD-0934",
        "parcel_id": "PAR-H8-22",
        "owner_fictional": "Vihaan Joshi",
        "floors": 5,
        "height_m": 16,
        "parcel_area_m2": 506.25,
        "footprint_m2": 288
      }
    },
    {
      "type": "Feature",
      "id": "PAR-H8-32",
      "geometry": {
        "type": "Polygon",
        "coordinates": [
          [
            [
              77.05372498715167,
              28.616932267337408
            ],
            [
              77.05372498715167,
              28.616730147323032
            ],
            [
              77.05395524047836,
              28.616730147323032
            ],
            [
              77.05395524047836,
              28.616932267337408
            ],
            [
              77.05372498715167,
              28.616932267337408
            ]
          ]
        ]
      },
      "properties": {
        "synthetic": true,
        "ulpin_demo": "11007510000935",
        "building_id": "BLD-0935",
        "parcel_id": "PAR-H8-32",
        "owner_fictional": "Sana Gill",
        "floors": 3,
        "height_m": 9.600000000000001,
        "parcel_area_m2": 506.25,
        "footprint_m2": 272
      }
    },
    {
      "type": "Feature",
      "id": "PAR-H8-42",
      "geometry": {
        "type": "Polygon",
        "coordinates": [
          [
            [
              77.05395524047836,
              28.616932267337408
            ],
            [
              77.05395524047836,
              28.616730147323032
            ],
            [
              77.05418549380504,
              28.616730147323032
            ],
            [
              77.05418549380504,
              28.616932267337408
            ],
            [
              77.05395524047836,
              28.616932267337408
            ]
          ]
        ]
      },
      "properties": {
        "synthetic": true,
        "ulpin_demo": "11007510000936",
        "building_id": "BLD-0936",
        "parcel_id": "PAR-H8-42",
        "owner_fictional": "Tara Khanna",
        "floors": 3,
        "height_m": 9.600000000000001,
        "parcel_area_m2": 506.25,
        "footprint_m2": 195
      }
    },
    {
      "type": "Feature",
      "id": "PAR-H8-13",
      "geometry": {
        "type": "Polygon",
        "coordinates": [
          [
            [
              77.0532644804983,
              28.616730147323032
            ],
            [
              77.0532644804983,
              28.61652802730866
            ],
            [
              77.05349473382499,
              28.61652802730866
            ],
            [
              77.05349473382499,
              28.616730147323032
            ],
            [
              77.0532644804983,
              28.616730147323032
            ]
          ]
        ]
      },
      "properties": {
        "synthetic": true,
        "ulpin_demo": "11007510000937",
        "building_id": "BLD-0937",
        "parcel_id": "PAR-H8-13",
        "owner_fictional": "Aarav Mehta",
        "floors": 6,
        "height_m": 19.200000000000003,
        "parcel_area_m2": 506.25,
        "footprint_m2": 252
      }
    },
    {
      "type": "Feature",
      "id": "PAR-H8-23",
      "geometry": {
        "type": "Polygon",
        "coordinates": [
          [
            [
              77.05349473382499,
              28.616730147323032
            ],
            [
              77.05349473382499,
              28.61652802730866
            ],
            [
              77.05372498715167,
              28.61652802730866
            ],
            [
              77.05372498715167,
              28.616730147323032
            ],
            [
              77.05349473382499,
              28.616730147323032
            ]
          ]
        ]
      },
      "properties": {
        "synthetic": true,
        "ulpin_demo": "11007510000938",
        "building_id": "BLD-0938",
        "parcel_id": "PAR-H8-23",
        "owner_fictional": "Tara Khanna",
        "floors": 5,
        "height_m": 16,
        "parcel_area_m2": 506.25,
        "footprint_m2": 221
      }
    },
    {
      "type": "Feature",
      "id": "PAR-H8-33",
      "geometry": {
        "type": "Polygon",
        "coordinates": [
          [
            [
              77.05372498715167,
              28.616730147323032
            ],
            [
              77.05372498715167,
              28.61652802730866
            ],
            [
              77.05395524047836,
              28.61652802730866
            ],
            [
              77.05395524047836,
              28.616730147323032
            ],
            [
              77.05372498715167,
              28.616730147323032
            ]
          ]
        ]
      },
      "properties": {
        "synthetic": true,
        "ulpin_demo": "11007510000939",
        "building_id": "BLD-0939",
        "parcel_id": "PAR-H8-33",
        "owner_fictional": "Meera Arora",
        "floors": 5,
        "height_m": 16,
        "parcel_area_m2": 506.25,
        "footprint_m2": 182
      }
    },
    {
      "type": "Feature",
      "id": "PAR-H8-43",
      "geometry": {
        "type": "Polygon",
        "coordinates": [
          [
            [
              77.05395524047836,
              28.616730147323032
            ],
            [
              77.05395524047836,
              28.61652802730866
            ],
            [
              77.05418549380504,
              28.61652802730866
            ],
            [
              77.05418549380504,
              28.616730147323032
            ],
            [
              77.05395524047836,
              28.616730147323032
            ]
          ]
        ]
      },
      "properties": {
        "synthetic": true,
        "ulpin_demo": "11007510000940",
        "building_id": "BLD-0940",
        "parcel_id": "PAR-H8-43",
        "owner_fictional": "Arjun Sinha",
        "floors": 3,
        "height_m": 9.600000000000001,
        "parcel_area_m2": 506.25,
        "footprint_m2": 234
      }
    },
    {
      "type": "Feature",
      "id": "PAR-H8-14",
      "geometry": {
        "type": "Polygon",
        "coordinates": [
          [
            [
              77.0532644804983,
              28.61652802730866
            ],
            [
              77.0532644804983,
              28.61632590729429
            ],
            [
              77.05349473382499,
              28.61632590729429
            ],
            [
              77.05349473382499,
              28.61652802730866
            ],
            [
              77.0532644804983,
              28.61652802730866
            ]
          ]
        ]
      },
      "properties": {
        "synthetic": true,
        "ulpin_demo": "11007510000941",
        "building_id": "BLD-0941",
        "parcel_id": "PAR-H8-14",
        "owner_fictional": "Ishaan Verma",
        "floors": 3,
        "height_m": 9.600000000000001,
        "parcel_area_m2": 506.25,
        "footprint_m2": 306
      }
    },
    {
      "type": "Feature",
      "id": "PAR-H8-24",
      "geometry": {
        "type": "Polygon",
        "coordinates": [
          [
            [
              77.05349473382499,
              28.61652802730866
            ],
            [
              77.05349473382499,
              28.61632590729429
            ],
            [
              77.05372498715167,
              28.61632590729429
            ],
            [
              77.05372498715167,
              28.61652802730866
            ],
            [
              77.05349473382499,
              28.61652802730866
            ]
          ]
        ]
      },
      "properties": {
        "synthetic": true,
        "ulpin_demo": "11007510000942",
        "building_id": "BLD-0942",
        "parcel_id": "PAR-H8-24",
        "owner_fictional": "Dev Ahuja",
        "floors": 6,
        "height_m": 19.200000000000003,
        "parcel_area_m2": 506.25,
        "footprint_m2": 289
      }
    },
    {
      "type": "Feature",
      "id": "PAR-H8-34",
      "geometry": {
        "type": "Polygon",
        "coordinates": [
          [
            [
              77.05372498715167,
              28.61652802730866
            ],
            [
              77.05372498715167,
              28.61632590729429
            ],
            [
              77.05395524047836,
              28.61632590729429
            ],
            [
              77.05395524047836,
              28.61652802730866
            ],
            [
              77.05372498715167,
              28.61652802730866
            ]
          ]
        ]
      },
      "properties": {
        "synthetic": true,
        "ulpin_demo": "11007510000943",
        "building_id": "BLD-0943",
        "parcel_id": "PAR-H8-34",
        "owner_fictional": "Vihaan Joshi",
        "floors": 3,
        "height_m": 9.600000000000001,
        "parcel_area_m2": 506.25,
        "footprint_m2": 255
      }
    },
    {
      "type": "Feature",
      "id": "PAR-H8-44",
      "geometry": {
        "type": "Polygon",
        "coordinates": [
          [
            [
              77.05395524047836,
              28.61652802730866
            ],
            [
              77.05395524047836,
              28.61632590729429
            ],
            [
              77.05418549380504,
              28.61632590729429
            ],
            [
              77.05418549380504,
              28.61652802730866
            ],
            [
              77.05395524047836,
              28.61652802730866
            ]
          ]
        ]
      },
      "properties": {
        "synthetic": true,
        "ulpin_demo": "11007510000944",
        "building_id": "BLD-0944",
        "parcel_id": "PAR-H8-44",
        "owner_fictional": "Kabir Nair",
        "floors": 4,
        "height_m": 12.8,
        "parcel_area_m2": 506.25,
        "footprint_m2": 306
      }
    }
  ]
}